ENROLLMENT ID,ASSOCIATE ID,ORGANIZATION NAME,ASSOCIATE ID - OWNER,TYPE - OWNER,ROLE CODE - OWNER,ROLE TEXT - OWNER,ASSOCIATION DATE - OWNER,FIRST NAME - OWNER,MIDDLE NAME - OWNER,LAST NAME - OWNER,TITLE - OWNER,ORGANIZATION NAME - OWNER,DOING BUSINESS AS NAME - OWNER,ADDRESS LINE 1 - OWNER,ADDRESS LINE 2 - OWNER,CITY - OWNER,STATE - OWNER,ZIP CODE - OWNER,PERCENTAGE OWNERSHIP,CREATED FOR ACQUISITION - OWNER,CORPORATION - OWNER,LLC - OWNER,MEDICAL PROVIDER SUPPLIER - OWNER,MANAGEMENT SERVICES COMPANY - OWNER,MEDICAL STAFFING COMPANY - OWNER,HOLDING COMPANY - OWNER,INVESTMENT FIRM - OWNER,FINANCIAL INSTITUTION - OWNER,CONSULTING FIRM - OWNER,FOR PROFIT - OWNER,NON PROFIT - OWNER,PRIVATE EQUITY COMPANY - OWNER,REIT - OWNER,CHAIN HOME OFFICE - OWNER,TRUST OR TRUSTEE - OWNER,OTHER TYPE - OWNER,OTHER TYPE TEXT - OWNER,PARENT COMPANY - OWNER,OWNED BY ANOTHER ORG OR IND - OWNER
O20020801000000,6103733167,WINDSOR POINT INC.,0143493197,O,72,ADP OF THE SNF,1998-03-28,,,,,"WINDSOR POINT PHARMACY, INC.",WINDSOR POINT PHARMACY  INC,581 GUY RD,STE 102,CLAYTON,NC,275205122,,,Y,N,N,N,N,N,N,N,N,N,N,,,,,N,,,
O20020801000000,6103733167,WINDSOR POINT INC.,1355827130,O,72,ADP OF THE SNF,2012-12-22,,,,,SHERRILL INVESTMENT HOLDINGS LLC,,205 FLORIDA AVE,,CAROLINA BEACH,NC,284285804,,,N,Y,N,N,N,N,N,N,N,N,N,,,,,N,,,
O20020801000000,6103733167,WINDSOR POINT INC.,2163339722,O,72,ADP OF THE SNF,2011-07-01,,,,,LEGACY HEALTHCARE SERVICES INC,LEGACY REHABILITATION SERVICES INC,110 HORIZON DR,STE 310,RALEIGH,NC,276154926,,,Y,N,N,N,N,N,N,N,N,N,N,,,,,N,,,
O20020801000000,6103733167,WINDSOR POINT INC.,4183100969,O,72,ADP OF THE SNF,2010-01-01,,,,,SETH A WARD CPA PLLC,,PO BOX 1015,,MOREHEAD CITY,NC,285571015,,,N,Y,N,N,N,N,N,N,N,N,N,,,,,N,,,
O20020801000000,6103733167,WINDSOR POINT INC.,4688150451,O,36,5% OR GREATER MORTGAGE INTEREST,1995-07-07,,,,,STAN JOHNSON AND ASSOCIATE LLC,,1221 BROAD ST,,FUQUAY VARINA,NC,275263602,100,N,N,Y,N,N,N,N,N,N,N,N,N,,,,,N,,N,Y
O20020801000000,6103733167,WINDSOR POINT INC.,4688150451,O,37,5% OR GREATER SECURITY INTEREST,1995-07-07,,,,,STAN JOHNSON AND ASSOCIATE LLC,,1221 BROAD ST,,FUQUAY VARINA,NC,275263602,100,N,N,Y,N,N,N,N,N,N,N,N,N,,,,,N,,N,Y
O20020801000000,6103733167,WINDSOR POINT INC.,4688150451,O,72,ADP OF THE SNF,1995-07-07,,,,,STAN JOHNSON AND ASSOCIATE LLC,,1221 BROAD ST,,FUQUAY VARINA,NC,275263602,,,N,Y,N,N,N,N,N,N,N,N,N,,,,,N,,,
O20020801000000,6103733167,WINDSOR POINT INC.,6002169539,O,72,ADP OF THE SNF,1998-03-28,,,,,EVENTUS WHOLEHEALTH PLLC,,6330 QUADRANGLE DR,STE 500,CHAPEL HILL,NC,275178281,,,N,Y,N,N,N,N,N,N,N,N,N,,,,,N,,,
O20020801000000,6103733167,WINDSOR POINT INC.,6103302989,O,72,ADP OF THE SNF,2012-12-22,,,,,GREENBRIER LLC,,PO BOX 847,,CLARKTON,NC,284330847,,,N,Y,N,N,N,N,N,N,N,N,N,,,,,N,,,
O20020801000000,6103733167,WINDSOR POINT INC.,9739222480,O,72,ADP OF THE SNF,2006-02-01,,,,,NUTRITION PLUS OF GREENVILLE INC,,PO BOX 383,,GREENVILLE,NC,278350383,,,Y,N,N,N,N,N,N,N,N,N,N,,,,,N,,,
O20020913000002,8820905748,"LAKE PRINCE CENTER, INC.",5698684215,O,34,5% OR GREATER DIRECT OWNERSHIP INTEREST,2019-09-13,,,,,EVERYAGE,ABERNETHY LAURELS,100 LEONARD AVE,,NEWTON,NC,286589649,,N,N,N,N,N,N,N,N,N,N,N,Y,,,Y,,N,,Y,N
O20020913000002,8820905748,"LAKE PRINCE CENTER, INC.",5698684215,O,37,5% OR GREATER SECURITY INTEREST,2019-09-13,,,,,EVERYAGE,ABERNETHY LAURELS,100 LEONARD AVE,,NEWTON,NC,286589649,,N,N,N,N,N,N,N,N,N,N,N,Y,,,Y,,N,,Y,N
O20020913000002,8820905748,"LAKE PRINCE CENTER, INC.",5698684215,O,43,OPERATIONAL/MANAGERIAL CONTROL,2019-09-13,,,,,EVERYAGE,ABERNETHY LAURELS,100 LEONARD AVE,,NEWTON,NC,286589649,,,N,N,N,N,N,N,N,N,N,N,Y,,,Y,,N,,,
O20020913000002,8820905748,"LAKE PRINCE CENTER, INC.",5698684215,O,72,ADP OF THE SNF,2025-12-15,,,,,EVERYAGE,ABERNETHY LAURELS,100 LEONARD AVE,,NEWTON,NC,286589649,,,N,N,N,N,N,N,N,N,N,N,Y,,,Y,,N,,,
O20030220000030,7416866900,MRC TOWNCREEK,7012404734,O,72,ADP OF THE SNF,2025-08-30,,,,,,,2400 YORKMONT RD,,CHARLOTTE,NC,282174511,,,Y,N,N,N,N,N,N,N,N,N,N,,,,,N,,,
O20030307000004,9133038581,BAPTIST RETIREMENT HOMES OF NORTH CAROLINA INCORPORATED,9133038581,O,43,OPERATIONAL/MANAGERIAL CONTROL,2002-03-11,,,,,BAPTIST RETIREMENT HOMES OF NORTH CAROLINA INCORPORATED,BROOKRIDGE RETIREMENT COMMUNITY,PO BOX 11024,,WINSTON SALEM,NC,271161024,,,Y,N,N,N,N,N,N,N,N,N,Y,,,Y,,N,,,
O20030314000018,9436068772,BETHESDA LONG TERM CARE INC,4587157151,O,72,ADP OF THE SNF,2025-07-10,,,,,,,100 N TRYON ST,,CHARLOTTE,NC,282024000,,,Y,N,N,N,N,N,N,Y,N,Y,N,,,,,N,,,
O20030317000013,5698684835,"CLAPP'S CONVALESCENT NURSING HOME, INC.",5193208833,O,72,ADP OF THE SNF,2023-08-31,,,,,,,3108 SQUIRREL DEN RD,,ASHEBORO,NC,272050412,,,N,Y,N,N,N,N,N,N,N,N,N,,,,,N,,,
O20030317000025,1850200098,"THE UNITED METHODIST RETIREMENT HOMES, INCORPORATED",1850200098,O,34,5% OR GREATER DIRECT OWNERSHIP INTEREST,2011-07-13,,,,,"THE UNITED METHODIST RETIREMENT HOMES, INCORPORATED",CYPRESS GLEN RETIREMENT COMMUNITY,2600 CROASDAILE FARM PKWY,,DURHAM,NC,277051331,100,N,Y,N,N,N,N,N,N,N,N,N,Y,,,,,N,,N,N
O20030317000025,1850200098,"THE UNITED METHODIST RETIREMENT HOMES, INCORPORATED",9133208028,O,37,5% OR GREATER SECURITY INTEREST,2014-09-01,,,,,US BANK NATIONAL ASSOCIATION,,5540 CENTERVIEW DR 200,,RALEIGH,NC,276063386,0,N,Y,N,N,N,N,N,N,Y,N,Y,N,,,,,Y,MASTER TRUSTEE,N,N
O20030329000001,6507775640,WRMC HOSPITAL OPERATING CORPORATION,1850805219,O,72,ADP OF THE SNF,2017-07-01,,,,,,,PO BOX 218,832 MAIN STREET,NORTH WILKESBORO,NC,286594214,,,N,N,N,N,N,N,N,N,N,N,N,,,,,Y,"TOWN, UNIT OF LOCAL GOVERNMENT",,
O20030329000001,6507775640,WRMC HOSPITAL OPERATING CORPORATION,2769392232,O,35,5% OR GREATER INDIRECT OWNERSHIP INTEREST,2017-07-01,,,,,WAKE FOREST UNIVERSITY,AMOS COTTAGE REHABILITATION HOSPITAL,1834 WAKE FOREST RD,,WINSTON SALEM,NC,271096000,40,N,Y,N,N,N,N,N,N,N,N,N,Y,,,,,N,,N,N
O20030329000001,6507775640,WRMC HOSPITAL OPERATING CORPORATION,3375799802,O,34,5% OR GREATER DIRECT OWNERSHIP INTEREST,2017-07-01,,,,,WAKE FOREST UNIVERSITY BAPTIST MEDICAL CENTER,,MEDICAL CENTER BLVD,,WINSTON SALEM,NC,271570001,100,N,Y,N,N,N,N,N,N,N,N,N,Y,,,,,N,,N,Y
O20030329000001,6507775640,WRMC HOSPITAL OPERATING CORPORATION,3375799802,O,43,OPERATIONAL/MANAGERIAL CONTROL,2017-07-01,,,,,WAKE FOREST UNIVERSITY BAPTIST MEDICAL CENTER,,MEDICAL CENTER BLVD,,WINSTON SALEM,NC,271570001,50,,Y,N,N,N,N,N,N,N,N,N,Y,,,,,N,,,
O20030329000001,6507775640,WRMC HOSPITAL OPERATING CORPORATION,3375799802,O,71,TRUSTEE OF THE SNF,2017-07-01,,,,,WAKE FOREST UNIVERSITY BAPTIST MEDICAL CENTER,,MEDICAL CENTER BLVD,,WINSTON SALEM,NC,271570001,,,Y,N,N,N,N,N,N,N,N,N,Y,,,,,N,,,
O20030329000001,6507775640,WRMC HOSPITAL OPERATING CORPORATION,6002725272,O,35,5% OR GREATER INDIRECT OWNERSHIP INTEREST,2017-07-01,,,,,NORTH CAROLINA BAPTIST HOSPITAL,COMPREHENSIVE CANCER CENTER PHARMACY,MEDICAL CENTER BLVD,,WINSTON SALEM,NC,271570001,40,N,Y,N,N,N,N,N,N,N,N,N,Y,,,,,N,,N,N
O20030329000001,6507775640,WRMC HOSPITAL OPERATING CORPORATION,7911327374,O,35,5% OR GREATER INDIRECT OWNERSHIP INTEREST,2020-10-09,,,,,ATRIUM HEALTH INC,,1000 BLYTHE BLVD,,CHARLOTTE,NC,282035812,20,N,Y,N,N,N,N,N,N,N,N,N,Y,,,,,N,,N,N
O20030329000001,6507775640,WRMC HOSPITAL OPERATING CORPORATION,7911327374,O,43,OPERATIONAL/MANAGERIAL CONTROL,2020-10-09,,,,,ATRIUM HEALTH INC,,1000 BLYTHE BLVD,,CHARLOTTE,NC,282035812,50,,Y,N,N,N,N,N,N,N,N,N,Y,,,,,N,,,
O20030329000001,6507775640,WRMC HOSPITAL OPERATING CORPORATION,7911327374,O,71,TRUSTEE OF THE SNF,2020-10-09,,,,,ATRIUM HEALTH INC,,1000 BLYTHE BLVD,,CHARLOTTE,NC,282035812,,,Y,N,N,N,N,N,N,N,N,N,Y,,,,,N,,,
O20030329000001,6507775640,WRMC HOSPITAL OPERATING CORPORATION,7911376843,O,43,OPERATIONAL/MANAGERIAL CONTROL,2022-12-01,,,,,ADVOCATE HEALTH INC,,1000 BLYTHE BLVD,,CHARLOTTE,NC,282035812,,,Y,N,N,N,N,N,N,N,N,N,Y,,,,,N,,,
O20030329000001,6507775640,WRMC HOSPITAL OPERATING CORPORATION,7911376843,O,71,TRUSTEE OF THE SNF,2022-12-02,,,,,ADVOCATE HEALTH INC,,1000 BLYTHE BLVD,,CHARLOTTE,NC,282035812,,,Y,N,N,N,N,N,N,N,N,N,Y,,,,,N,,,
O20030403000019,4981513082,ARCHDALE NURSING CENTER INC,0143483883,O,34,5% OR GREATER DIRECT OWNERSHIP INTEREST,2005-03-03,,,,,HARVEY LINN WILFONG TRUST U/W FBO TRUDY WILFONG,,PO BOX 2428,,HICKORY,NC,28603,,N,N,N,N,N,N,N,N,N,N,N,N,,,,,Y,TRUST,,
O20030403000019,4981513082,ARCHDALE NURSING CENTER INC,9537078647,O,43,OPERATIONAL/MANAGERIAL CONTROL,2001-08-01,,,,,"CANYON MANAGEMENT CONSULTANTS, INC",,4615 RANDOLPH CHURCH,,LIBERTY,NC,272988108,100,,N,N,N,N,N,N,N,N,N,Y,N,,,,,N,,,
O20030403000019,4981513082,ARCHDALE NURSING CENTER INC,9537078647,O,44,OTHER,2001-08-01,,,,,"CANYON MANAGEMENT CONSULTANTS, INC",,4615 RANDOLPH CHURCH,,LIBERTY,NC,272988108,,N,N,N,N,N,N,N,N,N,N,Y,N,,,,,N,,,
O20030404000013,7113836230,"PRESBYTERIAN HOMES, INC",7113836230,O,43,OPERATIONAL/MANAGERIAL CONTROL,2003-02-01,,,,,"PRESBYTERIAN HOMES, INC",SCOTIA VILLAGE,2109 SANDY RIDGE RD,,COLFAX,NC,272359608,100,,N,N,N,N,N,N,N,N,N,N,Y,,,,,N,,,
O20030414000004,4688583693,"LITCHFIELD RETIREMENT, LLC",6608393921,O,35,5% OR GREATER INDIRECT OWNERSHIP INTEREST,2021-01-01,,,,,"BRENDA U. THOMPSON 2020 IRREVOCABLE TRUST DATED DECEMBER 30, 2020",BRENDA U. THOMPSON TRUST FBO JOSHUA THOMPSON,8393 PROVIDENCE RD,,CHARLOTTE,NC,282779753,25,N,N,N,N,N,N,N,N,N,N,N,N,,,,Y,N,,N,N
O20030414000004,4688583693,"LITCHFIELD RETIREMENT, LLC",6800801002,O,34,5% OR GREATER DIRECT OWNERSHIP INTEREST,2005-12-06,,,,,SENIOR LIVING COMMUITIES LLC,,3530 TORINGDON WAY,STE 204,CHARLOTTE,NC,282773436,100,N,N,Y,N,N,N,N,N,N,N,N,N,,,,,N,,Y,Y
O20030414000004,4688583693,"LITCHFIELD RETIREMENT, LLC",8224555875,O,35,5% OR GREATER INDIRECT OWNERSHIP INTEREST,2021-01-01,,,,,"BRENDA U. THOMPSON 2020 IRREVOCABLE TRUST DATED DECEMBER 30, 2020",BRENDA U. THOMPSON TRUST FBO BENJAMIN THOMPSON,8393 PROVIDENCE RD,,CHARLOTTE,NC,282779753,25,N,N,N,N,N,N,N,N,N,N,N,N,,,,Y,N,,N,Y
O20030414000004,4688583693,"LITCHFIELD RETIREMENT, LLC",9537689971,O,43,OPERATIONAL/MANAGERIAL CONTROL,2005-12-06,,,,,"MAXWELL GROUP, INC.",,3530 TORINGDON WAY,STE 204,CHARLOTTE,NC,282773436,,,N,N,N,Y,N,N,N,N,N,N,N,,,,,N,,,
O20030414000004,4688583693,"LITCHFIELD RETIREMENT, LLC",9537689971,O,72,ADP OF THE SNF,2025-01-31,,,,,"MAXWELL GROUP, INC.",,3530 TORINGDON WAY,STE 204,CHARLOTTE,NC,282773436,,,N,N,N,Y,N,N,N,N,N,N,N,,,,,N,,,
O20030603000005,4082524376,RICHMOND BEACH REHAB LLC,2466956297,O,72,ADP OF THE SNF,2025-07-08,,,,,,,9200 COVEY HOLLOW CT,STE 201,CHARLOTTE,NC,282107998,,,N,Y,N,N,N,N,N,N,N,Y,N,,,,,N,,,
O20030627000001,5395655369,MRC CRESTVIEW,3779075387,O,72,ADP OF THE SNF,2025-08-29,,,,,,,2400 YORKMONT RD,,CHARLOTTE,NC,282174511,,,Y,N,N,N,N,N,N,N,N,N,N,,,,,N,,,
O20030730000026,9739090408,"CUMBERLAND CARE, INC.",1153560131,O,34,5% OR GREATER DIRECT OWNERSHIP INTEREST,2013-04-01,,,,,NOAH K DUNCAN FAM TR,,115 REDFERN DR,,CARY,NC,275189816,100,N,N,N,N,N,N,N,N,N,N,N,N,,,,,Y,TRUST,,
O20030811000021,3476464090,"ST. JOSEPH OF THE PINES, INC",3476464090,O,44,OTHER,2012-11-30,,,,,"ST. JOSEPH OF THE PINES, INC",ST. JOSEPH OF THE PINES - HEALTH CENTER,100 GOSSMAN RD,STE B,SOUTHERN PINES,NC,283872282,100,N,N,N,N,N,N,N,N,N,N,N,Y,,,,,N,,,
O20030828000001,6305757709,BROSIS MANAGEMENT OF CATAWBA COUNTY,2668976341,O,72,ADP OF THE SNF,1999-03-03,,,,,,,1239 BUGLE LN,,NEWTON,NC,286588010,,,N,Y,N,N,N,N,N,N,N,N,N,,,,,N,,,
O20030828000001,6305757709,BROSIS MANAGEMENT OF CATAWBA COUNTY,2668976341,O,86,INDIRECT OWNERSHIP INTEREST,1999-03-03,,,,,,,1239 BUGLE LN,,NEWTON,NC,286588010,,N,N,Y,N,N,N,N,N,N,N,N,N,,,,,N,,N,Y
O20030828000001,6305757709,BROSIS MANAGEMENT OF CATAWBA COUNTY,4486158169,O,72,ADP OF THE SNF,2025-09-15,,,,,,,1482 RIVER RD SE,,WINNABOW,NC,284795204,,,N,Y,N,N,N,N,N,N,N,N,N,,,,,N,,,
O20030828000001,6305757709,BROSIS MANAGEMENT OF CATAWBA COUNTY,4486158169,O,86,INDIRECT OWNERSHIP INTEREST,2003-05-30,,,,,,,1482 RIVER RD SE,,WINNABOW,NC,284795204,,N,N,Y,N,N,N,N,N,N,N,N,N,,,,,N,,N,Y
O20030828000001,6305757709,BROSIS MANAGEMENT OF CATAWBA COUNTY,5395249072,O,72,ADP OF THE SNF,2025-09-15,,,,,,,581 GUY RD,STE 102,CLAYTON,NC,275205122,,,Y,N,N,N,N,N,N,N,N,N,N,,,,,N,,,
O20030828000001,6305757709,BROSIS MANAGEMENT OF CATAWBA COUNTY,5395249072,O,86,INDIRECT OWNERSHIP INTEREST,1998-05-27,,,,,,,581 GUY RD,STE 102,CLAYTON,NC,275205122,,N,Y,N,N,N,N,N,N,N,N,N,N,,,,,N,,N,Y
O20031007000033,6204748270,"BT2, INC.",5890285134,O,72,ADP OF THE SNF,2025-10-14,,,,,,,2000 W 1ST ST,,WINSTON SALEM,NC,271044225,,,Y,N,N,N,N,N,N,N,N,Y,N,,,,,N,,,
O20031007000033,6204748270,"BT2, INC.",8527558873,O,72,ADP OF THE SNF,2003-10-01,,,,,,,4 VANDERBILT PARK DR,STE 310,ASHEVILLE,NC,288032476,,,N,Y,N,N,N,N,N,N,N,N,N,,,,,N,,,
O20031120000514,6709780943,"CENTURY CARE OF NEW BERN, INC.",1153560131,O,34,5% OR GREATER DIRECT OWNERSHIP INTEREST,2013-04-30,,,,,NOAH K DUNCAN FAM TR,,115 REDFERN DR,,CARY,NC,275189816,100,N,N,N,N,N,N,N,N,N,N,N,N,,,,,Y,TRUST,,
O20031120000514,6709780943,"CENTURY CARE OF NEW BERN, INC.",4183528383,O,43,OPERATIONAL/MANAGERIAL CONTROL,2003-10-01,,,,,"CENTURY CARE MANAGEMENT, INC.",,130 EDINBURGH SOUTH DR,STE 208,CARY,NC,275117902,100,,N,N,N,N,N,N,N,N,N,Y,N,,,,,N,,,
O20031125000867,6901700483,"HAYMOUNT REHABILITATION AND NURSING CENTER, INC",1153560131,O,34,5% OR GREATER DIRECT OWNERSHIP INTEREST,2013-04-30,,,,,NOAH K DUNCAN FAM TR,,115 REDFERN DR,,CARY,NC,275189816,100,N,N,N,N,N,N,N,N,N,N,N,N,,,,,Y,TRUST,,
O20031125000867,6901700483,"HAYMOUNT REHABILITATION AND NURSING CENTER, INC",4183528383,O,43,OPERATIONAL/MANAGERIAL CONTROL,2002-05-01,,,,,"CENTURY CARE MANAGEMENT, INC.",,117 EDINBURGH SOUTH,STE 203,CARY,NC,27511,,,Y,N,N,Y,N,N,N,N,N,Y,N,,,,,N,,,
O20031126000093,9133023542,"CENTURY CARE OF LAURINBURG, INC",0941441679,O,34,5% OR GREATER DIRECT OWNERSHIP INTEREST,2013-04-30,,,,,NOAH K DUNCAN MRTL TR,,115 REDFERN DR,,CARY,NC,275189816,66.43,N,N,N,N,N,N,N,N,N,N,N,N,,,,,Y,TRUST,,
O20031126000093,9133023542,"CENTURY CARE OF LAURINBURG, INC",4183528383,O,34,5% OR GREATER DIRECT OWNERSHIP INTEREST,1991-07-03,,,,,"CENTURY CARE MANAGEMENT, INC.",,130 EDINBURGH SOUTH DR,STE 208,CARY,NC,275117902,,,Y,N,N,N,N,N,N,N,N,Y,N,,,,,N,,,
O20031126000093,9133023542,"CENTURY CARE OF LAURINBURG, INC",4183528383,O,43,OPERATIONAL/MANAGERIAL CONTROL,2000-10-01,,,,,"CENTURY CARE MANAGEMENT, INC.",,130 EDINBURGH SOUTH DR,STE 208,CARY,NC,275117902,100,,Y,N,N,N,N,N,N,N,N,Y,N,,,,,N,,,
O20031201000788,2668377870,"MASONIC AND EASTERN STAR HOME OF NORTH CAROLINA, INCORPORATED",2668377870,O,34,5% OR GREATER DIRECT OWNERSHIP INTEREST,1966-11-01,,,,,"MASONIC AND EASTERN STAR HOME OF NORTH CAROLINA, INCORPORATED",WHITESTONE: A MASONIC AND EASTERN STAR COMMUNITY,700 S HOLDEN RD,,GREENSBORO,NC,274072321,100,N,Y,N,N,N,N,N,N,N,N,N,Y,,,,,N,,N,N
O20031203000270,7719882760,"CENTURY CARE OF THE CRYSTAL COAST, INC",1153560131,O,34,5% OR GREATER DIRECT OWNERSHIP INTEREST,2013-04-30,,,,,NOAH K DUNCAN FAM TR,,130 EDINBURGH SOUTH,SUITE 208,CARY,NC,275116456,100,N,N,N,N,N,N,N,N,N,N,N,N,,,,,Y,TRUST,,
O20031203000270,7719882760,"CENTURY CARE OF THE CRYSTAL COAST, INC",4183528383,O,43,OPERATIONAL/MANAGERIAL CONTROL,1999-09-30,,,,,"CENTURY CARE MANAGEMENT, INC.",,130 EDINBURGH SOUTH,SUITE 208,CARY,NC,275116456,100,,Y,N,N,Y,N,N,N,N,N,Y,N,,,,,N,,,
O20031220000004,9931017332,"WOODBURY WELLNESS CENTER, INC.",5395998090,O,34,5% OR GREATER DIRECT OWNERSHIP INTEREST,1998-01-29,,,,,"AVANT & NUNN, LLC",,2778 COUNTRY CLUB DR,,HAMPSTEAD,NC,284438028,100,N,N,Y,N,N,N,N,N,N,N,N,N,,,,,N,,,
O20031220000004,9931017332,"WOODBURY WELLNESS CENTER, INC.",5395998090,O,36,5% OR GREATER MORTGAGE INTEREST,1988-01-29,,,,,"AVANT & NUNN, LLC",,2778 COUNTRY CLUB DR,,HAMPSTEAD,NC,284438028,100,Y,N,Y,N,N,N,N,N,N,N,N,N,,,,,N,,,
O20040109001014,4789584434,"HILLCREST CONVALESCENT CENTER, INC.",0244474674,O,36,5% OR GREATER MORTGAGE INTEREST,2015-07-07,,,,,BRANCH BANKING & TRUST COMPANY,TRUIST FINANCIAL CORPORATION,200 W 2ND ST,,WINSTON SALEM,NC,271014019,25,N,N,N,N,N,N,N,N,Y,N,N,N,,,,,N,,Y,N
O20040109001014,4789584434,"HILLCREST CONVALESCENT CENTER, INC.",0244474674,O,37,5% OR GREATER SECURITY INTEREST,2015-07-07,,,,,BRANCH BANKING & TRUST COMPANY,TRUIST FINANCIAL CORPORATION,200 W 2ND ST,,WINSTON SALEM,NC,271014019,25,N,N,N,N,N,N,N,N,Y,N,N,N,,,,,N,,N,N
O20040109001014,4789584434,"HILLCREST CONVALESCENT CENTER, INC.",4880185743,O,72,ADP OF THE SNF,2025-02-12,,,,,,,3500 WESTGATE DR,STE 802,DURHAM,NC,277072567,,,N,N,N,N,N,N,N,N,Y,N,N,,,,,N,,,
O20040123000370,5294637849,"CENTURY CARE OF GASTONIA, INC",6305757477,O,43,OPERATIONAL/MANAGERIAL CONTROL,2003-07-31,,,,,PEAK RESOURCES INC,,1422 BURTONWOOD DRIVE,,GASTONIA,NC,28054,,,N,N,N,N,N,N,N,N,N,N,N,,,,,N,,,
O20040311000989,3870482581,"CORNELIA NIXON DAVIS, INC.",3870482581,O,34,5% OR GREATER DIRECT OWNERSHIP INTEREST,1966-07-01,,,,,"CORNELIA NIXON DAVIS, INC.",DAVIS HEALTH CARE CENTER,1011 PORTERS NECK RD,,WILMINGTON,NC,284119196,100,N,Y,N,N,N,Y,N,N,N,N,N,N,,,,,N,,N,N
O20040311000989,3870482581,"CORNELIA NIXON DAVIS, INC.",3870482581,O,43,OPERATIONAL/MANAGERIAL CONTROL,1966-07-01,,,,,"CORNELIA NIXON DAVIS, INC.",DAVIS HEALTH CARE CENTER,1011 PORTERS NECK RD,,WILMINGTON,NC,284119196,,,Y,N,N,N,Y,N,N,N,N,N,N,,,,,N,,,
O20040311000989,3870482581,"CORNELIA NIXON DAVIS, INC.",3870482581,O,72,ADP OF THE SNF,1966-07-01,,,,,"CORNELIA NIXON DAVIS, INC.",DAVIS HEALTH CARE CENTER,1011 PORTERS NECK RD,,WILMINGTON,NC,284119196,,,Y,N,N,N,Y,N,N,N,N,N,N,,,,,N,,,
O20040317001329,3678463296,CENTURY CARE OF SHELBY,3678463296,O,34,5% OR GREATER DIRECT OWNERSHIP INTEREST,1999-03-08,,,,,CENTURY CARE OF SHELBY,PEAK RESOURCES - SHELBY,1101 N. MORGAN ST,,SHELBY,NC,281503848,,Y,Y,N,N,N,N,N,N,N,N,N,N,,,,,N,,,
O20040317001329,3678463296,CENTURY CARE OF SHELBY,6305757477,O,43,OPERATIONAL/MANAGERIAL CONTROL,2003-07-31,,,,,PEAK RESOURCES INC,,101 BAINES CT,,CARY,NC,275116625,100,,Y,N,N,Y,N,N,N,N,N,N,N,,,,,N,,,
O20040318000047,2668362112,"CENTURY CARE OF CHERRYVILLE, INC",6305757477,O,43,OPERATIONAL/MANAGERIAL CONTROL,2003-07-31,,,,,PEAK RESOURCES INC,,1422 BURTONWOOD DRIVE,,GASTONIA,NC,28054,,,N,N,N,N,N,N,N,N,N,N,N,,,,,N,,,
O20040405000975,0648189480,"UNIVERSAL HEALTH CARE / NORTH RALEIGH, INC",0648189480,O,34,5% OR GREATER DIRECT OWNERSHIP INTEREST,2002-09-11,,,,,"UNIVERSAL HEALTH CARE / NORTH RALEIGH, INC",UNIVERSAL HEALTH CARE/NORTH RALEIGH,"5201 CLARKS FORK DR., NW",,RALEIGH,NC,276165868,100,Y,Y,N,N,N,N,N,N,N,N,N,N,,,,,N,,,
O20040405000975,0648189480,"UNIVERSAL HEALTH CARE / NORTH RALEIGH, INC",2860301355,O,43,OPERATIONAL/MANAGERIAL CONTROL,2004-03-12,,,,,"CHOICE HEALTH MANAGEMENT, SERV LLC",CHOICE HEALTH MANAGEMENT SERVICES,2929 NORTH OXFORD STREET,,CLAREMONT,NC,286109661,,,N,N,N,Y,N,N,N,N,N,N,N,,,,,N,,,
O20040617001134,8224012000,THE CEDARS OF CHAPEL HILL CLUB INC,3870522063,O,43,OPERATIONAL/MANAGERIAL CONTROL,1999-09-10,,,,,THE CEDARS OF CHAPEL HILL LLC,THE CEDARS OF CHAPEL HILL LLC,1450 ENVIRON WAY,,CHAPEL HILL,NC,275174433,100,,N,Y,N,N,N,N,N,N,N,N,N,,,,,N,,,
O20040617001134,8224012000,THE CEDARS OF CHAPEL HILL CLUB INC,3870522063,O,72,ADP OF THE SNF,2025-04-11,,,,,THE CEDARS OF CHAPEL HILL LLC,THE CEDARS OF CHAPEL HILL LLC,1450 ENVIRON WAY,,CHAPEL HILL,NC,275174433,,,N,Y,N,N,N,N,N,N,N,N,N,,,,,N,,,
O20040816000172,6002889466,"THE JAMES A EDDY MEMORIAL GERIATRIC CENTER, INC",4082132519,O,72,ADP OF THE SNF,2025-04-18,,,,,,,2400 YORKMONT RD,,CHARLOTTE,NC,282174511,,,Y,N,N,N,Y,N,N,N,Y,Y,N,,,,,Y,FOOD SERVICES/PRODUCTS AND ADMIN SUPPORT,,
O20040816000172,6002889466,"THE JAMES A EDDY MEMORIAL GERIATRIC CENTER, INC",5991223422,O,72,ADP OF THE SNF,2025-04-18,,,,,,,38 ROSSCRAGGON RD,STE E,ASHEVILLE,NC,288031165,,,Y,N,N,N,Y,N,N,N,N,Y,N,,,,,N,,,
O20040816000320,1254304520,"HERITAGE HOUSE NURSING CENTER, INC",8022515162,O,72,ADP OF THE SNF,2025-04-16,,,,,,,2400 YORKMONT RD,,CHARLOTTE,NC,282174511,,,Y,N,N,N,N,N,N,N,Y,Y,N,,,,,Y,COORDINATION OF FOOD SERVICES/PRODUCTS,,
O20040816000320,1254304520,"HERITAGE HOUSE NURSING CENTER, INC",9931606076,O,72,ADP OF THE SNF,2025-04-16,,,,,,,38 ROSSCRAGGON RD,STE E,ASHEVILLE,NC,288031165,,,Y,N,N,N,Y,N,N,N,N,Y,N,,,,,N,,,
O20040816000342,8123091493,"CAPITAL REGION GERIATRIC CENTER, INC.",7416450028,O,72,ADP OF THE SNF,2025-04-18,,,,,,,2400 YORKMONT RD,,CHARLOTTE,NC,282174511,,,Y,N,N,N,N,N,N,N,N,Y,N,,,,,Y,FOOD SERVICES/PRODUCTS AND ADMIN SUPPORT,,
O20040816000342,8123091493,"CAPITAL REGION GERIATRIC CENTER, INC.",8325541931,O,72,ADP OF THE SNF,2025-04-18,,,,,,,38 ROSSCRAGGON RD,STE E,ASHEVILLE,NC,288031165,,,Y,N,N,N,Y,N,N,N,N,Y,N,,,,,N,,,
O20040817000987,5799758728,"LUTHERAN RETIREMENT MINISTRIES OF ALAMANCE COUNTY, NORTH CAROLINA",5799758728,O,34,5% OR GREATER DIRECT OWNERSHIP INTEREST,1983-09-30,,,,,"LUTHERAN RETIREMENT MINISTRIES OF ALAMANCE COUNTY, NORTH CAROLINA",TWIN LAKES COMMUNITY,3701 WADE COBLE DR,,BURLINGTON,NC,272159743,100,N,N,N,N,N,N,N,N,N,N,N,Y,,,,,N,,,
O20040827000132,8628043379,CENTER ON AGING AND HEALTH LLC,3375801350,O,43,OPERATIONAL/MANAGERIAL CONTROL,2018-08-01,,,,,BROAD RIVER REHABILITATION,"BROAD RIVER REHABILITATION, LLC",1 POND ST,,ARDEN,NC,287048500,,,N,Y,N,N,N,N,N,N,N,Y,N,,,,,N,,,
O20040827000132,8628043379,CENTER ON AGING AND HEALTH LLC,3375801350,O,72,ADP OF THE SNF,2025-04-09,,,,,BROAD RIVER REHABILITATION,"BROAD RIVER REHABILITATION, LLC",1 POND ST,,ARDEN,NC,287048500,,,N,Y,N,N,N,N,N,N,N,Y,N,,,,,N,,,
O20040902000803,9133195092,"LUTHERAN HOME-WINSTON-SALEM, INC.",7911416185,O,43,OPERATIONAL/MANAGERIAL CONTROL,2006-07-18,,,,,LUTHERAN HOME WINSTON SALEM PROPERTY INC.,,849 WATERWORKS RD,,WINSTON SALEM,NC,271011956,,,Y,N,N,N,N,N,N,N,N,N,Y,,,,,N,,,
O20040902000803,9133195092,"LUTHERAN HOME-WINSTON-SALEM, INC.",7911416185,O,72,ADP OF THE SNF,2025-04-14,,,,,LUTHERAN HOME WINSTON SALEM PROPERTY INC.,,849 WATERWORKS RD,,WINSTON SALEM,NC,271011956,,,Y,N,N,N,N,N,N,N,N,N,Y,,,,,N,,,
O20040902000803,9133195092,"LUTHERAN HOME-WINSTON-SALEM, INC.",8628030715,O,34,5% OR GREATER DIRECT OWNERSHIP INTEREST,2004-10-01,,,,,"LUTHERAN SERVICES FOR THE AGING, INC.",,2304S MAIN ST,,SALISBURY,NC,281478997,100,N,Y,N,N,N,N,N,N,N,N,N,Y,,,,,N,,Y,N
O20040902000803,9133195092,"LUTHERAN HOME-WINSTON-SALEM, INC.",8628030715,O,71,TRUSTEE OF THE SNF,2004-10-01,,,,,"LUTHERAN SERVICES FOR THE AGING, INC.",,2304S MAIN ST,,SALISBURY,NC,281478997,,,Y,N,N,N,N,N,N,N,N,N,Y,,,,,N,,,
O20040902000803,9133195092,"LUTHERAN HOME-WINSTON-SALEM, INC.",9638131725,O,43,OPERATIONAL/MANAGERIAL CONTROL,2004-07-29,,,,,"LSA MANAGEMENT, INC.",LUTHERAN SERVICE CAROLINAS,2304S MAIN ST,,SALISBURY,NC,281478997,,,N,N,N,N,N,N,N,N,N,N,Y,,,,,N,,,
O20040902000803,9133195092,"LUTHERAN HOME-WINSTON-SALEM, INC.",9638131725,O,72,ADP OF THE SNF,2025-04-14,,,,,"LSA MANAGEMENT, INC.",LUTHERAN SERVICE CAROLINAS,2304S MAIN ST,,SALISBURY,NC,281478997,,,N,N,N,N,N,N,N,N,N,N,Y,,,,,N,,,
O20040930000659,3173592615,ATRIUM IRONWOOD LLC,3375801350,O,72,ADP OF THE SNF,2021-09-01,,,,,BROAD RIVER REHABILITATION,"BROAD RIVER REHABILITATION, LLC",1 POND ST,,ARDEN,NC,287048500,,,N,Y,Y,Y,N,N,N,N,N,N,N,,,,,N,,,
O20041101000676,0749242832,"LUTHERAN HOME - HICKORY WEST, INC",8325565468,O,43,OPERATIONAL/MANAGERIAL CONTROL,1988-04-05,,,,,"LUTHERAN HOME HICKORY WEST PROPERTY, INC.",,PO BOX 947,,SALISBURY,NC,281450947,,,Y,N,N,N,N,N,N,N,N,N,Y,,,,,N,,,
O20041101000676,0749242832,"LUTHERAN HOME - HICKORY WEST, INC",8325565468,O,72,ADP OF THE SNF,2025-04-14,,,,,"LUTHERAN HOME HICKORY WEST PROPERTY, INC.",,PO BOX 947,,SALISBURY,NC,281450947,,,Y,N,N,N,N,N,N,N,N,N,Y,,,,,N,,,
O20041101000676,0749242832,"LUTHERAN HOME - HICKORY WEST, INC",8628030715,O,71,TRUSTEE OF THE SNF,2004-10-01,,,,,"LUTHERAN SERVICES FOR THE AGING, INC.",,2304 S MAIN ST,,SALISBURY,NC,281478997,,,Y,N,N,N,N,N,N,N,N,N,Y,,,,,N,,,
O20041101000676,0749242832,"LUTHERAN HOME - HICKORY WEST, INC",9638131725,O,43,OPERATIONAL/MANAGERIAL CONTROL,2004-11-04,,,,,"LSA MANAGEMENT, INC.",LUTHERAN SERVICE CAROLINAS,PO BOX 947,,SALISBURY,NC,281450947,,,N,N,N,N,N,N,N,N,N,N,Y,,,,,N,,,
O20041101000676,0749242832,"LUTHERAN HOME - HICKORY WEST, INC",9638131725,O,71,TRUSTEE OF THE SNF,2004-11-04,,,,,"LSA MANAGEMENT, INC.",LUTHERAN SERVICE CAROLINAS,PO BOX 947,,SALISBURY,NC,281450947,,,N,N,N,N,N,N,N,N,N,N,Y,,,,,N,,,
O20041101000676,0749242832,"LUTHERAN HOME - HICKORY WEST, INC",9638131725,O,72,ADP OF THE SNF,2025-04-25,,,,,"LSA MANAGEMENT, INC.",LUTHERAN SERVICE CAROLINAS,PO BOX 947,,SALISBURY,NC,281450947,,,N,N,N,N,N,N,N,N,N,N,Y,,,,,N,,,
O20041101001112,3274595202,"LUTHERAN HOME AT TRINITY OAKS, INC.",0840701421,O,43,OPERATIONAL/MANAGERIAL CONTROL,2004-07-29,,,,,LUTHERAN HOME AT TRINITY OAKS PROPERTY INC,,PO BOX 947,,SALISBURY,NC,281450947,,,Y,N,N,N,N,N,N,N,N,N,Y,,,,,N,,,
O20041101001112,3274595202,"LUTHERAN HOME AT TRINITY OAKS, INC.",0840701421,O,72,ADP OF THE SNF,2025-04-25,,,,,LUTHERAN HOME AT TRINITY OAKS PROPERTY INC,,PO BOX 947,,SALISBURY,NC,281450947,,,Y,N,N,N,N,N,N,N,N,N,Y,,,,,N,,,
O20041101001112,3274595202,"LUTHERAN HOME AT TRINITY OAKS, INC.",8628030715,O,34,5% OR GREATER DIRECT OWNERSHIP INTEREST,2004-10-01,,,,,"LUTHERAN SERVICES FOR THE AGING, INC.",,1416 S MARTIN LUTHER KING JR AVE,,SALISBURY,NC,281445592,100,N,Y,N,N,N,N,N,N,N,N,N,Y,,,,,N,,Y,N
O20041101001112,3274595202,"LUTHERAN HOME AT TRINITY OAKS, INC.",8628030715,O,71,TRUSTEE OF THE SNF,2004-07-29,,,,,"LUTHERAN SERVICES FOR THE AGING, INC.",,1416 S MARTIN LUTHER KING JR AVE,,SALISBURY,NC,281445592,,,Y,N,N,N,N,N,N,N,N,N,Y,,,,,N,,,
O20041101001112,3274595202,"LUTHERAN HOME AT TRINITY OAKS, INC.",9638131725,O,43,OPERATIONAL/MANAGERIAL CONTROL,2004-07-29,,,,,"LSA MANAGEMENT, INC.",LUTHERAN SERVICE CAROLINAS,PO BOX 947,,SALISBURY,NC,281450947,,,N,N,N,N,N,N,N,N,N,N,Y,,,,,N,,,
O20041101001112,3274595202,"LUTHERAN HOME AT TRINITY OAKS, INC.",9638131725,O,72,ADP OF THE SNF,2025-04-14,,,,,"LSA MANAGEMENT, INC.",LUTHERAN SERVICE CAROLINAS,PO BOX 947,,SALISBURY,NC,281450947,,,N,N,N,N,N,N,N,N,N,N,Y,,,,,N,,,
O20041104000456,8729041454,"LUTHERAN HOME- ALBEMARLE, INC.",1759885627,O,43,OPERATIONAL/MANAGERIAL CONTROL,1988-04-05,,,,,LUTHERAN HOME ALBEMARLE PROPERTY INC.,,PO BOX 947,,SALISBURY,NC,281450947,,,Y,N,N,N,N,N,N,N,N,N,Y,,,,,N,,,
O20041104000456,8729041454,"LUTHERAN HOME- ALBEMARLE, INC.",1759885627,O,72,ADP OF THE SNF,2025-04-13,,,,,LUTHERAN HOME ALBEMARLE PROPERTY INC.,,PO BOX 947,,SALISBURY,NC,281450947,,,Y,N,N,N,N,N,N,N,N,N,Y,,,,,N,,,
O20041104000456,8729041454,"LUTHERAN HOME- ALBEMARLE, INC.",8628030715,O,34,5% OR GREATER DIRECT OWNERSHIP INTEREST,2004-10-01,,,,,"LUTHERAN SERVICES FOR THE AGING, INC.",,2304S MAIN ST,,SALISBURY,NC,281478997,100,N,Y,N,N,N,N,N,N,N,N,N,Y,,,,,N,,Y,N
O20041104000456,8729041454,"LUTHERAN HOME- ALBEMARLE, INC.",8628030715,O,43,OPERATIONAL/MANAGERIAL CONTROL,2004-10-01,,,,,"LUTHERAN SERVICES FOR THE AGING, INC.",,2304S MAIN ST,,SALISBURY,NC,281478997,,,Y,N,N,N,N,N,N,N,N,N,Y,,,,,N,,,
O20041104000456,8729041454,"LUTHERAN HOME- ALBEMARLE, INC.",8628030715,O,71,TRUSTEE OF THE SNF,2004-10-01,,,,,"LUTHERAN SERVICES FOR THE AGING, INC.",,2304S MAIN ST,,SALISBURY,NC,281478997,,,Y,N,N,N,N,N,N,N,N,N,Y,,,,,N,,,
O20041104000456,8729041454,"LUTHERAN HOME- ALBEMARLE, INC.",8628030715,O,85,DIRECT OWNERSHIP INTEREST,2004-10-01,,,,,"LUTHERAN SERVICES FOR THE AGING, INC.",,2304S MAIN ST,,SALISBURY,NC,281478997,100,N,Y,N,N,N,N,N,N,N,N,N,Y,,,,,N,,Y,N
O20041104000456,8729041454,"LUTHERAN HOME- ALBEMARLE, INC.",9638131725,O,43,OPERATIONAL/MANAGERIAL CONTROL,2004-10-01,,,,,"LSA MANAGEMENT, INC.",LUTHERAN SERVICE CAROLINAS,2304S MAIN ST,,SALISBURY,NC,281478997,100,,Y,N,N,N,N,N,N,N,N,N,Y,,,Y,,N,,,
O20041104000456,8729041454,"LUTHERAN HOME- ALBEMARLE, INC.",9638131725,O,72,ADP OF THE SNF,2025-04-13,,,,,"LSA MANAGEMENT, INC.",LUTHERAN SERVICE CAROLINAS,2304S MAIN ST,,SALISBURY,NC,281478997,,,Y,N,N,N,N,N,N,N,N,N,Y,,,Y,,N,,,
O20041104000859,4880657469,"LUTHERAN HOME-HICKORY, INC.",8325565468,O,43,OPERATIONAL/MANAGERIAL CONTROL,2004-10-01,,,,,"LUTHERAN HOME HICKORY WEST PROPERTY, INC.",,PO BOX 947,,SALISBURY,NC,281450947,,,Y,N,N,N,N,N,N,N,N,N,Y,,,,,N,,,
O20041104000859,4880657469,"LUTHERAN HOME-HICKORY, INC.",8325565468,O,72,ADP OF THE SNF,2025-05-01,,,,,"LUTHERAN HOME HICKORY WEST PROPERTY, INC.",,PO BOX 947,,SALISBURY,NC,281450947,,,Y,N,N,N,N,N,N,N,N,N,Y,,,,,N,,,
O20041104000859,4880657469,"LUTHERAN HOME-HICKORY, INC.",8628030715,O,43,OPERATIONAL/MANAGERIAL CONTROL,2004-10-01,,,,,"LUTHERAN SERVICES FOR THE AGING, INC.",,1416 S MARTIN LUTHER KING JR AVE,,SALISBURY,NC,281445592,,,Y,N,N,N,N,N,N,N,N,N,Y,,,,,N,,,
O20041104000859,4880657469,"LUTHERAN HOME-HICKORY, INC.",8628030715,O,71,TRUSTEE OF THE SNF,2004-10-01,,,,,"LUTHERAN SERVICES FOR THE AGING, INC.",,1416 S MARTIN LUTHER KING JR AVE,,SALISBURY,NC,281445592,,,Y,N,N,N,N,N,N,N,N,N,Y,,,,,N,,,
O20041104000859,4880657469,"LUTHERAN HOME-HICKORY, INC.",9638131725,O,43,OPERATIONAL/MANAGERIAL CONTROL,2004-10-01,,,,,"LSA MANAGEMENT, INC.",LUTHERAN SERVICE CAROLINAS,1416 S MARTIN LUTHER KING JR AVE,,SALISBURY,NC,281445592,,,N,N,N,N,N,N,N,N,N,N,Y,,,,,N,,,
O20041104000859,4880657469,"LUTHERAN HOME-HICKORY, INC.",9638131725,O,72,ADP OF THE SNF,2025-05-01,,,,,"LSA MANAGEMENT, INC.",LUTHERAN SERVICE CAROLINAS,1416 S MARTIN LUTHER KING JR AVE,,SALISBURY,NC,281445592,,,N,N,N,N,N,N,N,N,N,N,Y,,,,,N,,,
O20041206000886,0941279004,VILLA MARY IMMACULATE,4688192255,O,72,ADP OF THE SNF,2025-04-10,,,,,,,38 ROSSCRAGGON RD,STE E,ASHEVILLE,NC,288031165,,,Y,N,N,N,Y,N,N,N,N,N,N,,,,,N,,,
O20041206000886,0941279004,VILLA MARY IMMACULATE,8123548575,O,72,ADP OF THE SNF,2016-04-01,,,,,UNIDINE CORPORATION,UNIDINE,2400 YORKMONT RD,,CHARLOTTE,NC,282174511,,,Y,N,N,N,N,N,N,N,N,Y,N,,,,,Y,DINING/FOOD SERVICES AND ADMIN SERVICES,,
O20050202000032,1153372636,ORION MARION LLC,3375801350,O,72,ADP OF THE SNF,2021-09-01,,,,,BROAD RIVER REHABILITATION,"BROAD RIVER REHABILITATION, LLC",1 POND ST,,ARDEN,NC,287048500,,,N,Y,Y,Y,N,N,N,N,N,N,N,,,,,N,,,
O20050314000503,8123073103,BEYSTONE HEALTH AND REHABILITATION CO,2769423698,O,34,5% OR GREATER DIRECT OWNERSHIP INTEREST,2005-01-01,,,,,ARDENT HEALTH AND REHABILITATION CO,,229 AIRPORT RD,STE 7-104,ARDEN,NC,287046402,100,N,Y,N,N,N,N,N,N,N,N,N,N,,,,,N,,,
O20050314000503,8123073103,BEYSTONE HEALTH AND REHABILITATION CO,5799151387,O,34,5% OR GREATER DIRECT OWNERSHIP INTEREST,2015-01-01,,,,,"HENDERSON-BEYSTONE HEALTHCARE PROPERTIES, LLC",,229 AIRPORT RD,STE 7-104,ARDEN,NC,287046402,100,Y,N,Y,N,N,N,N,N,N,N,N,N,,,,,N,,,
O20050401000675,4183671126,"ALAMANCE EXTENDED CARE, INC.",7719346584,O,34,5% OR GREATER DIRECT OWNERSHIP INTEREST,2022-07-01,,,,,WELL SPRING RETIREMENT COMMUNITY,,4100 WELL SPRING DR,,GREENSBORO,NC,27410,100,,Y,N,N,N,N,N,N,N,N,N,Y,,,,,N,,,
O20050520000161,3678514502,SANFORD HEALTH AND REHABILITATION CO LLC,2769423698,O,34,5% OR GREATER DIRECT OWNERSHIP INTEREST,2005-06-01,,,,,ARDENT HEALTH AND REHABILITATION CO,,229 AIRPORT RD,STE 7-104,ARDEN,NC,287046402,,,Y,N,N,N,N,N,N,N,N,N,N,,,,,N,,,
O20050520000161,3678514502,SANFORD HEALTH AND REHABILITATION CO LLC,2769423698,O,43,OPERATIONAL/MANAGERIAL CONTROL,2005-06-01,,,,,ARDENT HEALTH AND REHABILITATION CO,,229 AIRPORT RD,STE 7-104,ARDEN,NC,287046402,,,Y,N,N,N,N,N,N,N,N,N,N,,,,,N,,,
O20050606001149,7416869326,ATRIUM MARSHALL LLC,3375801350,O,72,ADP OF THE SNF,2021-09-01,,,,,BROAD RIVER REHABILITATION,"BROAD RIVER REHABILITATION, LLC",1 POND ST,,ARDEN,NC,287048500,,,N,Y,Y,Y,N,N,N,N,N,N,N,,,,,N,,,
O20050608000193,7810930138,ATRIUM KING CENTRE LLC,3375801350,O,72,ADP OF THE SNF,2021-09-01,,,,,BROAD RIVER REHABILITATION,"BROAD RIVER REHABILITATION, LLC",1 POND ST,,ARDEN,NC,287048500,,,N,Y,Y,Y,N,N,N,N,N,N,N,,,,,N,,,
O20050706000504,2961448402,MARGATE HEALTH AND REHAB CENTER LLC,5294885356,O,43,OPERATIONAL/MANAGERIAL CONTROL,2006-10-01,,,,,SUNCREST HEALTH MANAGEMENT INC,,1812 BROOKRUN RD,,HENDERSON,NC,275363871,,,Y,N,N,N,N,N,N,N,N,N,N,,,,,N,,,
O20050818000157,4587574355,LIBERTY HEALTHCARE GROUP LLC,1850201625,O,43,OPERATIONAL/MANAGERIAL CONTROL,2005-07-01,,,,,LIBERTY HEALTHCARE MANAGEMENT INC,,2334 41ST STREET,,WILMINGTON,NC,28403,,,N,N,N,N,N,N,N,N,N,N,N,,,,,N,,,
O20050818000157,4587574355,LIBERTY HEALTHCARE GROUP LLC,2961762422,O,86,INDIRECT OWNERSHIP INTEREST,2025-04-29,,,,,RONALD B. AND CYNTHIA J. MCNEILL 2013 IRREVOCABLE TRUST,,2334 41ST STREET,,WILMINGTON,NC,28403,24,N,N,N,N,N,N,N,N,N,N,N,N,,,,Y,N,,N,N
O20050818000157,4587574355,LIBERTY HEALTHCARE GROUP LLC,4587574355,O,86,INDIRECT OWNERSHIP INTEREST,2025-04-29,,,,,LIBERTY HEALTHCARE GROUP LLC,LIBERTY COMMONS NURSING AND REHABILITATION CENTER OF WATAUGA COUNTY,2334 41ST STREET,,WILMINGTON,NC,28403,100,N,N,Y,N,N,N,Y,N,N,N,N,N,,,,,N,,N,N
O20050818000157,4587574355,LIBERTY HEALTHCARE GROUP LLC,6305756172,O,34,5% OR GREATER DIRECT OWNERSHIP INTEREST,2005-07-01,,,,,LIBERTY LONG TERM CARE LLC,,2334 SOUTH 41ST STREET,,WILMINGTON,NC,28403,,N,N,Y,N,N,N,N,N,N,N,N,N,,,,,N,,N,N
O20050818000157,4587574355,LIBERTY HEALTHCARE GROUP LLC,6305756172,O,85,DIRECT OWNERSHIP INTEREST,2025-04-29,,,,,LIBERTY LONG TERM CARE LLC,,2334 SOUTH 41ST STREET,,WILMINGTON,NC,28403,100,N,N,Y,N,N,N,N,N,N,N,N,N,,,,,N,,N,N
O20050818000157,4587574355,LIBERTY HEALTHCARE GROUP LLC,7416047246,O,34,5% OR GREATER DIRECT OWNERSHIP INTEREST,2011-03-10,,,,,LONG TERM CARE MANAGEMENT SERVICES LLC,,2334 SOUTH 41 STREET,,WILMINGTON,NC,284035502,100,,N,Y,N,N,N,N,N,N,N,N,N,,,,,N,,,
O20050818000157,4587574355,LIBERTY HEALTHCARE GROUP LLC,7416047246,O,43,OPERATIONAL/MANAGERIAL CONTROL,2011-03-10,,,,,LONG TERM CARE MANAGEMENT SERVICES LLC,,2334 SOUTH 41 STREET,,WILMINGTON,NC,284035502,100,,N,Y,N,N,N,N,N,N,N,N,N,,,,,N,,,
O20050818000157,4587574355,LIBERTY HEALTHCARE GROUP LLC,8224398789,O,86,INDIRECT OWNERSHIP INTEREST,2025-04-29,,,,,JOHN A MCNEILL JR 2012 IRRV TR,,2334 41ST STREET,,WILMINGTON,NC,28403,24,N,N,N,N,N,N,N,N,N,N,N,N,,,,Y,N,,N,N
O20050818000200,4587574355,LIBERTY HEALTHCARE GROUP LLC,1850201625,O,43,OPERATIONAL/MANAGERIAL CONTROL,2025-02-17,,,,,LIBERTY HEALTHCARE MANAGEMENT INC,,2334 SOUTH 41ST SREET,,WILMINGTON,NC,28403,,,Y,N,N,Y,N,N,N,N,N,N,N,,,Y,,N,,,
O20050818000200,4587574355,LIBERTY HEALTHCARE GROUP LLC,2668403601,O,34,5% OR GREATER DIRECT OWNERSHIP INTEREST,2005-07-01,,,,,"LIBERTY COMMONS NURSING AND REHABILITATION CENTER OF HALIFAX COUNTY, L",,101 CAROLINA AVENUE,,WELSON,NC,27890,,,N,N,N,N,N,N,N,N,N,N,N,,,,,N,,,
O20050818000200,4587574355,LIBERTY HEALTHCARE GROUP LLC,2860911682,O,72,ADP OF THE SNF,2025-02-17,,,,,JOHN A MCNEILL JR 2014 IRREVOCABLE TRUST,,2334 S 41ST ST,,WILMINGTON,NC,284035502,,,N,N,N,N,N,N,N,N,N,N,N,,,,Y,N,,,
O20050818000200,4587574355,LIBERTY HEALTHCARE GROUP LLC,2860928223,O,72,ADP OF THE SNF,2025-02-17,,,,,LIBERTY REAL PROPERTIES II LLC,,2334 S 41ST ST,,WILMINGTON,NC,284035502,,,N,Y,N,N,N,Y,N,N,N,N,N,,,,,N,,,
O20050818000200,4587574355,LIBERTY HEALTHCARE GROUP LLC,2961762422,O,86,INDIRECT OWNERSHIP INTEREST,2025-02-17,,,,,RONALD B. AND CYNTHIA J. MCNEILL 2013 IRREVOCABLE TRUST,,2334 S 41ST ST,,WILMINGTON,NC,284035502,24,N,N,N,N,N,N,N,N,N,N,N,N,,,,Y,N,,N,N
O20050818000200,4587574355,LIBERTY HEALTHCARE GROUP LLC,4587183306,O,72,ADP OF THE SNF,2025-02-17,,,,,RONALD B AND CYNTHIA J MCNEIL 2014 IRREVOCABLE TRUST,,2334 S 41ST ST,,WILMINGTON,NC,284035502,,,N,N,N,N,N,N,N,N,N,N,N,,,,Y,N,,,
O20050818000200,4587574355,LIBERTY HEALTHCARE GROUP LLC,6305756172,O,34,5% OR GREATER DIRECT OWNERSHIP INTEREST,2005-07-01,,,,,LIBERTY LONG TERM CARE LLC,,2334 SOUTH 41ST STREET,,WILMINGTON,NC,28403,,N,N,Y,N,N,N,Y,N,N,N,N,N,,,,,N,,N,N
O20050818000200,4587574355,LIBERTY HEALTHCARE GROUP LLC,6305756172,O,85,DIRECT OWNERSHIP INTEREST,2025-02-17,,,,,LIBERTY LONG TERM CARE LLC,,2334 SOUTH 41ST STREET,,WILMINGTON,NC,28403,100,N,N,Y,N,N,N,Y,N,N,N,N,N,,,,,N,,N,N
O20050818000200,4587574355,LIBERTY HEALTHCARE GROUP LLC,7416047246,O,43,OPERATIONAL/MANAGERIAL CONTROL,2025-02-17,,,,,LONG TERM CARE MANAGEMENT SERVICES LLC,,2334 S 41ST ST,,WILMINGTON,NC,284035502,,,N,Y,N,Y,N,N,N,N,N,N,N,,,,,N,,,
O20050818000200,4587574355,LIBERTY HEALTHCARE GROUP LLC,7416047246,O,72,ADP OF THE SNF,2025-02-17,,,,,LONG TERM CARE MANAGEMENT SERVICES LLC,,2334 S 41ST ST,,WILMINGTON,NC,284035502,,,N,Y,N,Y,N,N,N,N,N,N,N,,,,,N,,,
O20050818000200,4587574355,LIBERTY HEALTHCARE GROUP LLC,8022519750,O,72,ADP OF THE SNF,2025-02-17,,,,,LIBERTY HEALTHCARE PROPERTIES OF HALIFAX COUNTY LLC,,2334 S 41ST STREET,,WILMINGTON,NC,28403,,,N,Y,N,N,N,N,N,N,N,N,N,,,,,N,,,
O20050818000200,4587574355,LIBERTY HEALTHCARE GROUP LLC,8224398789,O,86,INDIRECT OWNERSHIP INTEREST,2025-02-17,,,,,JOHN A MCNEILL JR 2012 IRRV TR,,2334 S 41ST ST,,WILMINGTON,NC,284035502,24,N,N,N,N,N,N,N,N,N,N,N,N,,Y,,,N,,N,N
O20050818000224,4587574355,LIBERTY HEALTHCARE GROUP LLC,0941231989,O,34,5% OR GREATER DIRECT OWNERSHIP INTEREST,2005-07-01,,,,,"LIBERTY COMMONS NURSING AND REHABILITATION CENTER OF LEE COUNTY, LLC",,310 COMMERCE DRIVE,,SANFORD,NC,27332,,,N,N,N,N,N,N,N,N,N,N,N,,,,,N,,,
O20050818000224,4587574355,LIBERTY HEALTHCARE GROUP LLC,1850201625,O,72,ADP OF THE SNF,2025-06-06,,,,,LIBERTY HEALTHCARE MANAGEMENT INC,,2334 41ST ST,,WILMINGTON,NC,284035502,,,Y,N,N,Y,N,N,N,N,N,N,N,,,Y,,N,,,
O20050818000224,4587574355,LIBERTY HEALTHCARE GROUP LLC,2961762422,O,86,INDIRECT OWNERSHIP INTEREST,2025-06-06,,,,,RONALD B. AND CYNTHIA J. MCNEILL 2013 IRREVOCABLE TRUST,,2334 41ST ST,,WILMINGTON,NC,284035502,24,N,N,N,N,N,N,N,N,N,N,N,N,,,,Y,N,,N,N
O20050818000224,4587574355,LIBERTY HEALTHCARE GROUP LLC,4587574355,O,86,INDIRECT OWNERSHIP INTEREST,2025-06-06,,,,,LIBERTY HEALTHCARE GROUP LLC,LIBERTY COMMONS NURSING AND REHABILITATION CENTER OF WATAUGA COUNTY,2334 41ST ST,,WILMINGTON,NC,284035502,100,N,N,Y,N,N,N,N,N,N,N,N,N,,,,,N,,N,N
O20050818000224,4587574355,LIBERTY HEALTHCARE GROUP LLC,6305756172,O,34,5% OR GREATER DIRECT OWNERSHIP INTEREST,2005-07-01,,,,,LIBERTY LONG TERM CARE LLC,,2334 41ST STREET,,WILMINGTON,NC,28403,,,N,N,N,N,N,N,N,N,N,N,N,,,,,N,,,
O20050818000224,4587574355,LIBERTY HEALTHCARE GROUP LLC,7416047246,O,72,ADP OF THE SNF,2025-06-06,,,,,LONG TERM CARE MANAGEMENT SERVICES LLC,,2334 41ST ST,,WILMINGTON,NC,284035502,,,N,Y,N,Y,N,N,N,N,N,N,N,,,,,N,,,
O20050818000224,4587574355,LIBERTY HEALTHCARE GROUP LLC,8224398789,O,86,INDIRECT OWNERSHIP INTEREST,2025-06-06,,,,,JOHN A MCNEILL JR 2012 IRRV TR,,2334 41ST ST,,WILMINGTON,NC,284035502,24,N,N,N,N,N,N,N,N,N,N,N,N,,,,Y,N,,N,N
O20050912000961,1052223757,GRANVILLE HEALTH SYSTEM,4486679792,O,34,5% OR GREATER DIRECT OWNERSHIP INTEREST,1973-03-08,,,,,COUNTY OF GRANVILLE,,141 WILLIAMSBORO STREET,P. O. BOX 906,OXFORD,NC,275650906,100,N,N,N,Y,N,N,N,N,N,N,N,N,,,,,N,,N,N
O20050912000961,1052223757,GRANVILLE HEALTH SYSTEM,4486679792,O,72,ADP OF THE SNF,1973-03-08,,,,,COUNTY OF GRANVILLE,,141 WILLIAMSBORO STREET,P. O. BOX 906,OXFORD,NC,275650906,,,N,N,Y,N,N,N,N,N,N,N,N,,,,,N,,,
O20050912000961,1052223757,GRANVILLE HEALTH SYSTEM,4486679792,O,85,DIRECT OWNERSHIP INTEREST,1973-03-08,,,,,COUNTY OF GRANVILLE,,141 WILLIAMSBORO STREET,P. O. BOX 906,OXFORD,NC,275650906,100,N,N,N,Y,N,N,N,N,N,N,N,N,,,,,N,,N,N
O20051018000821,2961428040,SENIOR VENTURES & MANAGEMENT INC,0143703728,O,72,ADP OF THE SNF,2002-10-01,,,,,,,2211 W A ST,,KANNAPOLIS,NC,280819322,,,N,N,N,N,N,N,N,N,N,N,Y,,,,,N,,,
O20051018000821,2961428040,SENIOR VENTURES & MANAGEMENT INC,9234612813,O,72,ADP OF THE SNF,2025-10-10,,,,,,,2000 W 1ST ST,,WINSTON SALEM,NC,271044225,,,Y,N,N,N,N,N,N,N,N,Y,N,,,,,N,,,
O20051118000579,4587574355,LIBERTY HEALTHCARE GROUP LLC,0749209732,O,34,5% OR GREATER DIRECT OWNERSHIP INTEREST,1998-09-01,,,,,"LIBERTY HEALTHCARE SERVICES OF GOLDEN YEARS NURSING CENTER, LLC",,7348 NORTH WEST STREET,,FALCON,NC,28342,,N,N,Y,N,N,N,N,N,N,N,N,N,,,,,N,,N,N
O20051118000579,4587574355,LIBERTY HEALTHCARE GROUP LLC,1759873342,O,72,ADP OF THE SNF,2025-04-03,,,,,"THE FALCON CHILDREN'S HOME AND FAMILY SERVICES, INC.",,7569 NORTH WEST STREET,,FALCON,NC,28342,,,Y,N,N,N,N,N,N,N,N,N,N,,,,,N,,,
O20051118000579,4587574355,LIBERTY HEALTHCARE GROUP LLC,1850201625,O,72,ADP OF THE SNF,2025-04-01,,,,,LIBERTY HEALTHCARE MANAGEMENT INC,,2334 41ST ST,,WILMINGTON,NC,284035502,,,Y,N,N,Y,N,N,N,N,N,N,N,,,Y,,N,,,
O20051118000579,4587574355,LIBERTY HEALTHCARE GROUP LLC,2961762422,O,86,INDIRECT OWNERSHIP INTEREST,2025-04-01,,,,,RONALD B. AND CYNTHIA J. MCNEILL 2013 IRREVOCABLE TRUST,,2334 41ST ST,,WILMINGTON,NC,284035502,24,N,N,N,N,N,N,N,N,N,N,N,N,,,,Y,N,,N,N
O20051118000579,4587574355,LIBERTY HEALTHCARE GROUP LLC,4587574355,O,86,INDIRECT OWNERSHIP INTEREST,2025-04-01,,,,,LIBERTY HEALTHCARE GROUP LLC,LIBERTY COMMONS NURSING AND REHABILITATION CENTER OF WATAUGA COUNTY,2334 41ST ST,,WILMINGTON,NC,284035502,100,N,N,Y,N,N,N,N,N,N,N,N,N,,,,,N,,Y,Y
O20051118000579,4587574355,LIBERTY HEALTHCARE GROUP LLC,6305756172,O,43,OPERATIONAL/MANAGERIAL CONTROL,2025-04-01,,,,,LIBERTY LONG TERM CARE LLC,,44 MCNEILL PLZ,,WHITEVILLE,NC,284728602,,,N,Y,N,N,N,N,N,N,N,N,N,,,,,N,,,
O20051118000579,4587574355,LIBERTY HEALTHCARE GROUP LLC,6305756172,O,85,DIRECT OWNERSHIP INTEREST,2025-04-01,,,,,LIBERTY LONG TERM CARE LLC,,44 MCNEILL PLZ,,WHITEVILLE,NC,284728602,100,N,N,Y,N,N,N,N,N,N,N,N,N,,,,,N,,N,Y
O20051118000579,4587574355,LIBERTY HEALTHCARE GROUP LLC,7416047246,O,72,ADP OF THE SNF,2025-04-01,,,,,LONG TERM CARE MANAGEMENT SERVICES LLC,,2334 41ST ST,,WILMINGTON,NC,284035502,,,N,Y,N,Y,N,N,N,N,N,N,N,,,,,N,,,
O20051118000579,4587574355,LIBERTY HEALTHCARE GROUP LLC,8224398789,O,86,INDIRECT OWNERSHIP INTEREST,2025-04-01,,,,,JOHN A MCNEILL JR 2012 IRRV TR,,2334 41ST ST,,WILMINGTON,NC,284035502,24,N,N,N,N,N,N,N,N,N,N,N,N,,,,Y,N,,N,N
O20051123000109,5890711691,CARTHAGE HEALTHCARE INC.,6305757477,O,43,OPERATIONAL/MANAGERIAL CONTROL,2005-08-05,,,,,PEAK RESOURCES INC,,101 BAINES COURT,,CARY,NC,275116625,100,,N,N,N,N,N,N,N,N,N,Y,N,,,,,N,,,
O20051215000293,4587574355,LIBERTY HEALTHCARE GROUP LLC,1850201625,O,72,ADP OF THE SNF,2025-04-01,,,,,LIBERTY HEALTHCARE MANAGEMENT INC,,2334 S 41ST STREET,,WILMINGTON,NC,284035502,,,Y,N,N,Y,N,N,N,N,N,N,N,,,Y,,N,,,
O20051215000293,4587574355,LIBERTY HEALTHCARE GROUP LLC,2961762422,O,86,INDIRECT OWNERSHIP INTEREST,2025-04-01,,,,,RONALD B. AND CYNTHIA J. MCNEILL 2013 IRREVOCABLE TRUST,,2334 S 41ST STREET,,WILMINGTON,NC,284035502,24,N,N,N,N,N,N,N,N,N,N,N,N,,,,Y,N,,N,N
O20051215000293,4587574355,LIBERTY HEALTHCARE GROUP LLC,4486565017,O,34,5% OR GREATER DIRECT OWNERSHIP INTEREST,2002-10-01,,,,,"LIBERTY COMMONS NURSING & REHAB OF JOHNSTON COUNTY, LLC",LIBERTY COMMONS NURSING - JOHNSTON COUNTY,2315 NC HIGHWAY 242 NORTH,,BENSON,NC,27504,,,N,N,N,N,N,N,N,N,N,N,N,,,,,N,,,
O20051215000293,4587574355,LIBERTY HEALTHCARE GROUP LLC,4587574355,O,86,INDIRECT OWNERSHIP INTEREST,2025-04-01,,,,,LIBERTY HEALTHCARE GROUP LLC,LIBERTY COMMONS NURSING AND REHABILITATION CENTER OF WATAUGA COUNTY,2334 SOUTH 41ST STREET,,WILMINGTON,NC,28403,100,N,N,Y,N,N,N,Y,N,N,N,N,N,,,,,N,,Y,Y
O20051215000293,4587574355,LIBERTY HEALTHCARE GROUP LLC,5597262105,O,72,ADP OF THE SNF,2025-04-01,,,,,LIBERTY HEALTHCARE PROPERTIES OF COLUMBUS COUNTY LLC,,2334 S 41ST STREET,,WILMINGTON,NC,284035502,,,N,Y,N,N,N,N,N,N,N,N,N,,,,,N,,,
O20051215000293,4587574355,LIBERTY HEALTHCARE GROUP LLC,6305756172,O,34,5% OR GREATER DIRECT OWNERSHIP INTEREST,2025-04-01,,,,,LIBERTY LONG TERM CARE LLC,,2334 SOUTH 41ST STREET,,WILMINGTON,NC,28403,,N,N,Y,N,N,N,Y,N,N,N,N,N,,,,,N,,N,Y
O20051215000293,4587574355,LIBERTY HEALTHCARE GROUP LLC,7416047246,O,72,ADP OF THE SNF,2025-04-01,,,,,LONG TERM CARE MANAGEMENT SERVICES LLC,,2334 S 41ST STREET,,WILMINGTON,NC,284035502,,,N,Y,N,Y,N,N,N,N,N,N,N,,,,,N,,,
O20051215000293,4587574355,LIBERTY HEALTHCARE GROUP LLC,8224398789,O,86,INDIRECT OWNERSHIP INTEREST,2025-04-01,,,,,JOHN A MCNEILL JR 2012 IRRV TR,,2334 S 41ST STREET,,WILMINGTON,NC,284035502,24,N,N,N,N,N,N,N,N,N,N,N,N,,,,Y,N,,N,N
O20051215000293,4587574355,LIBERTY HEALTHCARE GROUP LLC,8921038001,O,72,ADP OF THE SNF,2025-04-01,,,,,"LIBERTY REAL PROPERTIES, LLC",,2334 S 41ST STREET,,WILMINGTON,NC,284035502,,,N,Y,N,N,N,Y,N,N,N,N,N,,,,,N,,,
O20051215000345,4587574355,LIBERTY HEALTHCARE GROUP LLC,1850201625,O,43,OPERATIONAL/MANAGERIAL CONTROL,2002-10-01,,,,,LIBERTY HEALTHCARE MANAGEMENT INC,,2334 SOUTH 41ST STREET,,WILMINGTON,NC,28403,,,N,N,N,N,N,N,N,N,N,N,N,,,,,N,,,
O20051215000345,4587574355,LIBERTY HEALTHCARE GROUP LLC,2961762422,O,35,5% OR GREATER INDIRECT OWNERSHIP INTEREST,2025-06-25,,,,,RONALD B. AND CYNTHIA J. MCNEILL 2013 IRREVOCABLE TRUST,,2334 S 41ST ST,,WILMINGTON,NC,284035502,24,N,N,N,N,N,N,N,N,N,N,N,N,,,,Y,N,,N,N
O20051215000345,4587574355,LIBERTY HEALTHCARE GROUP LLC,4587574355,O,35,5% OR GREATER INDIRECT OWNERSHIP INTEREST,2025-06-25,,,,,LIBERTY HEALTHCARE GROUP LLC,LIBERTY COMMONS NURSING AND REHABILITATION CENTER OF WATAUGA COUNTY,2334 S 41ST ST,,WILMINGTON,NC,284035502,100,N,N,Y,N,N,N,Y,N,N,N,N,N,,,,,N,,Y,Y
O20051215000345,4587574355,LIBERTY HEALTHCARE GROUP LLC,6305756172,O,34,5% OR GREATER DIRECT OWNERSHIP INTEREST,2002-10-01,,,,,LIBERTY LONG TERM CARE LLC,,2334 SOUTH 41ST STREET,,WILMINGTON,NC,28403,100,N,N,Y,N,N,N,Y,N,N,N,N,N,,,,,N,,N,Y
O20051215000345,4587574355,LIBERTY HEALTHCARE GROUP LLC,7416047246,O,72,ADP OF THE SNF,2025-06-25,,,,,LONG TERM CARE MANAGEMENT SERVICES LLC,,2334 S 41ST ST,,WILMINGTON,NC,284035502,,,N,Y,N,Y,N,N,N,N,N,N,N,,,,,N,,,
O20051215000345,4587574355,LIBERTY HEALTHCARE GROUP LLC,7517865850,O,34,5% OR GREATER DIRECT OWNERSHIP INTEREST,2002-10-01,,,,,"THREE RIVERS HEALTH AND REHABILITATION CENTER, LLC",THREE RIVERS HEALTH AND REHABILITATION CENTER,1403 CONNER DRIVE,,WINDSOR,NC,27983,,,N,N,N,N,N,N,N,N,N,N,N,,,,,N,,,
O20051215000345,4587574355,LIBERTY HEALTHCARE GROUP LLC,8224398789,O,35,5% OR GREATER INDIRECT OWNERSHIP INTEREST,2025-06-25,,,,,JOHN A MCNEILL JR 2012 IRRV TR,,2334 S 41ST ST,,WILMINGTON,NC,284035502,24,N,N,N,N,N,N,N,N,N,N,N,N,,,,Y,N,,N,N
O20051215000345,4587574355,LIBERTY HEALTHCARE GROUP LLC,8921038001,O,34,5% OR GREATER DIRECT OWNERSHIP INTEREST,2025-06-25,,,,,"LIBERTY REAL PROPERTIES, LLC",,2334 S 41ST ST,,WILMINGTON,NC,284035502,100,N,N,Y,N,N,N,Y,N,N,N,N,N,,,,,N,,N,Y
O20051215000345,4587574355,LIBERTY HEALTHCARE GROUP LLC,9931607769,O,34,5% OR GREATER DIRECT OWNERSHIP INTEREST,2025-06-25,,,,,LIBERTY HEALTHCARE PROPERTIES OF BERTIE COUNTY LLC,,2334 S 41ST STREET,,WILMINGTON,NC,28403,100,Y,N,Y,N,N,N,N,N,N,N,N,N,,,,,N,,N,Y
O20051215000385,4587574355,LIBERTY HEALTHCARE GROUP LLC,1850201625,O,43,OPERATIONAL/MANAGERIAL CONTROL,2002-10-01,,,,,LIBERTY HEALTHCARE MANAGEMENT INC,,2334 SOUTH 41ST STREET,,WILMINGTON,NC,28403,,,N,N,N,N,N,N,N,N,N,N,N,,,,,N,,,
O20051215000385,4587574355,LIBERTY HEALTHCARE GROUP LLC,5698673002,O,34,5% OR GREATER DIRECT OWNERSHIP INTEREST,2002-10-01,,,,,"LIBERTY COMMONS NURSING AND REHABILITATION CENTER OF ALAMANCE COUNTY,",LIBERTY COMMONS NURSING - ALAMANCE COUNTY,791 BOONE STATION TRAIL,,BURLINGTON,NC,27215,,,N,N,N,N,N,N,N,N,N,N,N,,,,,N,,,
O20051215000385,4587574355,LIBERTY HEALTHCARE GROUP LLC,6305756172,O,34,5% OR GREATER DIRECT OWNERSHIP INTEREST,2002-10-01,,,,,LIBERTY LONG TERM CARE LLC,,2334 SOUTH 41ST STREET,,WILMINGTON,NC,28403,,,N,N,N,N,N,N,N,N,N,N,N,,,,,N,,,
O20051215000385,4587574355,LIBERTY HEALTHCARE GROUP LLC,7416047246,O,34,5% OR GREATER DIRECT OWNERSHIP INTEREST,2011-03-10,,,,,LONG TERM CARE MANAGEMENT SERVICES LLC,,2334 SOUTH 41 STREET,,WILMINGTON,NC,284035502,100,N,N,Y,N,N,N,N,N,N,N,N,N,,,,,N,,,
O20051215000385,4587574355,LIBERTY HEALTHCARE GROUP LLC,7416047246,O,43,OPERATIONAL/MANAGERIAL CONTROL,2011-03-10,,,,,LONG TERM CARE MANAGEMENT SERVICES LLC,,2334 SOUTH 41 STREET,,WILMINGTON,NC,284035502,,,N,Y,N,N,N,N,N,N,N,N,N,,,,,N,,,
O20051215000448,4587574355,LIBERTY HEALTHCARE GROUP LLC,1850201625,O,43,OPERATIONAL/MANAGERIAL CONTROL,2002-10-01,,,,,LIBERTY HEALTHCARE MANAGEMENT INC,,2334 41ST STREET,,WILMINGTON,NC,28403,,,N,N,N,N,N,N,N,N,N,N,N,,,,,N,,,
O20051215000448,4587574355,LIBERTY HEALTHCARE GROUP LLC,4486552023,O,34,5% OR GREATER DIRECT OWNERSHIP INTEREST,2002-10-01,,,,,"LIBERTY COMMONS NURSING AND REHABILITATION CENTER OF ROWAN COUNTY, LLC",LIBERTY COMMONS NURSING - ROWAN COUNTY,4412 SOUTH MAIN STREET,,SALISBURY,NC,28417,,,N,N,N,N,N,N,N,N,N,N,N,,,,,N,,,
O20051215000448,4587574355,LIBERTY HEALTHCARE GROUP LLC,4587574355,O,34,5% OR GREATER DIRECT OWNERSHIP INTEREST,2010-01-01,,,,,LIBERTY HEALTHCARE GROUP LLC,LIBERTY COMMONS NURSING AND REHABILITATION CENTER OF WATAUGA COUNTY,2334 SOUTH 41ST STREET,,WILMINGTON,NC,284035502,,,N,N,N,N,N,N,N,N,N,N,N,,,,,N,,,
O20051215000448,4587574355,LIBERTY HEALTHCARE GROUP LLC,4587574355,O,43,OPERATIONAL/MANAGERIAL CONTROL,2010-01-01,,,,,LIBERTY HEALTHCARE GROUP LLC,LIBERTY COMMONS NURSING AND REHABILITATION CENTER OF WATAUGA COUNTY,2334 SOUTH 41ST STREET,,WILMINGTON,NC,284035502,,,N,N,N,N,N,N,N,N,N,N,N,,,,,N,,,
O20051215000448,4587574355,LIBERTY HEALTHCARE GROUP LLC,6305756172,O,34,5% OR GREATER DIRECT OWNERSHIP INTEREST,2002-10-01,,,,,LIBERTY LONG TERM CARE LLC,,2334 41ST STREET,,WILMINGTON,NC,28403,,,N,N,N,N,N,N,N,N,N,N,N,,,,,N,,,
O20051215000857,4587574355,LIBERTY HEALTHCARE GROUP LLC,1850201625,O,43,OPERATIONAL/MANAGERIAL CONTROL,2025-04-29,,,,,LIBERTY HEALTHCARE MANAGEMENT INC,,2334 41ST STREET,,WILMINGTON,NC,28403,,,Y,N,N,Y,N,N,N,N,N,N,N,,,Y,,N,,,
O20051215000857,4587574355,LIBERTY HEALTHCARE GROUP LLC,1850201625,O,72,ADP OF THE SNF,2025-04-29,,,,,LIBERTY HEALTHCARE MANAGEMENT INC,,2334 41ST STREET,,WILMINGTON,NC,28403,,,Y,N,N,Y,N,N,N,N,N,N,N,,,Y,,N,,,
O20051215000857,4587574355,LIBERTY HEALTHCARE GROUP LLC,2961762422,O,35,5% OR GREATER INDIRECT OWNERSHIP INTEREST,2025-04-01,,,,,RONALD B. AND CYNTHIA J. MCNEILL 2013 IRREVOCABLE TRUST,,2334 S 41ST STREET,,WILMINGTON,NC,284035502,24,N,N,N,N,N,N,N,N,N,N,N,N,,,,Y,N,,N,N
O20051215000857,4587574355,LIBERTY HEALTHCARE GROUP LLC,4587574355,O,72,ADP OF THE SNF,2025-07-22,,,,,LIBERTY HEALTHCARE GROUP LLC,LIBERTY COMMONS NURSING AND REHABILITATION CENTER OF WATAUGA COUNTY,2334 S 41ST STREET,,WILMINGTON,NC,284035502,,,N,Y,N,N,N,Y,Y,N,N,N,N,,,,,N,,,
O20051215000857,4587574355,LIBERTY HEALTHCARE GROUP LLC,4587574355,O,86,INDIRECT OWNERSHIP INTEREST,2025-04-29,,,,,LIBERTY HEALTHCARE GROUP LLC,LIBERTY COMMONS NURSING AND REHABILITATION CENTER OF WATAUGA COUNTY,2334 S 41ST STREET,,WILMINGTON,NC,284035502,100,N,N,Y,N,N,N,Y,Y,N,N,N,N,,,,,N,,N,N
O20051215000857,4587574355,LIBERTY HEALTHCARE GROUP LLC,6305756172,O,34,5% OR GREATER DIRECT OWNERSHIP INTEREST,2005-10-01,,,,,LIBERTY LONG TERM CARE LLC,,2334 SOUTH 41ST STREET,,WILMINGTON,NC,28403,,,N,N,N,N,N,N,N,N,N,N,N,,,,,N,,,
O20051215000857,4587574355,LIBERTY HEALTHCARE GROUP LLC,7416047246,O,72,ADP OF THE SNF,2025-04-01,,,,,LONG TERM CARE MANAGEMENT SERVICES LLC,,2334 S 41ST STREET,,WILMINGTON,NC,284035502,,,N,Y,N,Y,N,N,N,N,N,N,N,,,,,N,,,
O20051215000857,4587574355,LIBERTY HEALTHCARE GROUP LLC,8224398789,O,86,INDIRECT OWNERSHIP INTEREST,2025-04-29,,,,,JOHN A MCNEILL JR 2012 IRRV TR,,2334 S 41ST STREET,,WILMINGTON,NC,284035502,,N,N,N,N,N,N,N,N,N,N,N,N,,,,Y,N,,N,N
O20051215000857,4587574355,LIBERTY HEALTHCARE GROUP LLC,9739100868,O,34,5% OR GREATER DIRECT OWNERSHIP INTEREST,2005-10-01,,,,,"LIBERTY COMMONS NURSING AND REHABILITATION CENTER OF WAKE COUNTY, LLC",,2334 S 41ST STREET,,WILMINGTON,NC,28403,,,N,N,N,N,N,N,N,N,N,N,N,,,,,N,,,
O20060111000112,4587574355,LIBERTY HEALTHCARE GROUP LLC,1850201625,O,72,ADP OF THE SNF,2025-06-25,,,,,LIBERTY HEALTHCARE MANAGEMENT INC,,2334 SOUTH 41ST STREET,,WILMINGTON,NC,28403,,,Y,N,N,Y,N,N,N,N,N,N,N,,,,,N,,,
O20060111000112,4587574355,LIBERTY HEALTHCARE GROUP LLC,2365465846,O,34,5% OR GREATER DIRECT OWNERSHIP INTEREST,1998-09-01,,,,,"LIBERTY HEALTHCARE SERVICES OF SOUTHWOOD NURSING CENTER, LLC",,108 SOUTHWOOD DRIVE,,CLINTON,NC,28329,,,N,N,N,N,N,N,N,N,N,N,N,,,,,N,,,
O20060111000112,4587574355,LIBERTY HEALTHCARE GROUP LLC,2961762422,O,35,5% OR GREATER INDIRECT OWNERSHIP INTEREST,2025-06-25,,,,,RONALD B. AND CYNTHIA J. MCNEILL 2013 IRREVOCABLE TRUST,,2334 41ST ST,,WILMINGTON,NC,284035502,24,N,N,N,N,N,N,N,N,N,N,N,N,,,,Y,N,,N,N
O20060111000112,4587574355,LIBERTY HEALTHCARE GROUP LLC,2961762422,O,71,TRUSTEE OF THE SNF,2025-06-24,,,,,RONALD B. AND CYNTHIA J. MCNEILL 2013 IRREVOCABLE TRUST,,2334 41ST ST,,WILMINGTON,NC,284035502,,,N,N,N,N,N,N,N,N,N,N,N,,,,Y,N,,,
O20060111000112,4587574355,LIBERTY HEALTHCARE GROUP LLC,4587574355,O,35,5% OR GREATER INDIRECT OWNERSHIP INTEREST,2025-06-25,,,,,LIBERTY HEALTHCARE GROUP LLC,LIBERTY COMMONS NURSING AND REHABILITATION CENTER OF WATAUGA COUNTY,2334 41ST ST,,WILMINGTON,NC,284035502,100,N,N,Y,N,N,N,Y,N,N,N,N,N,,,,,N,,N,N
O20060111000112,4587574355,LIBERTY HEALTHCARE GROUP LLC,5193218741,O,72,ADP OF THE SNF,2025-06-25,,,,,LIBERTY HEALTHCARE PROPERTIES OF SOUTHWOOD LLC,,2334 41ST ST,,WILMINGTON,NC,284035502,,,N,Y,N,N,N,N,N,N,N,N,N,,,,,N,,,
O20060111000112,4587574355,LIBERTY HEALTHCARE GROUP LLC,6305756172,O,34,5% OR GREATER DIRECT OWNERSHIP INTEREST,2002-10-10,,,,,LIBERTY LONG TERM CARE LLC,,2334 SOUTH 41ST STREET,,WILMINGTON,NC,28403,100,N,N,Y,N,N,N,Y,N,N,N,N,N,,,,,N,,N,Y
O20060111000112,4587574355,LIBERTY HEALTHCARE GROUP LLC,6305756172,O,72,ADP OF THE SNF,2025-12-03,,,,,LIBERTY LONG TERM CARE LLC,,2334 SOUTH 41ST STREET,,WILMINGTON,NC,28403,,,N,Y,N,N,N,Y,N,N,N,N,N,,,,,N,,,
O20060111000112,4587574355,LIBERTY HEALTHCARE GROUP LLC,8224398789,O,35,5% OR GREATER INDIRECT OWNERSHIP INTEREST,2025-06-25,,,,,JOHN A MCNEILL JR 2012 IRRV TR,,2334 41ST ST,,WILMINGTON,NC,284035502,24,N,N,N,N,N,N,N,N,N,N,N,N,,,,Y,N,,N,N
O20060111000112,4587574355,LIBERTY HEALTHCARE GROUP LLC,8921038001,O,72,ADP OF THE SNF,2025-06-25,,,,,"LIBERTY REAL PROPERTIES, LLC",,2334 41ST ST,,WILMINGTON,NC,284035502,,,N,Y,N,N,N,Y,N,N,N,N,N,,,,,N,,,
O20060111000259,4587574355,LIBERTY HEALTHCARE GROUP LLC,1850201625,O,72,ADP OF THE SNF,2025-06-25,,,,,LIBERTY HEALTHCARE MANAGEMENT INC,,2334 S 41ST ST,,WILMINGTON,NC,284035502,,,Y,N,N,Y,N,N,N,N,N,N,N,,,Y,,N,,,
O20060111000259,4587574355,LIBERTY HEALTHCARE GROUP LLC,2961762422,O,35,5% OR GREATER INDIRECT OWNERSHIP INTEREST,2025-06-25,,,,,RONALD B. AND CYNTHIA J. MCNEILL 2013 IRREVOCABLE TRUST,,2334 41ST ST,,WILMINGTON,NC,284035502,24,N,N,N,N,N,N,N,N,N,N,N,N,,,,Y,N,,N,N
O20060111000259,4587574355,LIBERTY HEALTHCARE GROUP LLC,4587574355,O,35,5% OR GREATER INDIRECT OWNERSHIP INTEREST,2025-06-25,,,,,LIBERTY HEALTHCARE GROUP LLC,LIBERTY COMMONS NURSING AND REHABILITATION CENTER OF WATAUGA COUNTY,2334 SOUTH 41ST ST,,WILMINGTON,NC,284035502,100,N,N,Y,N,N,N,Y,N,N,N,N,N,,,,,N,,Y,Y
O20060111000259,4587574355,LIBERTY HEALTHCARE GROUP LLC,5193218741,O,72,ADP OF THE SNF,2025-06-25,,,,,LIBERTY HEALTHCARE PROPERTIES OF SOUTHWOOD LLC,,2334 SOUTH 41ST ST,,WILMINGTON,NC,284035502,,,N,Y,N,N,N,N,N,N,N,N,N,,,,,N,,,
O20060111000259,4587574355,LIBERTY HEALTHCARE GROUP LLC,6305756172,O,34,5% OR GREATER DIRECT OWNERSHIP INTEREST,2025-06-25,,,,,LIBERTY LONG TERM CARE LLC,,2334 SOUTH 41ST STREET,,WILMINGTON,NC,28403,100,N,N,Y,N,N,N,Y,N,N,N,N,N,,,,,N,,N,Y
O20060111000259,4587574355,LIBERTY HEALTHCARE GROUP LLC,7416047246,O,72,ADP OF THE SNF,2024-09-05,,,,,LONG TERM CARE MANAGEMENT SERVICES LLC,,2334 S 41ST STREET,,WILMNGTON,NC,280405502,,,N,Y,N,Y,N,N,N,N,N,N,N,,,,,N,,,
O20060111000259,4587574355,LIBERTY HEALTHCARE GROUP LLC,8224398789,O,35,5% OR GREATER INDIRECT OWNERSHIP INTEREST,2025-06-25,,,,,JOHN A MCNEILL JR 2012 IRRV TR,,2334 SOUTH 41ST ST,,WILMINGTON,NC,284035502,24,N,N,N,N,N,N,N,N,N,N,N,N,,,,Y,N,,N,N
O20060111000259,4587574355,LIBERTY HEALTHCARE GROUP LLC,8921038001,O,72,ADP OF THE SNF,2025-06-25,,,,,"LIBERTY REAL PROPERTIES, LLC",,2334 41ST ST,,WILMINGTON,NC,284035502,,,N,Y,N,N,N,Y,N,N,N,N,N,,,,,N,,,
O20060120000119,4587574355,LIBERTY HEALTHCARE GROUP LLC,1850201625,O,43,OPERATIONAL/MANAGERIAL CONTROL,2002-10-01,,,,,LIBERTY HEALTHCARE MANAGEMENT INC,,2334 SOUTH 41ST STREET,,WILMINGTON,NC,28403,,,N,N,N,N,N,N,N,N,N,N,N,,,,,N,,,
O20060120000119,4587574355,LIBERTY HEALTHCARE GROUP LLC,7416047246,O,34,5% OR GREATER DIRECT OWNERSHIP INTEREST,2012-10-31,,,,,LONG TERM CARE MANAGEMENT SERVICES LLC,,2334 SOUTH 41 STREET,,WILMINGTON,NC,284035502,,N,N,Y,N,N,N,N,N,N,N,N,N,,,,,N,,,
O20060123000773,4587574355,LIBERTY HEALTHCARE GROUP LLC,2961762422,O,35,5% OR GREATER INDIRECT OWNERSHIP INTEREST,2025-04-01,,,,,RONALD B. AND CYNTHIA J. MCNEILL 2013 IRREVOCABLE TRUST,,2334 41ST ST,,WILMINGTON,NC,284035502,24,N,N,N,N,N,N,N,N,N,N,N,N,,,,Y,N,,N,N
O20060123000773,4587574355,LIBERTY HEALTHCARE GROUP LLC,2961762422,O,72,ADP OF THE SNF,2025-04-01,,,,,RONALD B. AND CYNTHIA J. MCNEILL 2013 IRREVOCABLE TRUST,,2334 41ST ST,,WILMINGTON,NC,284035502,,,N,N,N,N,N,N,N,N,N,N,N,,,,Y,N,,,
O20060123000773,4587574355,LIBERTY HEALTHCARE GROUP LLC,2961762422,O,86,INDIRECT OWNERSHIP INTEREST,2025-04-01,,,,,RONALD B. AND CYNTHIA J. MCNEILL 2013 IRREVOCABLE TRUST,,2334 41ST ST,,WILMINGTON,NC,284035502,24,N,N,N,N,N,N,N,N,N,N,N,N,,,,Y,N,,N,N
O20060123000773,4587574355,LIBERTY HEALTHCARE GROUP LLC,4587574355,O,72,ADP OF THE SNF,2025-09-29,,,,,LIBERTY HEALTHCARE GROUP LLC,LIBERTY COMMONS NURSING AND REHABILITATION CENTER OF WATAUGA COUNTY,2334 41ST ST,,WILMINGTON,NC,284035502,,,N,Y,N,N,N,Y,N,N,N,N,N,,,,,N,,,
O20060123000773,4587574355,LIBERTY HEALTHCARE GROUP LLC,4587574355,O,86,INDIRECT OWNERSHIP INTEREST,2025-04-01,,,,,LIBERTY HEALTHCARE GROUP LLC,LIBERTY COMMONS NURSING AND REHABILITATION CENTER OF WATAUGA COUNTY,2334 41ST ST,,WILMINGTON,NC,284035502,100,N,N,Y,N,N,N,Y,N,N,N,N,N,,,,,N,,Y,Y
O20060123000773,4587574355,LIBERTY HEALTHCARE GROUP LLC,6305756172,O,34,5% OR GREATER DIRECT OWNERSHIP INTEREST,2003-04-01,,,,,LIBERTY LONG TERM CARE LLC,,2334 SOUTH 41ST STREET,,WILMINGTON,NC,28403,,,N,N,N,N,N,N,N,N,N,N,N,,,,,N,,,
O20060123000773,4587574355,LIBERTY HEALTHCARE GROUP LLC,7416047246,O,34,5% OR GREATER DIRECT OWNERSHIP INTEREST,2011-03-10,,,,,LONG TERM CARE MANAGEMENT SERVICES LLC,,2334 SOUTH 41ST,,WILMINGTON,NC,284035502,100,N,N,Y,N,N,N,N,N,N,N,N,N,,,,,N,,,
O20060123000773,4587574355,LIBERTY HEALTHCARE GROUP LLC,8224398789,O,72,ADP OF THE SNF,2025-04-01,,,,,JOHN A MCNEILL JR 2012 IRRV TR,,2334 41ST ST,,WILMINGTON,NC,284035502,,,N,N,N,N,N,N,N,N,N,N,N,,,,Y,N,,,
O20060123000773,4587574355,LIBERTY HEALTHCARE GROUP LLC,8224398789,O,86,INDIRECT OWNERSHIP INTEREST,2025-04-01,,,,,JOHN A MCNEILL JR 2012 IRRV TR,,2334 41ST ST,,WILMINGTON,NC,284035502,24,N,N,N,N,N,N,N,N,N,N,N,N,,,,Y,N,,N,N
O20060123000773,4587574355,LIBERTY HEALTHCARE GROUP LLC,8921038001,O,72,ADP OF THE SNF,2025-04-01,,,,,"LIBERTY REAL PROPERTIES, LLC",,2334 41ST ST,,WILMINGTON,NC,284035502,,,N,Y,N,N,N,Y,N,N,N,N,N,,,,,N,,,
O20060123000773,4587574355,LIBERTY HEALTHCARE GROUP LLC,8921038001,O,86,INDIRECT OWNERSHIP INTEREST,2025-04-01,,,,,"LIBERTY REAL PROPERTIES, LLC",,2334 41ST ST,,WILMINGTON,NC,284035502,100,N,N,Y,N,N,N,Y,N,N,N,N,N,,,,,N,,N,Y
O20060207000194,9931114345,A G RHODES HOME COBB INC,8123548575,O,43,OPERATIONAL/MANAGERIAL CONTROL,2017-11-17,,,,,UNIDINE CORPORATION,UNIDINE,2400 YORKMONT RD,,CHARLOTTE,NC,282174511,,,Y,N,N,N,N,N,N,N,N,Y,N,,,,,Y,DINING SERVICES,,
O20060207000194,9931114345,A G RHODES HOME COBB INC,8123548575,O,72,ADP OF THE SNF,2025-04-01,,,,,UNIDINE CORPORATION,UNIDINE,2400 YORKMONT RD,,CHARLOTTE,NC,282174511,,,Y,N,N,N,N,N,N,N,N,Y,N,,,,,Y,DINING SERVICES,,
O20060316000366,6901717537,LIBERTY COMMONS NURSING CENTER INC,1850201625,O,43,OPERATIONAL/MANAGERIAL CONTROL,1994-11-18,,,,,LIBERTY HEALTHCARE MANAGEMENT INC,,2334 SOUTH 41ST STREET,,WILMINGTON,NC,28403,,,N,N,N,N,N,N,N,N,N,N,N,,,,,N,,,
O20060320000213,6204744600,THE MOSES H CONE MEMORIAL HOSPITAL OPERATING CORPORATION,3072416635,O,34,5% OR GREATER DIRECT OWNERSHIP INTEREST,2005-04-01,,,,,THE MOSES H. CONE MEMORIAL HOSPITAL,,1200 NORTH ELM STREET,,GREENSBORO,NC,274011020,100,N,Y,N,N,N,N,N,N,N,N,N,Y,,,Y,,N,,N,Y
O20060320000213,6204744600,THE MOSES H CONE MEMORIAL HOSPITAL OPERATING CORPORATION,3072416635,O,72,ADP OF THE SNF,2005-04-01,,,,,THE MOSES H. CONE MEMORIAL HOSPITAL,,1200 NORTH ELM STREET,,GREENSBORO,NC,274011020,,,Y,N,N,N,N,N,N,N,N,N,Y,,,Y,,N,,,
O20060427000050,5092725614,SHORELAND HEALTHCARE & RETIREMENT CENTER INC,1850201625,O,43,OPERATIONAL/MANAGERIAL CONTROL,2025-04-29,,,,,LIBERTY HEALTHCARE MANAGEMENT INC,,2334 S 41ST STREET,,WILMNGTON,NC,280405502,,,Y,N,N,Y,N,N,N,N,N,N,N,,,Y,,N,,,
O20060427000050,5092725614,SHORELAND HEALTHCARE & RETIREMENT CENTER INC,1850201625,O,72,ADP OF THE SNF,2025-04-29,,,,,LIBERTY HEALTHCARE MANAGEMENT INC,,2334 S 41ST STREET,,WILMNGTON,NC,280405502,,,Y,N,N,Y,N,N,N,N,N,N,N,,,Y,,N,,,
O20060427000050,5092725614,SHORELAND HEALTHCARE & RETIREMENT CENTER INC,2961762422,O,72,ADP OF THE SNF,2026-03-23,,,,,RONALD B. AND CYNTHIA J. MCNEILL 2013 IRREVOCABLE TRUST,,2334 S. 41ST STREET,,WILMNGTON,NC,28403,,,N,N,N,N,N,N,N,N,N,N,N,,,,Y,N,,,
O20060427000050,5092725614,SHORELAND HEALTHCARE & RETIREMENT CENTER INC,4587574355,O,72,ADP OF THE SNF,2026-03-23,,,,,LIBERTY HEALTHCARE GROUP LLC,LIBERTY COMMONS NURSING AND REHABILITATION CENTER OF WATAUGA COUNTY,2334 S. 41ST STREET,,WILMNGTON,NC,28403,,,N,Y,N,N,N,Y,N,N,N,N,N,,,,,N,,,
O20060427000050,5092725614,SHORELAND HEALTHCARE & RETIREMENT CENTER INC,6305756172,O,72,ADP OF THE SNF,2026-03-23,,,,,LIBERTY LONG TERM CARE LLC,,2334 S. 41ST STREET,,WILMNGTON,NC,28403,,,N,Y,N,N,N,Y,N,N,N,N,N,,,,,N,,,
O20060427000050,5092725614,SHORELAND HEALTHCARE & RETIREMENT CENTER INC,6800370339,O,72,ADP OF THE SNF,2025-04-29,,,,,"LIBERTY HEALTHCARE PROPERTIES OF SHORELAND, LLC",,2334 S. 41ST STREET,,WILMINGTON,NC,28403,,,N,Y,N,N,N,N,N,N,N,N,N,,,,,N,,,
O20060427000050,5092725614,SHORELAND HEALTHCARE & RETIREMENT CENTER INC,7416047246,O,72,ADP OF THE SNF,2025-04-29,,,,,LONG TERM CARE MANAGEMENT SERVICES LLC,,2334 S. 41ST STREET,,WILMNGTON,NC,28403,,,N,Y,N,Y,N,N,N,N,N,N,N,,,,,N,,,
O20060427000050,5092725614,SHORELAND HEALTHCARE & RETIREMENT CENTER INC,8224398789,O,72,ADP OF THE SNF,2026-03-23,,,,,JOHN A MCNEILL JR 2012 IRRV TR,,2334 S. 41ST STREET,,WILMNGTON,NC,28403,,,N,N,N,N,N,N,N,N,N,N,N,,,,Y,N,,,
O20060427000050,5092725614,SHORELAND HEALTHCARE & RETIREMENT CENTER INC,8921038001,O,72,ADP OF THE SNF,2025-04-29,,,,,"LIBERTY REAL PROPERTIES, LLC",,2334 S. 41ST STREET,,WILMNGTON,NC,28403,,,N,Y,N,N,N,Y,N,N,N,N,N,,,,,N,,,
O20060720000335,1951314723,CRESTVIEW OPERATIONS LLC,7315448636,O,72,ADP OF THE SNF,2022-01-21,,,,,"INCOVATE SOLUTIONS, LLC",,9200 COVEY HOLLOW CT,STE 201,CHARLOTTE,NC,282107998,,,N,Y,N,N,N,N,N,N,N,Y,N,,,,,N,,,
O20060721000133,4284647090,"WATERFORD OPERATIONS, LLC",7315448636,O,72,ADP OF THE SNF,2022-01-21,,,,,"INCOVATE SOLUTIONS, LLC",,9200 COVEY HOLLOW CT,STE 201,CHARLOTTE,NC,282107998,,,N,Y,N,N,N,N,N,N,N,Y,N,,,,,N,,,
O20060721000201,8123031945,"RIVERPARK OPERATIONS, LLC",7315448636,O,72,ADP OF THE SNF,2022-01-21,,,,,"INCOVATE SOLUTIONS, LLC",,9200 COVEY HOLLOW CT,STE 201,CHARLOTTE,NC,282107998,,,N,Y,N,N,N,N,N,N,N,Y,N,,,,,N,,,
O20060828000210,4789688136,MRC PINECREST,8729577002,O,72,ADP OF THE SNF,2025-08-30,,,,,,,2400 YORKMONT RD,,CHARLOTTE,NC,282174511,,,Y,N,N,N,N,N,N,N,N,N,N,,,,,N,,,
O20061006000243,1951218817,THE EVANGELICAL LUTHERAN GOOD SAMARITAN SOCIETY,7416089834,O,34,5% OR GREATER DIRECT OWNERSHIP INTEREST,2019-01-01,,,,,SANFORD,SANFORD EAST INTERSTATE AVE CLINIC,801 BROADWAY N,,FARGO,NC,581023641,0,N,Y,N,N,N,N,N,N,N,N,N,Y,,,,,N,,,N
O20061113000258,4284632993,SHENANGO PRESBYTERIAN SENIORCARE,5597269555,O,72,ADP OF THE SNF,2025-07-17,,,,,,,110 N CORCORAN ST,FL 5,DURHAM,NC,277015015,,,N,N,N,N,Y,N,N,N,N,N,N,,,,,N,,,
O20061215000345,8921007170,"AUGUSTA FACILITY OPERATIONS, LLC",4284026204,O,43,OPERATIONAL/MANAGERIAL CONTROL,2021-12-01,,,,,CONSULATE MANAGEMENT COMPANY III LLC,,1810 CONCORD LAKE RD,,KANNAPOLIS,NC,280836434,,,N,Y,N,N,N,N,N,N,N,Y,N,,,,,N,,,
O20061221000283,8426948217,WESTMINSTER-CANTERBURY ON CHESAPEAKE BAY,8527553247,O,43,OPERATIONAL/MANAGERIAL CONTROL,2024-01-01,,,,,CCL HOSPITALITY GROUP,,2400 YORKMONT RD,,CHARLOTTE,NC,282174511,,,N,N,N,N,N,N,N,N,N,Y,N,,,,,N,,,
O20061221000283,8426948217,WESTMINSTER-CANTERBURY ON CHESAPEAKE BAY,8527553247,O,72,ADP OF THE SNF,2025-10-14,,,,,CCL HOSPITALITY GROUP,,2400 YORKMONT RD,,CHARLOTTE,NC,282174511,,,N,N,N,N,N,N,N,N,N,Y,N,,,,,N,,,
O20061227000327,6608876529,"LOCUST GROVE FACILITY OPERATIONS, LLC",4284026204,O,43,OPERATIONAL/MANAGERIAL CONTROL,2021-12-01,,,,,CONSULATE MANAGEMENT COMPANY III LLC,,1810 CONCORD LAKE RD,,KANNAPOLIS,NC,280836434,,,N,Y,N,N,N,N,N,N,N,Y,N,,,,,N,,,
O20070131000319,4183625361,MASONIC HOMES OF CALIFORNIA,7214248095,O,43,OPERATIONAL/MANAGERIAL CONTROL,2021-06-18,,,,,MORRISON MANAGEMENT SPECIALISTS INC,MORRISON LIVING,2400 YORKMONT RD,,CHARLOTTE,NC,282174511,,,Y,N,N,N,N,N,N,N,N,N,N,,,,,N,,,
O20070131000319,4183625361,MASONIC HOMES OF CALIFORNIA,7214248095,O,72,ADP OF THE SNF,2021-06-18,,,,,MORRISON MANAGEMENT SPECIALISTS INC,MORRISON LIVING,2400 YORKMONT RD,,CHARLOTTE,NC,282174511,,,Y,N,N,N,N,N,N,N,N,N,N,,,,,N,,,
O20070314000417,0244333169,"TACOMA REHAB, LLC",9537659826,O,72,ADP OF THE SNF,2025-07-13,,,,,,,9200 COVEY HOLLOW CT,STE 201,CHARLOTTE,NC,282107998,,,N,Y,N,N,N,N,N,N,N,Y,N,,,,,N,,,
O20070410000051,3779687363,"JUNCTION CITY REHABILITATION, LLC",6406335579,O,72,ADP OF THE SNF,2022-01-21,,,,,,,9200 COVEY HOLLOW CT,STE 201,CHARLOTTE,NC,282107998,,,N,Y,N,N,N,N,N,N,N,Y,N,,,,,N,,,
O20070410000111,4082719679,"CLACKAMAS REHABILITATION, LLC",3678055282,O,72,ADP OF THE SNF,2025-07-07,,,,,,,9200 COVEY HOLLOW CT,STE 201,CHARLOTTE,NC,282107998,,,N,Y,N,N,N,N,N,N,N,Y,N,,,,,N,,,
O20070410000511,1850496480,SOUTH SALEM REHABILITATION LLC,7315448636,O,72,ADP OF THE SNF,2022-01-21,,,,,"INCOVATE SOLUTIONS, LLC",,9200 COVEY HOLLOW CT,STE 201,CHARLOTTE,NC,282107998,,,N,Y,N,N,N,N,N,N,N,Y,N,,,,,N,,,
O20070410000663,5799880340,"COOS BAY REHABILITATION, LLC",7911415674,O,72,ADP OF THE SNF,2025-07-07,,,,,,,9200 COVEY HOLLOW CT,STE 201,CHARLOTTE,NC,282107998,,,N,Y,N,N,N,N,N,N,N,Y,N,,,,,N,,,
O20070518000297,1355248212,AUGUSTA HEALTH CARE INC,7416866603,O,72,ADP OF THE SNF,2022-07-01,,,,,FORVIS MAZARS LLP,"FORVIS MAZARS, LLP",PO BOX 602828,,CHARLOTTE,NC,282602828,,,N,N,N,N,N,N,N,N,Y,N,N,,,,,Y,AUDITING FIRM,,
O20070604000701,1951409689,ADAMS FARM LIVING INC,0941441679,O,34,5% OR GREATER DIRECT OWNERSHIP INTEREST,2013-04-30,,,,,NOAH K DUNCAN MRTL TR,,115 REDFERN DR,,CARY,NC,275189816,100,N,N,N,N,N,N,N,N,N,N,N,N,,,,,Y,TRUST,,
O20070604000701,1951409689,ADAMS FARM LIVING INC,1951409689,O,34,5% OR GREATER DIRECT OWNERSHIP INTEREST,2007-04-01,,,,,ADAMS FARM LIVING INC,ADAMS FARM LIVING & REHABILITATION,5100 MACKAY RD,,JAMESTOWN,NC,272829761,,,N,N,N,N,N,N,N,N,N,N,N,,,,,N,,,
O20070604000701,1951409689,ADAMS FARM LIVING INC,4183528383,O,43,OPERATIONAL/MANAGERIAL CONTROL,2007-04-01,,,,,"CENTURY CARE MANAGEMENT, INC.",,117 EDINBURGH S,STE 203,CARY,NC,275116458,,,Y,N,N,Y,N,N,N,N,N,Y,N,,,,,N,,,
O20070718000243,4486755683,"HEARTLAND OF GREENSBORO, INC",0941441679,O,34,5% OR GREATER DIRECT OWNERSHIP INTEREST,2013-04-30,,,,,NOAH K DUNCAN MRTL TR,,115 REDFERN DR,,CARY,NC,275189816,100,Y,N,N,N,N,N,N,N,N,N,N,N,,,,,Y,TRUST,,
O20070718000243,4486755683,"HEARTLAND OF GREENSBORO, INC",4183528383,O,43,OPERATIONAL/MANAGERIAL CONTROL,2007-03-08,,,,,"CENTURY CARE MANAGEMENT, INC.",,117 EDINBURGH SOUTH,SUITE 203,CARY,NC,27511,,,N,N,N,N,N,N,N,N,N,N,N,,,,,N,,,
O20070919000600,2961596192,ORION AUSTINBURG LLC,3375801350,O,72,ADP OF THE SNF,2021-09-01,,,,,BROAD RIVER REHABILITATION,"BROAD RIVER REHABILITATION, LLC",1 POND ST,,ARDEN,NC,287048500,,,N,Y,Y,Y,N,N,N,N,N,N,N,,,,,N,,,
O20070920000257,3173617271,ORION BLOSSOM LLC,3375801350,O,72,ADP OF THE SNF,2021-09-01,,,,,BROAD RIVER REHABILITATION,"BROAD RIVER REHABILITATION, LLC",1 POND ST,,ARDEN,NC,287048500,,,N,Y,Y,Y,N,N,N,N,N,N,N,,,,,N,,,
O20070927000858,3072608637,UNIVERSITY RETIREMENT COMMUNITY AT DAVIS INC,0244147833,O,36,5% OR GREATER MORTGAGE INTEREST,2013-08-01,,,,,"BANK OF AMERICA, N.A.",BOA,150 N COLLEGE ST,,CHARLOTTE,NC,282558888,100,,N,N,N,N,N,N,N,N,N,Y,N,,,,,N,,,
O20070927000858,3072608637,UNIVERSITY RETIREMENT COMMUNITY AT DAVIS INC,0244147833,O,37,5% OR GREATER SECURITY INTEREST,2013-08-01,,,,,"BANK OF AMERICA, N.A.",BOA,150 N COLLEGE ST,,CHARLOTTE,NC,282558888,100,,N,N,N,N,N,N,N,N,N,Y,N,,,,,N,,,
O20070928000441,3678668183,"KING CITY REHAB, LLC",3072013390,O,72,ADP OF THE SNF,2025-07-08,,,,,,,9200 COVEY HOLLOW CT,STE 201,CHARLOTTE,NC,28210,,,N,Y,N,N,N,N,N,N,N,Y,N,,,,,N,,,
O20070928000520,6608961131,"MOUNTAIN VIEW REHAB, LLC",6305328238,O,72,ADP OF THE SNF,2025-07-10,,,,,,,9200 COVEY HOLLOW CT,STE 201,CHARLOTTE,NC,282107998,,,N,Y,N,N,N,N,N,N,N,Y,N,,,,,N,,,
O20071023000239,9436068772,BETHESDA LONG TERM CARE INC,7113412503,O,72,ADP OF THE SNF,2025-07-10,,,,,,,100 N TRYON ST,,CHARLOTTE,NC,282024000,,,Y,N,N,N,N,N,N,Y,N,Y,N,,,,,N,,,
O20071204000158,8921093386,KESWICK MULTI CARE CENTER INC,8123548575,O,43,OPERATIONAL/MANAGERIAL CONTROL,2012-10-01,,,,,UNIDINE CORPORATION,UNIDINE,2400 YORKMONT RD,,CHARLOTTE,NC,282174511,,,N,N,N,Y,N,N,N,N,N,N,N,,,,,N,,,
O20071204000158,8921093386,KESWICK MULTI CARE CENTER INC,8123548575,O,72,ADP OF THE SNF,2025-02-07,,,,,UNIDINE CORPORATION,UNIDINE,2400 YORKMONT RD,,CHARLOTTE,NC,282174511,,,N,N,N,Y,N,N,N,N,N,N,N,,,,,N,,,
O20071218000047,4587574355,LIBERTY HEALTHCARE GROUP LLC,1850201625,O,72,ADP OF THE SNF,2025-04-01,,,,,LIBERTY HEALTHCARE MANAGEMENT INC,,2334 41ST ST,,WILMINGTON,NC,284035502,,,Y,N,N,Y,N,N,N,N,N,N,N,,,,,N,,,
O20071218000047,4587574355,LIBERTY HEALTHCARE GROUP LLC,2961762422,O,38,GENERAL PARTNERSHIP INTEREST,2025-04-01,,,,,RONALD B. AND CYNTHIA J. MCNEILL 2013 IRREVOCABLE TRUST,,2334 41ST ST,,WILMINGTON,NC,284035502,24,N,N,N,N,N,N,N,N,N,N,N,N,,,,Y,N,,N,N
O20071218000047,4587574355,LIBERTY HEALTHCARE GROUP LLC,3173018116,O,72,ADP OF THE SNF,2025-04-01,,,,,"LIBERTY HEALTHCARE PROPERTIES OF DAVIE COUNTY, LLC",,2334 41ST ST,,WILMINGTON,NC,284035502,,,N,Y,N,N,N,N,N,N,N,N,N,,,,,N,,,
O20071218000047,4587574355,LIBERTY HEALTHCARE GROUP LLC,6305756172,O,34,5% OR GREATER DIRECT OWNERSHIP INTEREST,2007-05-02,,,,,LIBERTY LONG TERM CARE LLC,,2334 SOUTH 41ST STREET,,WILMINGTON,NC,284035502,,N,N,Y,N,N,N,Y,N,N,N,N,N,,,,,N,,N,N
O20071218000047,4587574355,LIBERTY HEALTHCARE GROUP LLC,7416047246,O,72,ADP OF THE SNF,2025-04-01,,,,,LONG TERM CARE MANAGEMENT SERVICES LLC,,2334 41ST ST,,WILMINGTON,NC,284035502,,,N,Y,N,Y,N,N,N,N,N,N,N,,,,,N,,,
O20071218000047,4587574355,LIBERTY HEALTHCARE GROUP LLC,8224398789,O,39,LIMITED PARTNERSHIP INTEREST,2025-04-01,,,,,JOHN A MCNEILL JR 2012 IRRV TR,,2334 41ST ST,,WILMINGTON,NC,284035502,,N,N,N,N,N,N,N,N,N,N,N,N,,,,Y,N,,N,N
O20071218000047,4587574355,LIBERTY HEALTHCARE GROUP LLC,8921038001,O,72,ADP OF THE SNF,2025-04-01,,,,,"LIBERTY REAL PROPERTIES, LLC",,2334 41ST ST,,WILMINGTON,NC,284035502,,,N,Y,N,N,N,Y,N,N,N,N,N,,,,,N,,,
O20080208000136,9638252059,SAINT ANTOINE RESIDENCE,9931626066,O,72,ADP OF THE SNF,2013-10-01,,,,,,,100 N TRYON ST,,CHARLOTTE,NC,282024000,,,Y,N,N,N,N,N,N,Y,N,N,N,,,,,N,,,
O20080306000692,7719062348,TRINITY HEALTH CARE SERVICES OF LOGAN INC,1355349325,O,34,5% OR GREATER DIRECT OWNERSHIP INTEREST,2008-03-07,,,,,TRINITY HEALTH CARE SERVICES INC,TRINITY HEALTH CARE OF MINGO,STONE CREST PROFESSIONAL CENTER,7725 BALLANTYNE COMMONS STE 103,CHARLOTTE,NC,282772442,,,N,N,N,N,N,N,N,N,N,N,N,,,,,N,,,
O20080306000695,3072698604,TRINITY HEALTH CARE SERVICES OF MINGO INC,1355349325,O,34,5% OR GREATER DIRECT OWNERSHIP INTEREST,2008-03-07,,,,,TRINITY HEALTH CARE SERVICES INC,TRINITY HEALTH CARE OF MINGO,7725 BALLANTYNE COMMONS PKWY,UNIT 103,CHARLOTTE,NC,282770498,100,Y,Y,Y,N,N,N,N,N,N,N,N,N,,,,,N,,Y,N
O20080416000360,4587742507,METHODIST CHURCH HOME FOR THE AGED IN THE CITY OF NEW YORK,4183102247,O,72,ADP OF THE SNF,2025-04-10,,,,,,CAPTRUST FINANCIAL ADVISORS (CAPTRUST),4208 SIX FORKS RD,STE 1700,RALEIGH,NC,276095734,,,N,Y,N,N,N,N,N,N,N,N,N,,,,,Y,RETIREMENT PLAN ADVISORY SERVICES,,
O20080501000026,5698854735,"SUMMIT HILLS, LLC",6800801002,O,34,5% OR GREATER DIRECT OWNERSHIP INTEREST,2005-11-05,,,,,SENIOR LIVING COMMUITIES LLC,,3530 TORINGDON WAY,STE 204,CHARLOTTE,NC,28277,100,N,N,Y,N,N,N,N,N,N,N,N,N,,,,,N,,,
O20080509000156,9537248950,"ALDERSGATE UNITED METHODIST RETIREMENT COMMUNITY, INC.",9537248950,O,34,5% OR GREATER DIRECT OWNERSHIP INTEREST,2025-09-01,,,,,"ALDERSGATE UNITED METHODIST RETIREMENT COMMUNITY, INC.",ASBURY HEALTH AND REHABILITATION CENTER,3800 SHAMROCK DRIVE,,CHARLOTTE,NC,282153220,100,N,N,N,N,N,N,N,N,N,N,N,Y,,,,,N,,Y,N
O20080509000156,9537248950,"ALDERSGATE UNITED METHODIST RETIREMENT COMMUNITY, INC.",9537248950,O,72,ADP OF THE SNF,2025-09-01,,,,,"ALDERSGATE UNITED METHODIST RETIREMENT COMMUNITY, INC.",ASBURY HEALTH AND REHABILITATION CENTER,3800 SHAMROCK DRIVE,,CHARLOTTE,NC,282153220,,,N,N,N,N,N,N,N,N,N,N,Y,,,,,N,,,
O20080618000125,6608947726,"PARK VILLAGE REHAB AND HEALTH, INC.",6305757477,O,43,OPERATIONAL/MANAGERIAL CONTROL,2007-08-01,,,,,PEAK RESOURCES INC,,101 BAINES COURT,,CARY,NC,275116625,100,,N,N,N,N,N,N,N,N,N,Y,N,,,,,N,,,
O20080806000806,8123192242,"MARSH'S EDGE, LLC",6800801002,O,34,5% OR GREATER DIRECT OWNERSHIP INTEREST,2008-05-25,,,,,SENIOR LIVING COMMUITIES LLC,,3530 TORINGDON WAY,STE 204,CHARLOTTE,NC,282773436,100,N,N,Y,N,N,N,N,N,N,N,N,N,,,,,N,,Y,Y
O20080806000806,8123192242,"MARSH'S EDGE, LLC",9537689971,O,43,OPERATIONAL/MANAGERIAL CONTROL,2008-06-27,,,,,"MAXWELL GROUP, INC.",,3530 TORINGDON WAY,STE 204,CHARLOTTE,NC,282773436,,,N,N,N,Y,N,N,N,N,N,N,N,,,,,N,,,
O20080806000806,8123192242,"MARSH'S EDGE, LLC",9537689971,O,72,ADP OF THE SNF,2025-01-31,,,,,"MAXWELL GROUP, INC.",,3530 TORINGDON WAY,STE 204,CHARLOTTE,NC,282773436,,,N,N,N,Y,N,N,N,N,N,N,N,,,,,N,,,
O20081020000081,3476611526,HENDERSONVILLE HEALTH AND REHABILITATION,2769423698,O,35,5% OR GREATER INDIRECT OWNERSHIP INTEREST,2008-08-01,,,,,ARDENT HEALTH AND REHABILITATION CO,,229 AIRPORT RD,STE 7-104,ARDEN,NC,287046402,50,N,Y,N,N,N,N,N,N,N,N,Y,N,,,,,N,,Y,Y
O20081020000081,3476611526,HENDERSONVILLE HEALTH AND REHABILITATION,3274039136,O,43,OPERATIONAL/MANAGERIAL CONTROL,2024-11-19,,,,,"SANSTONE MANAGEMENT COMPANY, LLC",SANSTONE HEALTH AND REHABILITATION,229 AIRPORT RD,STE 7-104,ARDEN,NC,287046402,,,N,Y,N,N,N,N,N,N,N,N,N,,,,,N,,,
O20081020000081,3476611526,HENDERSONVILLE HEALTH AND REHABILITATION,3274039136,O,72,ADP OF THE SNF,2024-11-19,,,,,"SANSTONE MANAGEMENT COMPANY, LLC",SANSTONE HEALTH AND REHABILITATION,229 AIRPORT RD,STE 7-104,ARDEN,NC,287046402,,,N,Y,N,N,N,N,N,N,N,N,N,,,,,N,,,
O20081020000081,3476611526,HENDERSONVILLE HEALTH AND REHABILITATION,4284792342,O,34,5% OR GREATER DIRECT OWNERSHIP INTEREST,2008-08-01,,,,,FLAT ROCK MANAGEMENT COMPANY,,229 AIRPORT RD,STE 7-104,ARDEN,NC,287046402,50,Y,Y,N,N,N,N,N,N,N,N,Y,N,,,,,N,,N,Y
O20081024000253,7618035304,ST MARK VILLAGE INC,4082109541,O,72,ADP OF THE SNF,2025-12-02,,,,,,,PO BOX 602828,,CHARLOTTE,NC,282602828,,,N,N,N,N,N,N,N,N,Y,Y,N,,,,,Y,LIMITED LIABILITY PARTNERSHIP,,
O20081110000653,0840359519,"THE CYPRESS OF RALEIGH CLUB, INC.",0840359519,O,34,5% OR GREATER DIRECT OWNERSHIP INTEREST,2009-03-05,,,,,"THE CYPRESS OF RALEIGH CLUB, INC.",THE ROSEWOOD HEALTH CENTER,8710 CYPRESS CLUB DR,,RALEIGH,NC,276152121,100,N,Y,N,N,N,N,N,N,N,N,N,Y,,,,,N,,Y,N
O20081110000653,0840359519,"THE CYPRESS OF RALEIGH CLUB, INC.",8729334693,O,43,OPERATIONAL/MANAGERIAL CONTROL,2005-04-26,,,,,"THE CYPRESS OF RALEIGH OWNERS ASSOCIATION, INC.",,8801 CYPRESS LAKES DR,,RALEIGH,NC,276152118,,,Y,N,N,N,N,N,N,N,N,N,N,,,,,N,,,
O20081110000653,0840359519,"THE CYPRESS OF RALEIGH CLUB, INC.",9638425507,O,43,OPERATIONAL/MANAGERIAL CONTROL,2005-04-26,,,,,THE CYPRESS OF RALEIGH LLC,,8801 CYPRESS LAKES DR,,RALEIGH,NC,276152118,0,,N,Y,N,N,N,N,N,N,N,N,N,,,,,N,,,
O20090213000243,0840109864,REX HOSPITAL INC,1052220084,O,34,5% OR GREATER DIRECT OWNERSHIP INTEREST,1986-03-16,,,,,THE NEW TRUSTEES OF THE REX HOSPITAL INC,,5221 PARAMOUNT PKWY,,MORRISVILLE,NC,275605422,100,N,Y,N,N,N,N,N,N,N,N,N,Y,,,,,N,,N,Y
O20090213000243,0840109864,REX HOSPITAL INC,1052220084,O,72,ADP OF THE SNF,1986-03-16,,,,,THE NEW TRUSTEES OF THE REX HOSPITAL INC,,5221 PARAMOUNT PKWY,,MORRISVILLE,NC,275605422,,,Y,N,N,N,N,N,N,N,N,N,Y,,,,,N,,,
O20090213000243,0840109864,REX HOSPITAL INC,4486562139,O,35,5% OR GREATER INDIRECT OWNERSHIP INTEREST,2000-04-01,,,,,UNIVERSITY OF NORTH CAROLINA HEALTH CARE SYSTEM,UNC PHARMACY AT EASTOWNE,5221 PARAMOUNT PKWY,STE 410,MORRISVILLE,NC,275605491,100,N,N,N,N,N,N,N,N,N,N,N,N,,,Y,,Y,STATE OWNED,Y,N
O20090213000243,0840109864,REX HOSPITAL INC,4486562139,O,72,ADP OF THE SNF,2000-04-01,,,,,UNIVERSITY OF NORTH CAROLINA HEALTH CARE SYSTEM,UNC PHARMACY AT EASTOWNE,5221 PARAMOUNT PKWY,STE 410,MORRISVILLE,NC,275605491,,,N,N,N,N,N,N,N,N,N,N,N,,,Y,,Y,STATE OWNED,,
O20090327000059,1355408808,LUTHERAN COMMUNITY AT TELFORD,6709306079,O,36,5% OR GREATER MORTGAGE INTEREST,2017-08-01,,,,,TRUIST BANK,,"214 N TRYON STREET, FLOOR 46",,CHARLOTTE,NC,28202,69.94,N,N,N,N,N,N,N,N,Y,N,N,N,,,,,N,,N,N
O20090327000059,1355408808,LUTHERAN COMMUNITY AT TELFORD,6709306079,O,72,ADP OF THE SNF,2025-06-02,,,,,TRUIST BANK,,"214 N TRYON STREET, FLOOR 46",,CHARLOTTE,NC,28202,,,N,N,N,N,N,N,N,Y,N,N,N,,,,,N,,,
O20090514000072,3173672581,"WILKINSON CARE CENTER, INC.",0547415291,O,34,5% OR GREATER DIRECT OWNERSHIP INTEREST,2009-01-01,,,,,"CHARLOTTE ADVANCE, INC",,5190 US HIGHWAY,,ADVANCE,NC,270066946,100,N,Y,N,N,N,N,Y,N,N,N,Y,N,,,,,N,,Y,Y
O20090514000072,3173672581,"WILKINSON CARE CENTER, INC.",0547415291,O,85,DIRECT OWNERSHIP INTEREST,2009-01-01,,,,,"CHARLOTTE ADVANCE, INC",,5190 US HIGHWAY,,ADVANCE,NC,270066946,100,N,Y,N,N,N,N,Y,N,N,N,Y,N,,,,,N,,Y,Y
O20090514000072,3173672581,"WILKINSON CARE CENTER, INC.",0547775090,O,72,ADP OF THE SNF,2025-07-07,,,,,,,1064 POWER DAM RD,,WALNUT COVE,NC,270527646,,,N,Y,N,N,N,N,N,N,Y,Y,N,,,,,N,,,
O20090514000072,3173672581,"WILKINSON CARE CENTER, INC.",2365957818,O,34,5% OR GREATER DIRECT OWNERSHIP INTEREST,2015-09-01,,,,,"ELDERBERRY OF MARSHALL, LLC",,415 ELDERBERRY LANE,,MARSHALL,NC,287536369,100,Y,N,Y,N,N,N,N,N,N,N,Y,N,,,,,N,,N,Y
O20090514000072,3173672581,"WILKINSON CARE CENTER, INC.",2365957818,O,72,ADP OF THE SNF,2015-09-01,,,,,"ELDERBERRY OF MARSHALL, LLC",,415 ELDERBERRY LANE,,MARSHALL,NC,287536369,,,N,Y,N,N,N,N,N,N,N,Y,N,,,,,N,,,
O20090514000072,3173672581,"WILKINSON CARE CENTER, INC.",3173672581,O,43,OPERATIONAL/MANAGERIAL CONTROL,2009-01-01,,,,,"WILKINSON CARE CENTER, INC.",ELDERBERRY HEALTH CARE,5190 US HIGHWAY,,ADVANCE,NC,270066946,,,Y,N,N,N,N,N,N,N,N,Y,N,,,,,N,,,
O20090514000072,3173672581,"WILKINSON CARE CENTER, INC.",6608933569,O,43,OPERATIONAL/MANAGERIAL CONTROL,1990-05-14,,,,,TULLOCK MANAGEMENT COMPANY,,PO BOX 1678,,CLEMMONS,NC,270121678,,,Y,N,N,Y,N,N,N,N,N,Y,N,,,Y,,N,,,
O20090514000072,3173672581,"WILKINSON CARE CENTER, INC.",6608933569,O,72,ADP OF THE SNF,2025-07-07,,,,,TULLOCK MANAGEMENT COMPANY,,PO BOX 1678,,CLEMMONS,NC,270121678,,,Y,N,N,Y,N,N,N,N,N,Y,N,,,Y,,N,,,
O20090514000072,3173672581,"WILKINSON CARE CENTER, INC.",8729593272,O,72,ADP OF THE SNF,2025-07-07,,,,,,,209 13TH AVENUE PL NW,STE 200,HICKORY,NC,286012569,,,N,Y,N,N,N,N,N,N,Y,Y,N,,,,,N,,,
O20090514000072,3173672581,"WILKINSON CARE CENTER, INC.",9638684194,O,72,ADP OF THE SNF,2025-07-07,,,,,,MASHBURN MEDICAL CENTER,590 MEDICAL PARK DR,,MARSHALL,NC,287536807,,,N,N,Y,N,N,N,N,N,N,N,Y,,,,,N,,,
O20090521000016,9537218615,NC DEPT OF MILITARY AND VETERANS AFFAIRS NC DIVISION OF VETER AFFAIRS,9537218615,O,34,5% OR GREATER DIRECT OWNERSHIP INTEREST,2009-03-31,,,,,NC DEPT OF MILITARY AND VETERANS AFFAIRS NC DIVISION OF VETER AFFAIRS,NC STATE VETERANS HOME - SALISBURY,1315 MAIL SERVICE CENTER,,RALEIGH,NC,27699,100,N,N,N,N,N,N,N,N,N,N,N,N,,,,,Y,STATE GOVERNMENT,,
O20090521000016,9537218615,NC DEPT OF MILITARY AND VETERANS AFFAIRS NC DIVISION OF VETER AFFAIRS,9537218615,O,43,OPERATIONAL/MANAGERIAL CONTROL,2009-03-31,,,,,NC DEPT OF MILITARY AND VETERANS AFFAIRS NC DIVISION OF VETER AFFAIRS,NC STATE VETERANS HOME - SALISBURY,1315 MAIL SERVICE CENTER,,RALEIGH,NC,27699,100,,N,N,N,N,N,N,N,N,N,N,N,,,,,Y,STATE GOVERNMENT,,
O20090710000098,5991857617,CASCADES NURSING LLC,6800801002,O,34,5% OR GREATER DIRECT OWNERSHIP INTEREST,2010-03-31,,,,,SENIOR LIVING COMMUITIES LLC,,3530 TORINGDON WAY,STE 204,CHARLOTTE,NC,282773436,100,N,N,Y,N,N,N,N,N,N,N,Y,N,,,,,N,,Y,Y
O20090710000098,5991857617,CASCADES NURSING LLC,6800801002,O,72,ADP OF THE SNF,2025-11-11,,,,,SENIOR LIVING COMMUITIES LLC,,3530 TORINGDON WAY,STE 204,CHARLOTTE,NC,282773436,,,N,Y,N,N,N,N,N,N,N,Y,N,,,,,N,,,
O20090710000098,5991857617,CASCADES NURSING LLC,9537689971,O,43,OPERATIONAL/MANAGERIAL CONTROL,2025-01-23,,,,,"MAXWELL GROUP, INC.",,3530 TORINGDON WAY,STE 204,CHARLOTTE,NC,282773436,,,N,N,N,Y,N,N,N,N,N,N,N,,,,,N,,,
O20090710000098,5991857617,CASCADES NURSING LLC,9537689971,O,72,ADP OF THE SNF,2025-01-23,,,,,"MAXWELL GROUP, INC.",,3530 TORINGDON WAY,STE 204,CHARLOTTE,NC,282773436,,,N,N,N,Y,N,N,N,N,N,N,N,,,,,N,,,
O20090715000796,6305998790,"OHANA HARMONY HOUSE, LLC",7315448636,O,72,ADP OF THE SNF,2022-01-21,,,,,"INCOVATE SOLUTIONS, LLC",,9200 COVEY HOLLOW CT,STE 201,CHARLOTTE,NC,282107998,,,N,Y,N,N,N,N,N,N,N,Y,N,,,,,N,,,
O20090717000097,7810049103,"UNIVERSAL HEALTH CARE LILLINGTON, INC.",2860301355,O,43,OPERATIONAL/MANAGERIAL CONTROL,2009-06-01,,,,,"CHOICE HEALTH MANAGEMENT, SERV LLC",CHOICE HEALTH MANAGEMENT SERVICES,2929 N OXFORD ST,,CLAREMONT,NC,286109661,0,,N,N,N,Y,N,N,N,N,N,N,N,,,,,N,,,
O20090729000588,8729131313,"GIVENS ESTATES, INC.",8729131313,O,34,5% OR GREATER DIRECT OWNERSHIP INTEREST,2009-07-01,,,,,"GIVENS ESTATES, INC.",,2360 SWEETEN CREEK ROAD,,ASHEVILLE,NC,288032030,100,N,N,N,N,N,N,N,N,N,N,N,Y,,,,,N,,,
O20090807000088,2860441052,CAROMONT HEALTH SERVICES INC,1355828609,O,72,ADP OF THE SNF,2025-07-01,,,,,ACCESS DENTAL CARE,,513 WHITE OAK ST,STE D,ASHEBORO,NC,272034770,,,N,N,N,N,N,N,N,N,N,N,Y,,,,,N,,,
O20090807000088,2860441052,CAROMONT HEALTH SERVICES INC,2860441052,O,34,5% OR GREATER DIRECT OWNERSHIP INTEREST,1984-05-24,,,,,CAROMONT HEALTH SERVICES INC,COURTLAND TERRACE,2300 ABERDEEN BLVD,,GASTONIA,NC,280540613,100,N,Y,N,N,N,N,N,N,N,N,N,Y,,,,,N,,N,Y
O20090807000088,2860441052,CAROMONT HEALTH SERVICES INC,2860441052,O,43,OPERATIONAL/MANAGERIAL CONTROL,1984-05-24,,,,,CAROMONT HEALTH SERVICES INC,COURTLAND TERRACE,2300 ABERDEEN BLVD,,GASTONIA,NC,280540613,,,Y,N,N,N,N,N,N,N,N,N,Y,,,,,N,,,
O20090807000088,2860441052,CAROMONT HEALTH SERVICES INC,2860441052,O,72,ADP OF THE SNF,2025-02-20,,,,,CAROMONT HEALTH SERVICES INC,COURTLAND TERRACE,2300 ABERDEEN BLVD,,GASTONIA,NC,280540613,,,Y,N,N,N,N,N,N,N,N,N,Y,,,,,N,,,
O20090807000088,2860441052,CAROMONT HEALTH SERVICES INC,2860993292,O,72,ADP OF THE SNF,2025-02-26,,,,,,,3975 ROBINSON RD,,NEWTON,NC,286589715,,,N,Y,N,N,N,N,N,N,N,N,N,,,,,N,,,
O20090807000088,2860441052,CAROMONT HEALTH SERVICES INC,3779084199,O,72,ADP OF THE SNF,2025-02-13,,,,,,,2525 COURT DR,,GASTONIA,NC,280542140,,,Y,N,N,N,N,N,N,N,N,N,Y,,,,,N,,,
O20090807000088,2860441052,CAROMONT HEALTH SERVICES INC,5597266916,O,72,ADP OF THE SNF,1984-05-24,,,,,,,128 W MAIN AVE,,GASTONIA,NC,280522306,,,N,N,N,N,N,N,N,N,N,N,N,,,,,Y,COUNTY GOVERNMENT,,
O20090807000088,2860441052,CAROMONT HEALTH SERVICES INC,5799727798,O,35,5% OR GREATER INDIRECT OWNERSHIP INTEREST,1984-05-24,,,,,CAROMONT HEALTH INC,,2525 COURT DR,,GASTONIA,NC,280542140,100,N,Y,N,N,N,N,N,N,N,N,N,Y,,,,,N,,Y,N
O20090807000088,2860441052,CAROMONT HEALTH SERVICES INC,5799727798,O,43,OPERATIONAL/MANAGERIAL CONTROL,1984-05-24,,,,,CAROMONT HEALTH INC,,2525 COURT DR,,GASTONIA,NC,280542140,,,Y,N,N,N,N,N,N,N,N,N,Y,,,,,N,,,
O20090807000088,2860441052,CAROMONT HEALTH SERVICES INC,5799727798,O,72,ADP OF THE SNF,2025-02-20,,,,,CAROMONT HEALTH INC,,2525 COURT DR,,GASTONIA,NC,280542140,,,Y,N,N,N,N,N,N,N,N,N,Y,,,,,N,,,
O20090807000088,2860441052,CAROMONT HEALTH SERVICES INC,6406357821,O,72,ADP OF THE SNF,2025-02-14,,,,,,VIA HEALTH PARTNERS,PO BOX 470408,,CHARLOTTE,NC,282470408,,,Y,N,N,N,N,N,N,N,N,N,Y,,,,,N,,,
O20090827000313,0941355986,"BRIGHTWATER RETIREMENT, LLC",6800801002,O,34,5% OR GREATER DIRECT OWNERSHIP INTEREST,2009-07-20,,,,,SENIOR LIVING COMMUITIES LLC,,10706 SIKES PLACE,STE 200,CHARLOTTE,NC,282778019,100,N,N,Y,N,N,N,N,N,N,N,N,N,,,,,N,,Y,N
O20090827000313,0941355986,"BRIGHTWATER RETIREMENT, LLC",9537689971,O,43,OPERATIONAL/MANAGERIAL CONTROL,2007-11-14,,,,,"MAXWELL GROUP, INC.",,3530 TORINGDON WAY,STE 204,CHARLOTTE,NC,282773436,,,N,N,N,Y,N,N,N,N,N,N,N,,,,,N,,,
O20090827000313,0941355986,"BRIGHTWATER RETIREMENT, LLC",9537689971,O,72,ADP OF THE SNF,2025-01-30,,,,,"MAXWELL GROUP, INC.",,3530 TORINGDON WAY,STE 204,CHARLOTTE,NC,282773436,,,N,N,N,Y,N,N,N,N,N,N,N,,,,,N,,,
O20090919000045,1456407238,FRIENDS HOMES INC.,1557652195,O,43,OPERATIONAL/MANAGERIAL CONTROL,2016-05-01,,,,,PHI MANAGEMENT SERVICES LLC,,2109 SANDY RIDGE RD,,COLFAX,NC,272359608,100,,N,Y,N,Y,N,N,N,N,N,N,Y,,,,,N,,,
O20090929000060,9830245182,"UNIVERSAL HEALTH CARE GREENVILLE, INC",2860301355,O,43,OPERATIONAL/MANAGERIAL CONTROL,2009-06-01,,,,,"CHOICE HEALTH MANAGEMENT, SERV LLC",CHOICE HEALTH MANAGEMENT SERVICES,"301 10TH STREET, NW",SUITE B-2,CONOVER,NC,286132419,,,N,N,N,N,N,N,N,N,N,N,N,,,,,N,,,
O20090929000060,9830245182,"UNIVERSAL HEALTH CARE GREENVILLE, INC",9830245182,O,34,5% OR GREATER DIRECT OWNERSHIP INTEREST,2009-06-01,,,,,"UNIVERSAL HEALTH CARE GREENVILLE, INC",UNIVERSAL HEALTHCARE GREENVILLE,2578 WEST 5TH STREET,,GREENVILLE,NC,278347812,,,N,N,N,N,N,N,N,N,N,N,N,,,,,N,,,
O20091119000068,7214924778,MCCREADY FOUNDATION INC,3375924475,O,36,5% OR GREATER MORTGAGE INTEREST,2021-02-08,,,,,"TRUIST COMMERCIAL EQUITY, INC",,214 N TRYON ST,FL 46,CHARLOTTE,NC,282021078,62,N,N,N,N,N,N,N,N,Y,N,N,N,,,,,N,,N,N
O20091125000384,2860531126,LITTLE SISTERS OF THE POOR BALTIMORE INC,8123544921,O,72,ADP OF THE SNF,2025-04-03,,,,,,,401 N TRYON ST,,CHARLOTTE,NC,282022196,,,Y,N,N,N,N,N,N,Y,N,N,N,,,,,N,,,
O20091130000022,7618016908,"GREATEST GENERATION, INC.",5698814986,O,43,OPERATIONAL/MANAGERIAL CONTROL,2010-03-10,,,,,CANYON MANAGEMENT CONSULTANTS INC,,4615 RANDOLPH CHURCH RD,,LIBERTY,NC,272988108,,,N,N,N,N,N,N,N,N,N,N,N,,,,,N,,,
O20091231000314,1052209657,"THE CHAPEL HILL RESIDENTIAL RETIREMENT CENTER, INC.",1052209657,O,34,5% OR GREATER DIRECT OWNERSHIP INTEREST,1972-07-14,,,,,"THE CHAPEL HILL RESIDENTIAL RETIREMENT CENTER, INC.",CAROL WOODS RETIREMENT COMMUNITY,750 WEAVER DAIRY ROAD,,CHAPEL HILL,NC,275141438,100,N,Y,N,N,N,N,N,N,N,N,N,Y,,,,,Y,CCRC,N,N
O20091231000314,1052209657,"THE CHAPEL HILL RESIDENTIAL RETIREMENT CENTER, INC.",1052209657,O,85,DIRECT OWNERSHIP INTEREST,1972-07-12,,,,,"THE CHAPEL HILL RESIDENTIAL RETIREMENT CENTER, INC.",CAROL WOODS RETIREMENT COMMUNITY,750 WEAVER DAIRY ROAD,,CHAPEL HILL,NC,275141438,100,N,Y,N,N,N,N,N,N,N,N,N,Y,,,,,Y,CCRC,N,N
O20100119000390,1951443662,COUNTY OF LEHIGH PENNSYLVANIA,7214248095,O,43,OPERATIONAL/MANAGERIAL CONTROL,2023-04-01,,,,,MORRISON MANAGEMENT SPECIALISTS INC,MORRISON LIVING,2400 YORKMONT RD,,CHARLOTTE,NC,282174511,,,Y,N,N,Y,N,N,N,N,N,N,N,,,,,N,,,
O20100119000390,1951443662,COUNTY OF LEHIGH PENNSYLVANIA,7214248095,O,72,ADP OF THE SNF,2025-07-01,,,,,MORRISON MANAGEMENT SPECIALISTS INC,MORRISON LIVING,2400 YORKMONT RD,,CHARLOTTE,NC,282174511,,,Y,N,N,Y,N,N,N,N,N,N,N,,,,,N,,,
O20100203000280,3173666856,MORAVIAN HOME INCORPORATED,3173666856,O,34,5% OR GREATER DIRECT OWNERSHIP INTEREST,2009-11-19,,,,,MORAVIAN HOME INCORPORATED,SALEMTOWNE,1000 SALEMTOWNE DRIVE,,WINSTON-SALEM,NC,271065294,100,N,N,N,N,N,N,N,N,N,N,N,Y,,,,,N,,N,N
O20100203000280,3173666856,MORAVIAN HOME INCORPORATED,3173666856,O,72,ADP OF THE SNF,2017-06-07,,,,,MORAVIAN HOME INCORPORATED,SALEMTOWNE,1000 SALEMTOWNE DRIVE,,WINSTON-SALEM,NC,271065294,,,N,N,N,N,N,N,N,N,N,N,Y,,,,,N,,,
O20100203000550,5698684215,EVERYAGE,3678069259,O,34,5% OR GREATER DIRECT OWNERSHIP INTEREST,1987-12-14,,,,,EVERYAGE,ABERNETHY LAURELS,102 LEONARD AVE,,NEWTON,NC,286589649,,N,N,N,N,N,N,N,N,N,N,N,Y,,,,,N,,Y,N
O20100203000550,5698684215,EVERYAGE,3678069259,O,72,ADP OF THE SNF,2025-12-15,,,,,EVERYAGE,ABERNETHY LAURELS,102 LEONARD AVE,,NEWTON,NC,286589649,,,N,N,N,N,N,N,N,N,N,N,Y,,,,,N,,,
O20100203000550,5698684215,EVERYAGE,5698684215,O,34,5% OR GREATER DIRECT OWNERSHIP INTEREST,1987-12-14,,,,,EVERYAGE,ABERNETHY LAURELS,102 LEONARD AVE,,NEWTON,NC,286589649,,N,N,N,N,N,N,N,N,N,N,N,Y,,,,,N,,Y,N
O20100203000550,5698684215,EVERYAGE,5698684215,O,72,ADP OF THE SNF,2025-12-15,,,,,EVERYAGE,ABERNETHY LAURELS,102 LEONARD AVE,,NEWTON,NC,286589649,,,N,N,N,N,N,N,N,N,N,N,Y,,,,,N,,,
O20100203000550,5698684215,EVERYAGE,5698684215,O,85,DIRECT OWNERSHIP INTEREST,1987-12-14,,,,,EVERYAGE,ABERNETHY LAURELS,102 LEONARD AVE,,NEWTON,NC,286589649,,N,N,N,N,N,N,N,N,N,N,N,Y,,,,,N,,Y,N
O20100325000734,5496881799,BAY VILLAGE OF SARASOTA INC.,0244751642,O,72,ADP OF THE SNF,2025-01-17,,,,,,,100 NORTH TYRON STREET,,CHARLOTTE,NC,28255,,,Y,N,N,N,N,N,N,Y,N,Y,N,,,,,N,,,
O20100622000579,5698684215,EVERYAGE,5698684215,O,72,ADP OF THE SNF,2025-12-15,,,,,EVERYAGE,ABERNETHY LAURELS,100 LEONARD AVE,,NEWTON,NC,286589649,,,N,N,N,N,N,N,N,N,N,N,Y,,,,,N,,,
O20100625000315,1052442639,"REGENCY CARE OF MOUNT STERLING, LLC",0446437032,O,43,OPERATIONAL/MANAGERIAL CONTROL,2011-01-01,,,,,"WW HEALTH CONSULTANTS, LLC",,PO BOX 1667,,HICKORY,NC,286031667,100,,N,Y,N,N,N,N,N,N,N,N,N,,,,,N,,,
O20100625000315,1052442639,"REGENCY CARE OF MOUNT STERLING, LLC",0446437032,O,72,ADP OF THE SNF,2025-07-14,,,,,"WW HEALTH CONSULTANTS, LLC",,PO BOX 1667,,HICKORY,NC,286031667,,,N,Y,N,N,N,N,N,N,N,N,N,,,,,N,,,
O20100625000315,1052442639,"REGENCY CARE OF MOUNT STERLING, LLC",9032438205,O,34,5% OR GREATER DIRECT OWNERSHIP INTEREST,2010-04-01,,,,,REGENCY CARE HOLDINGS LLC,,PO BOX 1667,,HICKORY,NC,286031667,100,N,N,Y,N,N,N,Y,N,N,N,N,N,,,,,N,,Y,Y
O20100709000164,8729030093,"KEIZER CAMPUS OPERATIONS, LLC",7315448636,O,72,ADP OF THE SNF,2022-01-21,,,,,"INCOVATE SOLUTIONS, LLC",,9200 COVEY HOLLOW CT,STE 201,CHARLOTTE,NC,282107998,,,N,Y,N,N,N,N,N,N,N,Y,N,,,,,N,,,
O20100716000169,1850423500,"GLENAIRE, INC.",7113836230,O,43,OPERATIONAL/MANAGERIAL CONTROL,2010-06-28,,,,,"PRESBYTERIAN HOMES, INC",SCOTIA VILLAGE,2109 SANDY RIDGE RD,,COLFAX,NC,272359608,,,N,N,N,N,N,N,N,N,N,N,Y,,,,,N,,,
O20101007000397,0941492003,"REGENCY CARE OF BLACK MOUNTAIN, LLC",3476738279,O,43,OPERATIONAL/MANAGERIAL CONTROL,2011-01-01,,,,,"WW HEALTHCARE CONSULTANTS, LLC",,PO BOX 1667,,HICKORY,NC,286031667,100,,N,N,N,N,N,N,N,N,N,Y,N,,,,,N,,,
O20101119000589,4789870452,A. G. RHODES HOME INC. AT WESLEY WOODS,8123548575,O,43,OPERATIONAL/MANAGERIAL CONTROL,2017-11-17,,,,,UNIDINE CORPORATION,UNIDINE,2400 YORKMONT RD,,CHARLOTTE,NC,282174511,,,Y,N,N,N,N,N,N,N,N,Y,N,,,,,Y,DINING SERVICES,,
O20101119000589,4789870452,A. G. RHODES HOME INC. AT WESLEY WOODS,8123548575,O,72,ADP OF THE SNF,2025-04-10,,,,,UNIDINE CORPORATION,UNIDINE,2400 YORKMONT RD,,CHARLOTTE,NC,282174511,,,Y,N,N,N,N,N,N,N,N,Y,N,,,,,Y,DINING SERVICES,,
O20101203000026,2264629294,"BEVERWYCK, INC",4587151519,O,72,ADP OF THE SNF,2025-04-18,,,,,,,2400 YORKMONT RD,,CHARLOTTE,NC,282174511,,,Y,N,N,N,N,N,N,N,Y,Y,N,,,,,Y,FOOD SERVICES AND PRODUCTS,,
O20101203000026,2264629294,"BEVERWYCK, INC",5496242422,O,72,ADP OF THE SNF,2025-04-18,,,,,,,38 ROSSCRAGGON RD,STE E,ASHEVILLE,NC,288031165,,,Y,N,N,N,Y,N,N,N,N,Y,N,,,,,N,,,
O20101208000137,5890982540,TERESIAN HOUSE NURSING HOME CO INC,8123548575,O,43,OPERATIONAL/MANAGERIAL CONTROL,2021-08-30,,,,,UNIDINE CORPORATION,UNIDINE,2400 YORKMONT RD,,CHARLOTTE,NC,282174511,,,Y,N,N,N,N,N,N,N,N,N,N,,,,,N,,,
O20101208000137,5890982540,TERESIAN HOUSE NURSING HOME CO INC,8123548575,O,72,ADP OF THE SNF,2025-04-12,,,,,UNIDINE CORPORATION,UNIDINE,2400 YORKMONT RD,,CHARLOTTE,NC,282174511,,,Y,N,N,N,N,N,N,N,N,N,N,,,,,N,,,
O20101218000053,5092903963,ATRIUM TIMBERS LLC,3375801350,O,72,ADP OF THE SNF,2021-09-01,,,,,BROAD RIVER REHABILITATION,"BROAD RIVER REHABILITATION, LLC",1 POND ST,,ARDEN,NC,287048500,,,N,Y,Y,Y,N,N,N,N,N,N,N,,,,,N,,,
O20110106000378,9133038581,BAPTIST RETIREMENT HOMES OF NORTH CAROLINA INCORPORATED,9133038581,O,43,OPERATIONAL/MANAGERIAL CONTROL,2010-11-16,,,,,BAPTIST RETIREMENT HOMES OF NORTH CAROLINA INCORPORATED,BROOKRIDGE RETIREMENT COMMUNITY,1912 BETHABARA ROAD,,WINSTON-SALEM,NC,27106,,,N,N,N,N,N,N,N,N,N,N,N,,,,,N,,,
O20110202000560,6800076258,"MADISON HEALTH AND REHABILITATION, LLC",1850775545,O,36,5% OR GREATER MORTGAGE INTEREST,2013-10-22,,,,,"MADISON HEALTHCARE PROPERTIES, LLC",,229 AIRPORT RD,# 7-104,ARDEN,NC,287046402,100,Y,N,Y,N,N,N,N,N,N,N,N,N,,,,,N,,,
O20110202000560,6800076258,"MADISON HEALTH AND REHABILITATION, LLC",2769423698,O,43,OPERATIONAL/MANAGERIAL CONTROL,2010-12-14,,,,,ARDENT HEALTH AND REHABILITATION CO,,229 AIRPORT RD 7-104,,ARDEN,NC,287046402,,,N,N,N,N,N,N,N,N,N,Y,N,,,,,N,,,
O20110211000384,8628258340,"STONECREEK HEALTH AND REHABILITATION, LLC",2466632187,O,36,5% OR GREATER MORTGAGE INTEREST,2010-12-14,,,,,FLAT ROCK HEALTHCARE PROPERTIES LLC,,229 AIRPORT RD,# 7-104,ARDEN,NC,287046402,100,,N,Y,N,N,N,N,N,N,N,N,N,,,,,N,,,
O20110211000384,8628258340,"STONECREEK HEALTH AND REHABILITATION, LLC",2769423698,O,43,OPERATIONAL/MANAGERIAL CONTROL,2010-12-14,,,,,ARDENT HEALTH AND REHABILITATION CO,,229 AIRPORT RD 7-104,,ARDEN,NC,287046402,,,Y,N,N,N,N,N,N,N,N,N,N,,,,,N,,,
O20110211000384,8628258340,"STONECREEK HEALTH AND REHABILITATION, LLC",4385824002,O,36,5% OR GREATER MORTGAGE INTEREST,2010-12-14,,,,,ASHEVILLE-COURTYARD HEALTHCARE PROPERTIES LLC,,229 AIRPORT RD,# 7-104,ARDEN,NC,287046402,100,,N,Y,N,N,N,N,N,N,N,N,N,,,,,N,,,
O20110222000009,9739360926,"THAMES HEALTHCARE GROUP, LLC",5193906386,O,34,5% OR GREATER DIRECT OWNERSHIP INTEREST,2011-01-01,,,,,"PRINCIPLE LONG TERM CARE, INC.",,1435 US HIGHWAY 258 N,,KINSTON,NC,285047208,50,N,N,N,N,Y,N,N,N,N,N,Y,N,,,Y,,N,,N,N
O20110222000009,9739360926,"THAMES HEALTHCARE GROUP, LLC",5193906386,O,43,OPERATIONAL/MANAGERIAL CONTROL,2011-01-01,,,,,"PRINCIPLE LONG TERM CARE, INC.",,1435 US HIGHWAY 258 N,,KINSTON,NC,285047208,,,N,N,N,Y,N,N,N,N,N,Y,N,,,Y,,N,,,
O20110222000009,9739360926,"THAMES HEALTHCARE GROUP, LLC",7810178001,O,34,5% OR GREATER DIRECT OWNERSHIP INTEREST,2011-01-01,,,,,"PRINCIPLE IT SERVICES, INC.",,1435 HWY 258 N,,KINSTON,NC,285047208,50,N,Y,N,N,N,N,N,N,N,N,N,N,,,,,N,,N,N
O20110222000028,7113943846,OUR LADY OF MERCY LIFE CENTER,8224556766,O,72,ADP OF THE SNF,2025-04-15,,,,,,,2400 YORKMONT RD,,CHARLOTTE,NC,282174511,,,Y,N,N,N,N,N,N,N,Y,Y,N,,,,,Y,DINING FOOD SERVICES/PRODUCTS/ADMIN SERV,,
O20110222000028,7113943846,OUR LADY OF MERCY LIFE CENTER,9133647670,O,72,ADP OF THE SNF,2025-04-15,,,,,,,38 ROSSCRAGGON RD,STE E,ASHEVILLE,NC,288031165,,,Y,N,N,N,Y,N,N,N,N,Y,N,,,,,N,,,
O20110222000067,3870774060,"RIVER NEUSE GROUP, LLC",5193906386,O,34,5% OR GREATER DIRECT OWNERSHIP INTEREST,2011-01-01,,,,,"PRINCIPLE LONG TERM CARE, INC.",,1435 HIGHWAY 258N,,KINSTON,NC,285047208,50,N,N,N,N,Y,N,N,N,N,N,Y,N,,,Y,,N,,Y,N
O20110222000067,3870774060,"RIVER NEUSE GROUP, LLC",5193906386,O,43,OPERATIONAL/MANAGERIAL CONTROL,2011-01-01,,,,,"PRINCIPLE LONG TERM CARE, INC.",,1435 HIGHWAY 258N,,KINSTON,NC,285047208,50,,N,N,N,Y,N,N,N,N,N,Y,N,,,Y,,N,,,
O20110222000067,3870774060,"RIVER NEUSE GROUP, LLC",7810178001,O,34,5% OR GREATER DIRECT OWNERSHIP INTEREST,2011-01-01,,,,,"PRINCIPLE IT SERVICES, INC.",,1435 HWY 258 N,,KINSTON,NC,285047208,50,N,N,N,N,Y,N,N,N,N,N,Y,N,,,,,N,,N,N
O20110222000205,6406037605,"LUTHERAN HOME - WILMINGTON, INC.",2668982208,O,43,OPERATIONAL/MANAGERIAL CONTROL,1988-04-05,,,,,"LUTHERAN HOME WILMINGTON PROPERTY, INC",,PO BOX 947,,SALISBURY,NC,281450947,,,Y,N,N,N,N,N,N,N,N,N,Y,,,,,N,,,
O20110222000205,6406037605,"LUTHERAN HOME - WILMINGTON, INC.",2668982208,O,72,ADP OF THE SNF,2025-04-14,,,,,"LUTHERAN HOME WILMINGTON PROPERTY, INC",,PO BOX 947,,SALISBURY,NC,281450947,,,Y,N,N,N,N,N,N,N,N,N,Y,,,,,N,,,
O20110222000205,6406037605,"LUTHERAN HOME - WILMINGTON, INC.",8628030715,O,34,5% OR GREATER DIRECT OWNERSHIP INTEREST,2007-04-30,,,,,"LUTHERAN SERVICES FOR THE AGING, INC.",,1416 S MARTIN LUTHER KING JR AVE,,SALISBURY,NC,281445592,100,N,Y,N,N,N,N,N,N,N,N,N,Y,,,,,N,,Y,N
O20110222000205,6406037605,"LUTHERAN HOME - WILMINGTON, INC.",8628030715,O,43,OPERATIONAL/MANAGERIAL CONTROL,2007-04-30,,,,,"LUTHERAN SERVICES FOR THE AGING, INC.",,1416 S MARTIN LUTHER KING JR AVE,,SALISBURY,NC,281445592,,,Y,N,N,N,N,N,N,N,N,N,Y,,,,,N,,,
O20110222000205,6406037605,"LUTHERAN HOME - WILMINGTON, INC.",8628030715,O,71,TRUSTEE OF THE SNF,2007-04-30,,,,,"LUTHERAN SERVICES FOR THE AGING, INC.",,1416 S MARTIN LUTHER KING JR AVE,,SALISBURY,NC,281445592,,,Y,N,N,N,N,N,N,N,N,N,Y,,,,,N,,,
O20110222000205,6406037605,"LUTHERAN HOME - WILMINGTON, INC.",8628030715,O,72,ADP OF THE SNF,2025-04-25,,,,,"LUTHERAN SERVICES FOR THE AGING, INC.",,1416 S MARTIN LUTHER KING JR AVE,,SALISBURY,NC,281445592,,,Y,N,N,N,N,N,N,N,N,N,Y,,,,,N,,,
O20110222000205,6406037605,"LUTHERAN HOME - WILMINGTON, INC.",9638131725,O,43,OPERATIONAL/MANAGERIAL CONTROL,2007-04-30,,,,,"LSA MANAGEMENT, INC.",LUTHERAN SERVICE CAROLINAS,PO BOX 947,,SALISBURY,NC,281450947,,,Y,N,N,N,N,N,N,N,N,N,N,,,,,N,,,
O20110222000205,6406037605,"LUTHERAN HOME - WILMINGTON, INC.",9638131725,O,72,ADP OF THE SNF,2025-03-16,,,,,"LSA MANAGEMENT, INC.",LUTHERAN SERVICE CAROLINAS,PO BOX 947,,SALISBURY,NC,281450947,,,Y,N,N,N,N,N,N,N,N,N,N,,,,,N,,,
O20110222000266,5092996207,"SNOWSHOE LTC GROUP, LLC",5193906386,O,34,5% OR GREATER DIRECT OWNERSHIP INTEREST,2011-01-01,,,,,"PRINCIPLE LONG TERM CARE, INC.",,1435  HIGHWAY 258 N,,KINSTON,NC,285047208,,,N,N,N,N,N,N,N,N,N,N,N,,,,,N,,,
O20110222000266,5092996207,"SNOWSHOE LTC GROUP, LLC",5193906386,O,43,OPERATIONAL/MANAGERIAL CONTROL,2011-01-01,,,,,"PRINCIPLE LONG TERM CARE, INC.",,1435  HIGHWAY 258 N,,KINSTON,NC,285047208,,,N,N,N,N,N,N,N,N,N,N,N,,,,,N,,,
O20110222000266,5092996207,"SNOWSHOE LTC GROUP, LLC",7810178001,O,34,5% OR GREATER DIRECT OWNERSHIP INTEREST,2011-01-01,,,,,"PRINCIPLE IT SERVICES, INC.",,1435 HIGHWAY 258 N,,KINSTON,NC,285047208,,,N,N,N,N,N,N,N,N,N,N,N,,,,,N,,,
O20110223000170,7416138516,"SPRUCE LTC GROUP, LLC",5193906386,O,34,5% OR GREATER DIRECT OWNERSHIP INTEREST,2011-01-01,,,,,"PRINCIPLE LONG TERM CARE, INC.",,1435  HIGHWAY 258 N,,KINSTON,NC,285047208,50,N,N,N,N,Y,N,N,N,N,N,Y,N,,,Y,,N,,Y,N
O20110223000170,7416138516,"SPRUCE LTC GROUP, LLC",5193906386,O,43,OPERATIONAL/MANAGERIAL CONTROL,2011-01-01,,,,,"PRINCIPLE LONG TERM CARE, INC.",,1435  HIGHWAY 258 N,,KINSTON,NC,285047208,,,N,N,N,Y,N,N,N,N,N,Y,N,,,Y,,N,,,
O20110223000170,7416138516,"SPRUCE LTC GROUP, LLC",7810178001,O,34,5% OR GREATER DIRECT OWNERSHIP INTEREST,2011-01-01,,,,,"PRINCIPLE IT SERVICES, INC.",,1435 HIGHWAY 258 N,,KINSTON,NC,285047208,50,N,Y,N,N,N,N,N,N,N,N,Y,N,,,,,N,,N,N
O20110223000328,1658552773,"REDWOOD LTC GROUP, LLC",5193906386,O,34,5% OR GREATER DIRECT OWNERSHIP INTEREST,2011-01-01,,,,,"PRINCIPLE LONG TERM CARE, INC.",,1435  HIGHWAY 258 N,,KINSTON,NC,285047208,50,N,N,N,N,Y,N,N,N,N,N,Y,N,,,Y,,N,,Y,N
O20110223000328,1658552773,"REDWOOD LTC GROUP, LLC",5193906386,O,43,OPERATIONAL/MANAGERIAL CONTROL,2011-01-01,,,,,"PRINCIPLE LONG TERM CARE, INC.",,1435  HIGHWAY 258 N,,KINSTON,NC,285047208,,,N,N,N,Y,N,N,N,N,N,Y,N,,,Y,,N,,,
O20110223000328,1658552773,"REDWOOD LTC GROUP, LLC",7810178001,O,34,5% OR GREATER DIRECT OWNERSHIP INTEREST,2011-01-01,,,,,"PRINCIPLE IT SERVICES, INC.",,1435 HIGHWAY 258 N,,KINSTON,NC,285047208,50,N,Y,N,N,N,N,N,N,N,N,Y,N,,,,,N,,N,N
O20110223000376,6608057724,"HANGING ROCK LTC, LLC",5193906386,O,34,5% OR GREATER DIRECT OWNERSHIP INTEREST,2011-01-01,,,,,"PRINCIPLE LONG TERM CARE, INC.",,1435 US HIGHWAY 258 N,,KINSTON,NC,285047208,50,,N,N,N,N,N,N,N,N,N,Y,N,,,,,N,,,
O20110223000376,6608057724,"HANGING ROCK LTC, LLC",5193906386,O,43,OPERATIONAL/MANAGERIAL CONTROL,2011-01-01,,,,,"PRINCIPLE LONG TERM CARE, INC.",,1435 US HIGHWAY 258 N,,KINSTON,NC,285047208,50,,N,N,N,N,N,N,N,N,N,Y,N,,,,,N,,,
O20110223000376,6608057724,"HANGING ROCK LTC, LLC",7810178001,O,34,5% OR GREATER DIRECT OWNERSHIP INTEREST,2011-01-01,,,,,"PRINCIPLE IT SERVICES, INC.",,1435 US HIGHWAY 258 N,,KINSTON,NC,285047208,50,,N,N,N,N,N,N,N,N,N,Y,N,,,,,N,,,
O20110223000376,6608057724,"HANGING ROCK LTC, LLC",7810178001,O,43,OPERATIONAL/MANAGERIAL CONTROL,2011-01-01,,,,,"PRINCIPLE IT SERVICES, INC.",,1435 US HIGHWAY 258 N,,KINSTON,NC,285047208,50,,N,N,N,N,N,N,N,N,N,Y,N,,,,,N,,,
O20110223000518,5092996207,"SNOWSHOE LTC GROUP, LLC",5193906386,O,34,5% OR GREATER DIRECT OWNERSHIP INTEREST,2011-01-01,,,,,"PRINCIPLE LONG TERM CARE, INC.",,1435  HIGHWAY 258 N,,KINSTON,NC,285047208,50,N,N,N,N,Y,N,N,N,N,N,Y,N,,,Y,,N,,Y,N
O20110223000518,5092996207,"SNOWSHOE LTC GROUP, LLC",5193906386,O,43,OPERATIONAL/MANAGERIAL CONTROL,2011-01-01,,,,,"PRINCIPLE LONG TERM CARE, INC.",,1435  HIGHWAY 258 N,,KINSTON,NC,285047208,,,N,N,N,Y,N,N,N,N,N,Y,N,,,Y,,N,,,
O20110223000518,5092996207,"SNOWSHOE LTC GROUP, LLC",7810178001,O,34,5% OR GREATER DIRECT OWNERSHIP INTEREST,2011-01-01,,,,,"PRINCIPLE IT SERVICES, INC.",,1435 HIGHWAY 258 N,,KINSTON,NC,285047208,50,N,Y,N,N,N,N,N,N,N,N,Y,N,,,,,N,,N,N
O20110223000845,9739360785,"TAR RIVER LTC GROUP, LLC",5193906386,O,34,5% OR GREATER DIRECT OWNERSHIP INTEREST,2011-01-01,,,,,"PRINCIPLE LONG TERM CARE, INC.",,1435  HIGHWAY 258 N,,KINSTON,NC,285047208,50,N,N,N,N,Y,N,N,N,N,N,Y,N,,,Y,,N,,Y,N
O20110223000845,9739360785,"TAR RIVER LTC GROUP, LLC",5193906386,O,43,OPERATIONAL/MANAGERIAL CONTROL,2011-01-01,,,,,"PRINCIPLE LONG TERM CARE, INC.",,1435  HIGHWAY 258 N,,KINSTON,NC,285047208,,,N,N,N,Y,N,N,N,N,N,Y,N,,,Y,,N,,,
O20110223000845,9739360785,"TAR RIVER LTC GROUP, LLC",7810178001,O,34,5% OR GREATER DIRECT OWNERSHIP INTEREST,2011-01-01,,,,,"PRINCIPLE IT SERVICES, INC.",,1435 HIGHWAY 258 N,,KINSTON,NC,285047208,50,N,Y,N,N,N,N,N,N,N,N,Y,N,,,,,N,,N,N
O20110224000261,5698956613,"EAGLE PEAK LTC GROUP, LLC",5193906386,O,34,5% OR GREATER DIRECT OWNERSHIP INTEREST,2011-01-01,,,,,"PRINCIPLE LONG TERM CARE, INC.",,1435 HIGHWAY 258N,,KINSTON,NC,285047208,50,N,N,N,N,Y,N,N,N,N,N,N,N,,,Y,,N,,N,N
O20110224000261,5698956613,"EAGLE PEAK LTC GROUP, LLC",5193906386,O,43,OPERATIONAL/MANAGERIAL CONTROL,2011-01-01,,,,,"PRINCIPLE LONG TERM CARE, INC.",,1435 HIGHWAY 258N,,KINSTON,NC,285047208,,,N,N,N,Y,N,N,N,N,N,N,N,,,Y,,N,,,
O20110224000261,5698956613,"EAGLE PEAK LTC GROUP, LLC",5193906386,O,72,ADP OF THE SNF,2025-04-10,,,,,"PRINCIPLE LONG TERM CARE, INC.",,1435 HIGHWAY 258N,,KINSTON,NC,285047208,,,N,N,N,Y,N,N,N,N,N,N,N,,,Y,,N,,,
O20110224000261,5698956613,"EAGLE PEAK LTC GROUP, LLC",7810178001,O,34,5% OR GREATER DIRECT OWNERSHIP INTEREST,2011-01-01,,,,,"PRINCIPLE IT SERVICES, INC.",,1435 HIGHWAY 258N,,KINSTON,NC,285047208,50,N,Y,N,N,N,N,N,N,N,N,N,N,,,,,N,,N,N
O20110224000334,5799966727,"GRANITE FALLS LTC, LLC",5193906386,O,34,5% OR GREATER DIRECT OWNERSHIP INTEREST,2011-01-01,,,,,"PRINCIPLE LONG TERM CARE, INC.",,1435  HIGHWAY 258 N,,KINSTON,NC,285047208,50,N,N,N,N,Y,N,N,N,N,N,Y,N,,,Y,,N,,Y,N
O20110224000334,5799966727,"GRANITE FALLS LTC, LLC",5193906386,O,43,OPERATIONAL/MANAGERIAL CONTROL,2011-01-01,,,,,"PRINCIPLE LONG TERM CARE, INC.",,1435  HIGHWAY 258 N,,KINSTON,NC,285047208,,,N,N,N,Y,N,N,N,N,N,Y,N,,,Y,,N,,,
O20110224000334,5799966727,"GRANITE FALLS LTC, LLC",7810178001,O,34,5% OR GREATER DIRECT OWNERSHIP INTEREST,2011-01-01,,,,,"PRINCIPLE IT SERVICES, INC.",,1435 HIGHWAY 258 N,,KINSTON,NC,285047208,50,N,Y,N,N,N,N,N,N,N,N,Y,N,,,,,N,,N,N
O20110301000314,9739360926,"THAMES HEALTHCARE GROUP, LLC",5193906386,O,34,5% OR GREATER DIRECT OWNERSHIP INTEREST,2011-01-01,,,,,"PRINCIPLE LONG TERM CARE, INC.",,1435 US HIGHWAY 258 N,,KINSTON,NC,285047208,50,N,N,N,N,Y,N,N,N,N,N,Y,N,,,Y,,N,,Y,N
O20110301000314,9739360926,"THAMES HEALTHCARE GROUP, LLC",5193906386,O,43,OPERATIONAL/MANAGERIAL CONTROL,2011-01-01,,,,,"PRINCIPLE LONG TERM CARE, INC.",,1435 US HIGHWAY 258 N,,KINSTON,NC,285047208,,,N,N,N,Y,N,N,N,N,N,Y,N,,,Y,,N,,,
O20110301000314,9739360926,"THAMES HEALTHCARE GROUP, LLC",7810178001,O,34,5% OR GREATER DIRECT OWNERSHIP INTEREST,2011-01-01,,,,,"PRINCIPLE IT SERVICES, INC.",,1435 US HIGHWAY 258 N,,KINSTON,NC,285047208,50,N,Y,N,N,N,N,N,N,N,N,Y,N,,,,,N,,N,N
O20110304000779,6608057724,"HANGING ROCK LTC, LLC",5193906386,O,34,5% OR GREATER DIRECT OWNERSHIP INTEREST,2011-01-01,,,,,"PRINCIPLE LONG TERM CARE, INC.",,1435 US HIGHWAY 258 N,,KINSTON,NC,285047208,50,N,N,N,N,Y,N,N,N,N,N,N,N,,,Y,,N,,N,N
O20110304000779,6608057724,"HANGING ROCK LTC, LLC",5193906386,O,43,OPERATIONAL/MANAGERIAL CONTROL,2011-01-01,,,,,"PRINCIPLE LONG TERM CARE, INC.",,1435 US HIGHWAY 258 N,,KINSTON,NC,285047208,50,,N,N,N,Y,N,N,N,N,N,N,N,,,Y,,N,,,
O20110304000779,6608057724,"HANGING ROCK LTC, LLC",5193906386,O,72,ADP OF THE SNF,2025-04-09,,,,,"PRINCIPLE LONG TERM CARE, INC.",,1435 US HIGHWAY 258 N,,KINSTON,NC,285047208,,,N,N,N,Y,N,N,N,N,N,N,N,,,Y,,N,,,
O20110304000779,6608057724,"HANGING ROCK LTC, LLC",7810178001,O,34,5% OR GREATER DIRECT OWNERSHIP INTEREST,2011-01-01,,,,,"PRINCIPLE IT SERVICES, INC.",,1435 US HIGHWAY 258 N,,KINSTON,NC,285047208,50,N,Y,N,N,N,N,N,N,N,N,N,N,,,,,N,,N,N
O20110304000846,6608057724,"HANGING ROCK LTC, LLC",5193906386,O,34,5% OR GREATER DIRECT OWNERSHIP INTEREST,2011-01-01,,,,,"PRINCIPLE LONG TERM CARE, INC.",,1435 HIGHWAY 258N,,KINSTON,NC,285047208,50,N,N,N,N,Y,N,N,N,N,N,Y,N,,,Y,,N,,Y,N
O20110304000846,6608057724,"HANGING ROCK LTC, LLC",5193906386,O,43,OPERATIONAL/MANAGERIAL CONTROL,2011-01-01,,,,,"PRINCIPLE LONG TERM CARE, INC.",,1435 HIGHWAY 258N,,KINSTON,NC,285047208,50,,N,N,N,Y,N,N,N,N,N,Y,N,,,Y,,N,,,
O20110304000846,6608057724,"HANGING ROCK LTC, LLC",7810178001,O,34,5% OR GREATER DIRECT OWNERSHIP INTEREST,2011-01-01,,,,,"PRINCIPLE IT SERVICES, INC.",,1435 US HIGHWAY 258N,,KINSTON,NC,285047208,50,N,Y,N,N,N,N,N,N,N,N,Y,N,,,,,N,,N,N
O20110411000272,7416138516,"SPRUCE LTC GROUP, LLC",5193906386,O,34,5% OR GREATER DIRECT OWNERSHIP INTEREST,2011-01-01,,,,,"PRINCIPLE LONG TERM CARE, INC.",,1435 US HIGHWAY 258 N,,KINSTON,NC,285047208,50,N,N,N,N,Y,N,N,N,N,N,Y,N,,,Y,,N,,Y,N
O20110411000272,7416138516,"SPRUCE LTC GROUP, LLC",7810178001,O,34,5% OR GREATER DIRECT OWNERSHIP INTEREST,2011-01-01,,,,,"PRINCIPLE IT SERVICES, INC.",,1435 US HIGHWAY 258 N,,KINSTON,NC,285047208,50,N,Y,N,N,N,N,N,N,N,N,Y,N,,,,,N,,N,N
O20110411000274,9739360926,"THAMES HEALTHCARE GROUP, LLC",5193906386,O,34,5% OR GREATER DIRECT OWNERSHIP INTEREST,2011-01-01,,,,,"PRINCIPLE LONG TERM CARE, INC.",,1435 HWY 258 N,,KINSTON,NC,285047208,50,N,Y,N,N,Y,N,N,N,N,N,Y,N,,,Y,,N,,Y,N
O20110411000274,9739360926,"THAMES HEALTHCARE GROUP, LLC",5193906386,O,43,OPERATIONAL/MANAGERIAL CONTROL,2011-01-01,,,,,"PRINCIPLE LONG TERM CARE, INC.",,1435 HWY 258 N,,KINSTON,NC,285047208,,,Y,N,N,Y,N,N,N,N,N,Y,N,,,Y,,N,,,
O20110411000274,9739360926,"THAMES HEALTHCARE GROUP, LLC",7810178001,O,34,5% OR GREATER DIRECT OWNERSHIP INTEREST,2010-08-10,,,,,"PRINCIPLE IT SERVICES, INC.",,1435 HWY 258 N,,KINSTON,NC,285047208,50,Y,Y,N,N,N,N,N,N,N,N,Y,N,,,,,N,,N,N
O20110411000463,6608057724,"HANGING ROCK LTC, LLC",5193906386,O,34,5% OR GREATER DIRECT OWNERSHIP INTEREST,2011-01-01,,,,,"PRINCIPLE LONG TERM CARE, INC.",,1435 HIGHWAY 258N,,KINSTON,NC,285047208,50,N,N,N,N,Y,N,N,N,N,N,Y,N,,,Y,,N,,N,N
O20110411000463,6608057724,"HANGING ROCK LTC, LLC",5193906386,O,43,OPERATIONAL/MANAGERIAL CONTROL,2011-01-01,,,,,"PRINCIPLE LONG TERM CARE, INC.",,1435 HIGHWAY 258N,,KINSTON,NC,285047208,50,,N,N,N,Y,N,N,N,N,N,Y,N,,,Y,,N,,,
O20110411000463,6608057724,"HANGING ROCK LTC, LLC",7810178001,O,34,5% OR GREATER DIRECT OWNERSHIP INTEREST,2011-01-01,,,,,"PRINCIPLE IT SERVICES, INC.",,1435 HWY 258 N,,KINSTON,NC,285047208,50,N,Y,N,N,N,N,N,N,N,N,Y,N,,,,,N,,N,N
O20110411000479,5092996207,"SNOWSHOE LTC GROUP, LLC",5193906386,O,34,5% OR GREATER DIRECT OWNERSHIP INTEREST,2011-01-01,,,,,"PRINCIPLE LONG TERM CARE, INC.",,1435 US HIGHWAY 258 N,,KINSTON,NC,285047208,50,N,N,N,N,Y,N,N,N,N,N,Y,N,,,Y,,N,,N,N
O20110411000479,5092996207,"SNOWSHOE LTC GROUP, LLC",5193906386,O,43,OPERATIONAL/MANAGERIAL CONTROL,2011-01-01,,,,,"PRINCIPLE LONG TERM CARE, INC.",,1435 US HIGHWAY 258 N,,KINSTON,NC,285047208,,,N,N,N,Y,N,N,N,N,N,Y,N,,,Y,,N,,,
O20110411000479,5092996207,"SNOWSHOE LTC GROUP, LLC",7810178001,O,34,5% OR GREATER DIRECT OWNERSHIP INTEREST,2011-01-01,,,,,"PRINCIPLE IT SERVICES, INC.",,1435 US HIGHWAY 258 N,,KINSTON,NC,285047208,50,N,Y,N,N,N,N,N,N,N,N,N,N,,,,,N,,Y,N
O20110411000599,1658552773,"REDWOOD LTC GROUP, LLC",5193906386,O,34,5% OR GREATER DIRECT OWNERSHIP INTEREST,2011-01-01,,,,,"PRINCIPLE LONG TERM CARE, INC.",,1435 US HIGHWAY 258 N,,KINSTON,NC,285047208,,,N,N,N,N,N,N,N,N,N,N,N,,,,,N,,,
O20110411000599,1658552773,"REDWOOD LTC GROUP, LLC",5193906386,O,43,OPERATIONAL/MANAGERIAL CONTROL,2011-01-01,,,,,"PRINCIPLE LONG TERM CARE, INC.",,1435 US HIGHWAY 258 N,,KINSTON,NC,285047208,,,N,N,N,N,N,N,N,N,N,N,N,,,,,N,,,
O20110411000599,1658552773,"REDWOOD LTC GROUP, LLC",7810178001,O,34,5% OR GREATER DIRECT OWNERSHIP INTEREST,2011-01-01,,,,,"PRINCIPLE IT SERVICES, INC.",,1435 US HIGHWAY 258 N,,KINSTON,NC,285047208,,,N,N,N,N,N,N,N,N,N,N,N,,,,,N,,,
O20110412000892,3870774060,"RIVER NEUSE GROUP, LLC",5193906386,O,34,5% OR GREATER DIRECT OWNERSHIP INTEREST,2011-01-01,,,,,"PRINCIPLE LONG TERM CARE, INC.",,1435 HWY 258 N,,KINSTON,NC,285047208,50,N,N,N,N,Y,N,N,N,N,N,Y,N,,,Y,,N,,N,N
O20110412000892,3870774060,"RIVER NEUSE GROUP, LLC",5193906386,O,43,OPERATIONAL/MANAGERIAL CONTROL,2011-01-01,,,,,"PRINCIPLE LONG TERM CARE, INC.",,1435 HWY 258 N,,KINSTON,NC,285047208,,,N,N,N,Y,N,N,N,N,N,Y,N,,,Y,,N,,,
O20110412000892,3870774060,"RIVER NEUSE GROUP, LLC",7810178001,O,34,5% OR GREATER DIRECT OWNERSHIP INTEREST,2011-01-28,,,,,"PRINCIPLE IT SERVICES, INC.",,1435 HWY 258 N,,KINSTON,NC,285047208,50,N,Y,N,N,N,N,N,N,N,N,N,N,,,,,N,,N,N
O20110413000064,5799966727,"GRANITE FALLS LTC, LLC",5193906386,O,34,5% OR GREATER DIRECT OWNERSHIP INTEREST,2011-01-01,,,,,"PRINCIPLE LONG TERM CARE, INC.",,1435 HWY 258 N,,KINSTON,NC,285047208,,N,N,N,N,N,N,N,N,N,N,Y,N,,,,,N,,,
O20110413000064,5799966727,"GRANITE FALLS LTC, LLC",5193906386,O,43,OPERATIONAL/MANAGERIAL CONTROL,2011-01-01,,,,,"PRINCIPLE LONG TERM CARE, INC.",,1435 HWY 258 N,,KINSTON,NC,285047208,,,N,N,N,N,N,N,N,N,N,Y,N,,,,,N,,,
O20110413000064,5799966727,"GRANITE FALLS LTC, LLC",7810178001,O,34,5% OR GREATER DIRECT OWNERSHIP INTEREST,2011-01-01,,,,,"PRINCIPLE IT SERVICES, INC.",,1435 US HIGHWAY 258 N,,KINSTON,NC,285047208,,N,N,N,N,N,N,N,N,N,N,Y,N,,,,,N,,,
O20110413000096,0749464154,"EVEREST LONG TERM CARE, LLC",5193906386,O,34,5% OR GREATER DIRECT OWNERSHIP INTEREST,2011-01-28,,,,,"PRINCIPLE LONG TERM CARE, INC.",,1435  HIGHWAY 258 N,,KINSTON,NC,285047208,50,N,N,N,N,Y,N,N,N,N,N,Y,N,,,Y,,N,,Y,N
O20110413000096,0749464154,"EVEREST LONG TERM CARE, LLC",5193906386,O,43,OPERATIONAL/MANAGERIAL CONTROL,2011-01-01,,,,,"PRINCIPLE LONG TERM CARE, INC.",,1435  HIGHWAY 258 N,,KINSTON,NC,285047208,,,N,N,N,Y,N,N,N,N,N,Y,N,,,Y,,N,,,
O20110413000096,0749464154,"EVEREST LONG TERM CARE, LLC",7810178001,O,34,5% OR GREATER DIRECT OWNERSHIP INTEREST,2011-01-01,,,,,"PRINCIPLE IT SERVICES, INC.",,1435 HIGHWAY 258 N,,KINSTON,NC,285047208,50,N,Y,N,N,N,N,N,N,N,N,Y,N,,,,,N,,N,N
O20110413000150,3870774060,"RIVER NEUSE GROUP, LLC",5193906386,O,34,5% OR GREATER DIRECT OWNERSHIP INTEREST,2011-01-01,,,,,"PRINCIPLE LONG TERM CARE, INC.",,1435 HWY 258 N,,KINSTON,NC,285047208,50,N,N,N,N,Y,N,N,N,N,N,Y,N,,,Y,,N,,Y,N
O20110413000150,3870774060,"RIVER NEUSE GROUP, LLC",5193906386,O,43,OPERATIONAL/MANAGERIAL CONTROL,2011-01-01,,,,,"PRINCIPLE LONG TERM CARE, INC.",,1435 HWY 258 N,,KINSTON,NC,285047208,50,,N,N,N,Y,N,N,N,N,N,Y,N,,,Y,,N,,,
O20110413000150,3870774060,"RIVER NEUSE GROUP, LLC",7810178001,O,34,5% OR GREATER DIRECT OWNERSHIP INTEREST,2011-01-01,,,,,"PRINCIPLE IT SERVICES, INC.",,1435 HWY 258 N,,KINSTON,NC,285047208,50,N,Y,N,N,N,N,N,N,N,N,Y,N,,,,,N,,N,N
O20110413000236,5799966727,"GRANITE FALLS LTC, LLC",5193906386,O,34,5% OR GREATER DIRECT OWNERSHIP INTEREST,2011-01-28,,,,,"PRINCIPLE LONG TERM CARE, INC.",,1435  HIGHWAY 258 N,,KINSTON,NC,285047208,,,N,N,N,N,N,N,N,N,N,N,N,,,,,N,,,
O20110413000236,5799966727,"GRANITE FALLS LTC, LLC",5193906386,O,43,OPERATIONAL/MANAGERIAL CONTROL,2011-01-28,,,,,"PRINCIPLE LONG TERM CARE, INC.",,1435  HIGHWAY 258 N,,KINSTON,NC,285047208,,,N,N,N,N,N,N,N,N,N,N,N,,,,,N,,,
O20110413000236,5799966727,"GRANITE FALLS LTC, LLC",7810178001,O,34,5% OR GREATER DIRECT OWNERSHIP INTEREST,2011-01-28,,,,,"PRINCIPLE IT SERVICES, INC.",,1435 HIGHWAY 258 N,,KINSTON,NC,285047208,,,N,N,N,N,N,N,N,N,N,N,N,,,,,N,,,
O20110413000355,5799966727,"GRANITE FALLS LTC, LLC",5193906386,O,34,5% OR GREATER DIRECT OWNERSHIP INTEREST,2011-01-01,,,,,"PRINCIPLE LONG TERM CARE, INC.",,1435 HWY 258 N,,KINSTON,NC,285047208,50,N,Y,N,N,Y,N,N,N,N,N,N,N,,,Y,,N,,Y,N
O20110413000355,5799966727,"GRANITE FALLS LTC, LLC",5193906386,O,43,OPERATIONAL/MANAGERIAL CONTROL,2011-01-01,,,,,"PRINCIPLE LONG TERM CARE, INC.",,1435 HWY 258 N,,KINSTON,NC,285047208,50,,Y,N,N,Y,N,N,N,N,N,N,N,,,Y,,N,,,
O20110413000355,5799966727,"GRANITE FALLS LTC, LLC",5193906386,O,72,ADP OF THE SNF,2025-04-14,,,,,"PRINCIPLE LONG TERM CARE, INC.",,1435 HWY 258 N,,KINSTON,NC,285047208,,,Y,N,N,Y,N,N,N,N,N,N,N,,,Y,,N,,,
O20110413000355,5799966727,"GRANITE FALLS LTC, LLC",7810178001,O,34,5% OR GREATER DIRECT OWNERSHIP INTEREST,2011-01-01,,,,,"PRINCIPLE IT SERVICES, INC.",,1435 HWY 258 N,,KINSTON,NC,285047208,50,N,Y,N,N,N,N,N,N,N,N,Y,N,,,,,N,,N,N
O20110413000468,5092996207,"SNOWSHOE LTC GROUP, LLC",5193906386,O,34,5% OR GREATER DIRECT OWNERSHIP INTEREST,2011-01-01,,,,,"PRINCIPLE LONG TERM CARE, INC.",,1435  HIGHWAY 258 N,,KINSTON,NC,285047208,50,N,N,N,N,Y,N,N,N,N,N,Y,N,,,Y,,N,,Y,N
O20110413000468,5092996207,"SNOWSHOE LTC GROUP, LLC",5193906386,O,43,OPERATIONAL/MANAGERIAL CONTROL,2011-01-01,,,,,"PRINCIPLE LONG TERM CARE, INC.",,1435  HIGHWAY 258 N,,KINSTON,NC,285047208,,,N,N,N,Y,N,N,N,N,N,Y,N,,,Y,,N,,,
O20110413000468,5092996207,"SNOWSHOE LTC GROUP, LLC",7810178001,O,34,5% OR GREATER DIRECT OWNERSHIP INTEREST,2011-01-28,,,,,"PRINCIPLE IT SERVICES, INC.",,1435 HIGHWAY 258 N,,KINSTON,NC,285047208,50,N,Y,N,N,N,N,N,N,N,N,Y,N,,,,,N,,N,N
O20110413000568,9739360785,"TAR RIVER LTC GROUP, LLC",5193906386,O,34,5% OR GREATER DIRECT OWNERSHIP INTEREST,2011-01-01,,,,,"PRINCIPLE LONG TERM CARE, INC.",,1435 US HIGHWAY 258 N,,KINSTON,NC,285047208,,,N,N,N,N,N,N,N,N,N,N,N,,,,,N,,,
O20110413000568,9739360785,"TAR RIVER LTC GROUP, LLC",5193906386,O,43,OPERATIONAL/MANAGERIAL CONTROL,2011-01-01,,,,,"PRINCIPLE LONG TERM CARE, INC.",,1435 US HIGHWAY 258 N,,KINSTON,NC,285047208,,,N,N,N,N,N,N,N,N,N,N,N,,,,,N,,,
O20110413000568,9739360785,"TAR RIVER LTC GROUP, LLC",7810178001,O,34,5% OR GREATER DIRECT OWNERSHIP INTEREST,2011-01-01,,,,,"PRINCIPLE IT SERVICES, INC.",,1435 US HIGHWAY 258 N,,KINSTON,NC,285047208,,,N,N,N,N,N,N,N,N,N,N,N,,,,,N,,,
O20110413000779,9739360785,"TAR RIVER LTC GROUP, LLC",5193906386,O,34,5% OR GREATER DIRECT OWNERSHIP INTEREST,2011-01-01,,,,,"PRINCIPLE LONG TERM CARE, INC.",,1435 US HIGHWAY 258 N,,KINSTON,NC,285047208,50,N,N,N,N,Y,N,N,N,N,N,N,N,,,Y,,N,,N,N
O20110413000779,9739360785,"TAR RIVER LTC GROUP, LLC",5193906386,O,43,OPERATIONAL/MANAGERIAL CONTROL,2011-01-01,,,,,"PRINCIPLE LONG TERM CARE, INC.",,1435 US HIGHWAY 258 N,,KINSTON,NC,285047208,,,N,N,N,Y,N,N,N,N,N,N,N,,,Y,,N,,,
O20110413000779,9739360785,"TAR RIVER LTC GROUP, LLC",5193906386,O,72,ADP OF THE SNF,2025-04-09,,,,,"PRINCIPLE LONG TERM CARE, INC.",,1435 US HIGHWAY 258 N,,KINSTON,NC,285047208,,,N,N,N,Y,N,N,N,N,N,N,N,,,Y,,N,,,
O20110413000779,9739360785,"TAR RIVER LTC GROUP, LLC",7810178001,O,34,5% OR GREATER DIRECT OWNERSHIP INTEREST,2011-01-01,,,,,"PRINCIPLE IT SERVICES, INC.",,1435 US HIGHWAY 258 N,,KINSTON,NC,285047208,50,N,N,N,N,Y,N,N,N,N,N,N,N,,,,,N,,N,N
O20110414000080,1658552773,"REDWOOD LTC GROUP, LLC",5193906386,O,34,5% OR GREATER DIRECT OWNERSHIP INTEREST,2011-01-01,,,,,"PRINCIPLE LONG TERM CARE, INC.",,1435 US HIGHWAY 258 N,,KINSTON,NC,285047208,50,N,N,N,N,Y,N,N,N,N,N,Y,N,,,Y,,N,,Y,N
O20110414000080,1658552773,"REDWOOD LTC GROUP, LLC",5193906386,O,43,OPERATIONAL/MANAGERIAL CONTROL,2011-01-01,,,,,"PRINCIPLE LONG TERM CARE, INC.",,1435 US HIGHWAY 258 N,,KINSTON,NC,285047208,,,N,N,N,Y,N,N,N,N,N,Y,N,,,Y,,N,,,
O20110414000080,1658552773,"REDWOOD LTC GROUP, LLC",7810178001,O,34,5% OR GREATER DIRECT OWNERSHIP INTEREST,2011-01-01,,,,,"PRINCIPLE IT SERVICES, INC.",,1435 US HIGHWAY 258 N,,KINSTON,NC,285047208,50,N,N,N,N,Y,N,N,N,N,N,Y,N,,,,,N,,N,N
O20110414000561,3870774060,"RIVER NEUSE GROUP, LLC",5193906386,O,34,5% OR GREATER DIRECT OWNERSHIP INTEREST,2011-01-01,,,,,"PRINCIPLE LONG TERM CARE, INC.",,1435 HWY 258 N,,KINSTON,NC,285047208,50,N,Y,N,N,Y,N,N,N,N,N,N,N,,,Y,,N,,Y,N
O20110414000561,3870774060,"RIVER NEUSE GROUP, LLC",5193906386,O,43,OPERATIONAL/MANAGERIAL CONTROL,2011-01-01,,,,,"PRINCIPLE LONG TERM CARE, INC.",,1435 HWY 258 N,,KINSTON,NC,285047208,,,Y,N,N,Y,N,N,N,N,N,N,N,,,Y,,N,,,
O20110414000561,3870774060,"RIVER NEUSE GROUP, LLC",5193906386,O,72,ADP OF THE SNF,2025-04-10,,,,,"PRINCIPLE LONG TERM CARE, INC.",,1435 HWY 258 N,,KINSTON,NC,285047208,,,Y,N,N,Y,N,N,N,N,N,N,N,,,Y,,N,,,
O20110414000561,3870774060,"RIVER NEUSE GROUP, LLC",7810178001,O,34,5% OR GREATER DIRECT OWNERSHIP INTEREST,2011-01-01,,,,,"PRINCIPLE IT SERVICES, INC.",,1435 HWY 258 N,,KINSTON,NC,285047208,50,N,Y,N,N,N,N,N,N,N,N,N,N,,,,,N,,N,N
O20110414000644,7416138516,"SPRUCE LTC GROUP, LLC",5193906386,O,34,5% OR GREATER DIRECT OWNERSHIP INTEREST,2011-01-01,,,,,"PRINCIPLE LONG TERM CARE, INC.",,1435  HIGHWAY 258 N,,KINSTON,NC,285047208,,,N,N,N,N,N,N,N,N,N,N,N,,,,,N,,,
O20110414000644,7416138516,"SPRUCE LTC GROUP, LLC",5193906386,O,43,OPERATIONAL/MANAGERIAL CONTROL,2011-01-01,,,,,"PRINCIPLE LONG TERM CARE, INC.",,1435  HIGHWAY 258 N,,KINSTON,NC,285047208,,,N,N,N,N,N,N,N,N,N,N,N,,,,,N,,,
O20110414000644,7416138516,"SPRUCE LTC GROUP, LLC",7810178001,O,34,5% OR GREATER DIRECT OWNERSHIP INTEREST,2011-01-01,,,,,"PRINCIPLE IT SERVICES, INC.",,1435 HIGHWAY 258 N,,KINSTON,NC,285047208,,,N,N,N,N,N,N,N,N,N,N,N,,,,,N,,,
O20110420000354,5698956613,"EAGLE PEAK LTC GROUP, LLC",5193906386,O,34,5% OR GREATER DIRECT OWNERSHIP INTEREST,2011-01-01,,,,,"PRINCIPLE LONG TERM CARE, INC.",,1435  HIGHWAY 258 N,,KINSTON,NC,285047208,50,N,N,N,N,Y,N,N,N,N,N,Y,N,,,Y,,N,,Y,N
O20110420000354,5698956613,"EAGLE PEAK LTC GROUP, LLC",5193906386,O,43,OPERATIONAL/MANAGERIAL CONTROL,2011-01-01,,,,,"PRINCIPLE LONG TERM CARE, INC.",,1435  HIGHWAY 258 N,,KINSTON,NC,285047208,,,N,N,N,Y,N,N,N,N,N,Y,N,,,Y,,N,,,
O20110420000354,5698956613,"EAGLE PEAK LTC GROUP, LLC",7810178001,O,34,5% OR GREATER DIRECT OWNERSHIP INTEREST,2011-01-01,,,,,"PRINCIPLE IT SERVICES, INC.",,1435 HIGHWAY 258 N,,KINSTON,NC,285047208,50,N,Y,N,N,N,N,N,N,N,N,Y,N,,,,,N,,N,N
O20110420000392,3870774060,"RIVER NEUSE GROUP, LLC",5193906386,O,34,5% OR GREATER DIRECT OWNERSHIP INTEREST,2011-01-01,,,,,"PRINCIPLE LONG TERM CARE, INC.",,1435  HIGHWAY 258 N,,KINSTON,NC,285047208,50,N,N,N,N,Y,N,N,N,N,N,Y,N,,,Y,,N,,Y,N
O20110420000392,3870774060,"RIVER NEUSE GROUP, LLC",5193906386,O,43,OPERATIONAL/MANAGERIAL CONTROL,2011-01-01,,,,,"PRINCIPLE LONG TERM CARE, INC.",,1435  HIGHWAY 258 N,,KINSTON,NC,285047208,,,N,N,N,Y,N,N,N,N,N,Y,N,,,Y,,N,,,
O20110420000392,3870774060,"RIVER NEUSE GROUP, LLC",7810178001,O,34,5% OR GREATER DIRECT OWNERSHIP INTEREST,2011-01-01,,,,,"PRINCIPLE IT SERVICES, INC.",,1435 HIGHWAY 258 N,,KINSTON,NC,285047208,,,N,N,N,N,N,N,N,N,N,N,N,,,,,N,,,
O20110502000304,5698956613,"EAGLE PEAK LTC GROUP, LLC",5193906386,O,34,5% OR GREATER DIRECT OWNERSHIP INTEREST,2011-01-01,,,,,"PRINCIPLE LONG TERM CARE, INC.",,1435 HWY 258 N,,KINSTON,NC,285047208,50,N,N,N,N,N,N,N,N,N,N,Y,N,,,,,N,,,
O20110502000304,5698956613,"EAGLE PEAK LTC GROUP, LLC",5193906386,O,43,OPERATIONAL/MANAGERIAL CONTROL,2011-01-01,,,,,"PRINCIPLE LONG TERM CARE, INC.",,1435 HWY 258 N,,KINSTON,NC,285047208,50,,N,N,N,N,N,N,N,N,N,Y,N,,,,,N,,,
O20110502000304,5698956613,"EAGLE PEAK LTC GROUP, LLC",7810178001,O,34,5% OR GREATER DIRECT OWNERSHIP INTEREST,2011-01-01,,,,,"PRINCIPLE IT SERVICES, INC.",,1435 HWY 258 N,,KINSTON,NC,285047208,50,N,N,N,N,N,N,N,N,N,N,Y,N,,,,,N,,,
O20110503000033,3870774060,"RIVER NEUSE GROUP, LLC",5193906386,O,34,5% OR GREATER DIRECT OWNERSHIP INTEREST,2011-01-01,,,,,"PRINCIPLE LONG TERM CARE, INC.",,1435  HIGHWAY 258 N,,KINSTON,NC,285047208,50,N,N,N,N,Y,N,N,N,N,N,N,N,,,Y,,N,,N,N
O20110503000033,3870774060,"RIVER NEUSE GROUP, LLC",5193906386,O,43,OPERATIONAL/MANAGERIAL CONTROL,2011-01-01,,,,,"PRINCIPLE LONG TERM CARE, INC.",,1435  HIGHWAY 258 N,,KINSTON,NC,285047208,,,N,N,N,Y,N,N,N,N,N,N,N,,,Y,,N,,,
O20110503000033,3870774060,"RIVER NEUSE GROUP, LLC",5193906386,O,72,ADP OF THE SNF,2025-04-09,,,,,"PRINCIPLE LONG TERM CARE, INC.",,1435 HIGHWAY 258 N,,KINSTON,NC,285047208,,,N,N,N,Y,N,N,N,N,N,N,N,,,Y,,N,,,
O20110503000033,3870774060,"RIVER NEUSE GROUP, LLC",7810178001,O,34,5% OR GREATER DIRECT OWNERSHIP INTEREST,2011-01-01,,,,,"PRINCIPLE IT SERVICES, INC.",,1435 HIGHWAY 258 N,,KINSTON,NC,285047208,,N,N,Y,N,N,N,N,N,N,N,N,N,,,,,N,,N,N
O20110503000133,7113102336,"BIRCH LTC GROUP, LLC",5193906386,O,34,5% OR GREATER DIRECT OWNERSHIP INTEREST,2011-01-01,,,,,"PRINCIPLE LONG TERM CARE, INC.",,1435  HIGHWAY 258 N,,KINSTON,NC,285047208,50,N,N,N,N,Y,N,N,N,N,N,N,N,,,Y,,N,,Y,N
O20110503000133,7113102336,"BIRCH LTC GROUP, LLC",5193906386,O,43,OPERATIONAL/MANAGERIAL CONTROL,2011-01-01,,,,,"PRINCIPLE LONG TERM CARE, INC.",,1435  HIGHWAY 258 N,,KINSTON,NC,285047208,,,N,N,N,Y,N,N,N,N,N,N,N,,,Y,,N,,,
O20110503000133,7113102336,"BIRCH LTC GROUP, LLC",5193906386,O,72,ADP OF THE SNF,2025-04-08,,,,,"PRINCIPLE LONG TERM CARE, INC.",,1435 HIGHWAY 258 N,,KINSTON,NC,285047208,,,N,N,N,Y,N,N,N,N,N,N,N,,,Y,,N,,,
O20110503000133,7113102336,"BIRCH LTC GROUP, LLC",5193906386,O,85,DIRECT OWNERSHIP INTEREST,2011-01-01,,,,,"PRINCIPLE LONG TERM CARE, INC.",,1435 HIGHWAY 258 N,,KINSTON,NC,285047208,50,N,N,N,N,Y,N,N,N,N,N,N,N,,,Y,,N,,N,Y
O20110503000133,7113102336,"BIRCH LTC GROUP, LLC",7810178001,O,34,5% OR GREATER DIRECT OWNERSHIP INTEREST,2011-01-01,,,,,"PRINCIPLE IT SERVICES, INC.",,1435 HIGHWAY 258 N,,KINSTON,NC,285047208,50,N,N,N,N,Y,N,N,N,N,N,N,N,,,,,N,,Y,Y
O20110503000133,7113102336,"BIRCH LTC GROUP, LLC",7810178001,O,43,OPERATIONAL/MANAGERIAL CONTROL,2011-01-01,,,,,"PRINCIPLE IT SERVICES, INC.",,1435 HIGHWAY 258 N,,KINSTON,NC,285047208,,,N,N,N,Y,N,N,N,N,N,N,N,,,,,N,,,
O20110503000133,7113102336,"BIRCH LTC GROUP, LLC",7810178001,O,72,ADP OF THE SNF,2025-04-08,,,,,"PRINCIPLE IT SERVICES, INC.",,1435 HIGHWAY 258 N,,KINSTON,NC,285047208,,,N,N,N,Y,N,N,N,N,N,N,N,,,,,N,,,
O20110503000174,5092996207,"SNOWSHOE LTC GROUP, LLC",5193906386,O,34,5% OR GREATER DIRECT OWNERSHIP INTEREST,2011-01-17,,,,,"PRINCIPLE LONG TERM CARE, INC.",,1435 HWY 258 N,,KINSTON,NC,285047208,50,N,N,N,N,Y,N,N,N,N,N,Y,N,,,Y,,N,,Y,N
O20110503000174,5092996207,"SNOWSHOE LTC GROUP, LLC",5193906386,O,43,OPERATIONAL/MANAGERIAL CONTROL,2011-01-01,,,,,"PRINCIPLE LONG TERM CARE, INC.",,1435 HWY 258 N,,KINSTON,NC,285047208,,,N,N,N,Y,N,N,N,N,N,Y,N,,,Y,,N,,,
O20110503000174,5092996207,"SNOWSHOE LTC GROUP, LLC",7810178001,O,34,5% OR GREATER DIRECT OWNERSHIP INTEREST,2011-01-17,,,,,"PRINCIPLE IT SERVICES, INC.",,1435 HIGHWAY 258 N,,KINSTON,NC,285047208,50,N,Y,N,N,N,N,N,N,N,N,Y,N,,,,,N,,N,N
O20110503000519,7113102336,"BIRCH LTC GROUP, LLC",5193906386,O,34,5% OR GREATER DIRECT OWNERSHIP INTEREST,2011-01-01,,,,,"PRINCIPLE LONG TERM CARE, INC.",,1435 HIGHWAY 258N,,KINSTON,NC,285047208,50,N,N,N,N,Y,N,N,N,N,N,N,N,,,Y,,N,,Y,Y
O20110503000519,7113102336,"BIRCH LTC GROUP, LLC",5193906386,O,43,OPERATIONAL/MANAGERIAL CONTROL,2011-01-01,,,,,"PRINCIPLE LONG TERM CARE, INC.",,1435 HIGHWAY 258N,,KINSTON,NC,285047208,,,N,N,N,Y,N,N,N,N,N,N,N,,,Y,,N,,,
O20110503000519,7113102336,"BIRCH LTC GROUP, LLC",5193906386,O,72,ADP OF THE SNF,2025-06-17,,,,,"PRINCIPLE LONG TERM CARE, INC.",,1435 HIGHWAY 258N,,KINSTON,NC,285047208,,,N,N,N,Y,N,N,N,N,N,N,N,,,Y,,N,,,
O20110503000519,7113102336,"BIRCH LTC GROUP, LLC",5193906386,O,85,DIRECT OWNERSHIP INTEREST,2011-01-01,,,,,"PRINCIPLE LONG TERM CARE, INC.",,1435 HIGHWAY 258N,,KINSTON,NC,285047208,50,N,N,N,N,Y,N,N,N,N,N,N,N,,,Y,,N,,Y,N
O20110503000519,7113102336,"BIRCH LTC GROUP, LLC",7810178001,O,34,5% OR GREATER DIRECT OWNERSHIP INTEREST,2011-01-01,,,,,"PRINCIPLE IT SERVICES, INC.",,1435 HIGHWAY 258N,,KINSTON,NC,285047208,50,N,N,Y,N,N,N,N,N,N,N,N,N,,,,,N,,Y,Y
O20110503000519,7113102336,"BIRCH LTC GROUP, LLC",7810178001,O,72,ADP OF THE SNF,2011-01-01,,,,,"PRINCIPLE IT SERVICES, INC.",,1435 HIGHWAY 258N,,KINSTON,NC,285047208,,,N,Y,N,N,N,N,N,N,N,N,N,,,,,N,,,
O20110503000519,7113102336,"BIRCH LTC GROUP, LLC",7810178001,O,85,DIRECT OWNERSHIP INTEREST,2011-01-01,,,,,"PRINCIPLE IT SERVICES, INC.",,1435 HIGHWAY 258N,,KINSTON,NC,285047208,50,N,N,Y,N,N,N,N,N,N,N,N,N,,,,,N,,Y,Y
O20110505000275,1658552773,"REDWOOD LTC GROUP, LLC",5193906386,O,34,5% OR GREATER DIRECT OWNERSHIP INTEREST,2011-01-01,,,,,"PRINCIPLE LONG TERM CARE, INC.",,1435  HIGHWAY 258 N,,KINSTON,NC,285047208,50,N,N,N,N,Y,N,N,N,N,N,Y,N,,,Y,,N,,Y,N
O20110505000275,1658552773,"REDWOOD LTC GROUP, LLC",5193906386,O,43,OPERATIONAL/MANAGERIAL CONTROL,2011-01-01,,,,,"PRINCIPLE LONG TERM CARE, INC.",,1435  HIGHWAY 258 N,,KINSTON,NC,285047208,,,N,N,N,Y,N,N,N,N,N,Y,N,,,Y,,N,,,
O20110505000275,1658552773,"REDWOOD LTC GROUP, LLC",7810178001,O,34,5% OR GREATER DIRECT OWNERSHIP INTEREST,2011-01-01,,,,,"PRINCIPLE IT SERVICES, INC.",,1435 HWY 258 N,,KINSTON,NC,285047208,50,N,Y,N,N,N,N,N,N,N,N,Y,N,,,,,N,,N,N
O20110511000098,7416138516,"SPRUCE LTC GROUP, LLC",5193906386,O,34,5% OR GREATER DIRECT OWNERSHIP INTEREST,2011-01-01,,,,,"PRINCIPLE LONG TERM CARE, INC.",,1435 HIGHWAY 258 NORTH,,KINSTON,NC,258047208,50,N,N,Y,N,Y,N,N,N,N,N,N,N,,,Y,,N,,N,N
O20110511000098,7416138516,"SPRUCE LTC GROUP, LLC",5193906386,O,43,OPERATIONAL/MANAGERIAL CONTROL,2011-01-01,,,,,"PRINCIPLE LONG TERM CARE, INC.",,1435 HIGHWAY 258 NORTH,,KINSTON,NC,258047208,,,N,Y,N,Y,N,N,N,N,N,N,N,,,Y,,N,,,
O20110511000098,7416138516,"SPRUCE LTC GROUP, LLC",5193906386,O,72,ADP OF THE SNF,2025-06-13,,,,,"PRINCIPLE LONG TERM CARE, INC.",,1435 HIGHWAY 258 NORTH,,KINSTON,NC,258047208,,,N,Y,N,Y,N,N,N,N,N,N,N,,,Y,,N,,,
O20110511000098,7416138516,"SPRUCE LTC GROUP, LLC",7810178001,O,34,5% OR GREATER DIRECT OWNERSHIP INTEREST,2011-01-01,,,,,"PRINCIPLE IT SERVICES, INC.",,1435 US HIGHWAY 258 N,,KINSTON,NC,285047208,50,N,N,N,N,Y,N,N,N,N,N,N,N,,,,,N,,N,N
O20110511000098,7416138516,"SPRUCE LTC GROUP, LLC",7810178001,O,43,OPERATIONAL/MANAGERIAL CONTROL,2011-01-01,,,,,"PRINCIPLE IT SERVICES, INC.",,1435 US HIGHWAY 258 N,,KINSTON,NC,285047208,,,N,N,N,Y,N,N,N,N,N,N,N,,,,,N,,,
O20110511000098,7416138516,"SPRUCE LTC GROUP, LLC",7810178001,O,72,ADP OF THE SNF,2025-04-08,,,,,"PRINCIPLE IT SERVICES, INC.",,1435 US HIGHWAY 258 N,,KINSTON,NC,285047208,,,N,N,N,Y,N,N,N,N,N,N,N,,,,,N,,,
O20110511000155,0345421053,"MAPLE LTC GROUP, LLC",5193906386,O,34,5% OR GREATER DIRECT OWNERSHIP INTEREST,2011-01-01,,,,,"PRINCIPLE LONG TERM CARE, INC.",,1435 HIGHWAY 258N,,KINSTON,NC,285047208,50,N,N,N,N,Y,N,N,N,N,N,N,N,,,Y,,N,,N,N
O20110511000155,0345421053,"MAPLE LTC GROUP, LLC",5193906386,O,43,OPERATIONAL/MANAGERIAL CONTROL,2011-01-01,,,,,"PRINCIPLE LONG TERM CARE, INC.",,1435 HIGHWAY 258N,,KINSTON,NC,285047208,,,N,N,N,Y,N,N,N,N,N,N,N,,,Y,,N,,,
O20110511000155,0345421053,"MAPLE LTC GROUP, LLC",7810178001,O,34,5% OR GREATER DIRECT OWNERSHIP INTEREST,2011-01-01,,,,,"PRINCIPLE IT SERVICES, INC.",,1435 HWY 258 N,,KINSTON,NC,285047208,50,N,N,N,N,Y,N,N,N,N,N,N,N,,,,,N,,N,N
O20110511000155,0345421053,"MAPLE LTC GROUP, LLC",7810178001,O,43,OPERATIONAL/MANAGERIAL CONTROL,2011-01-01,,,,,"PRINCIPLE IT SERVICES, INC.",,1435 HWY 258 N,,KINSTON,NC,285047208,,,N,N,N,Y,N,N,N,N,N,N,N,,,,,N,,,
O20110511000832,1355527151,"STRATFORD RETIREMENT, LLC",9537689971,O,43,OPERATIONAL/MANAGERIAL CONTROL,2010-10-10,,,,,"MAXWELL GROUP, INC.",,3530 TORINGDON WAY,STE 204,CHARLOTTE,NC,282773436,,,N,N,N,Y,N,N,N,N,N,N,N,,,,,N,,,
O20110511000832,1355527151,"STRATFORD RETIREMENT, LLC",9537689971,O,72,ADP OF THE SNF,2025-02-01,,,,,"MAXWELL GROUP, INC.",,3530 TORINGDON WAY,STE 204,CHARLOTTE,NC,282773436,,,N,N,N,Y,N,N,N,N,N,N,N,,,,,N,,,
O20110525000047,5799966727,"GRANITE FALLS LTC, LLC",5193906386,O,34,5% OR GREATER DIRECT OWNERSHIP INTEREST,2011-01-01,,,,,"PRINCIPLE LONG TERM CARE, INC.",,1435 HIGHWAY 258 NORTH,,KINSTON,NC,258047208,50,N,N,N,N,Y,N,N,N,N,N,Y,N,,,Y,,N,,Y,N
O20110525000047,5799966727,"GRANITE FALLS LTC, LLC",5193906386,O,43,OPERATIONAL/MANAGERIAL CONTROL,2016-06-01,,,,,"PRINCIPLE LONG TERM CARE, INC.",,1435 HIGHWAY 258 NORTH,,KINSTON,NC,258047208,,,N,N,N,Y,N,N,N,N,N,Y,N,,,Y,,N,,,
O20110525000047,5799966727,"GRANITE FALLS LTC, LLC",7810178001,O,34,5% OR GREATER DIRECT OWNERSHIP INTEREST,2011-01-01,,,,,"PRINCIPLE IT SERVICES, INC.",,1435 HIGHWAY 258 N,,KINSTON,NC,285047208,50,N,Y,N,N,N,N,N,N,N,N,Y,N,,,,,N,,N,N
O20110527000261,4587574355,LIBERTY HEALTHCARE GROUP LLC,4587574355,O,34,5% OR GREATER DIRECT OWNERSHIP INTEREST,2011-05-01,,,,,LIBERTY HEALTHCARE GROUP LLC,LIBERTY COMMONS NURSING AND REHABILITATION CENTER OF WATAUGA COUNTY,2334 SOUTH 41ST STREET,,WILMINGTON,NC,284035502,,,N,N,N,N,N,N,N,N,N,N,N,,,,,N,,,
O20110527000261,4587574355,LIBERTY HEALTHCARE GROUP LLC,6305756172,O,34,5% OR GREATER DIRECT OWNERSHIP INTEREST,2011-05-01,,,,,LIBERTY LONG TERM CARE LLC,,2334 SOUTH 41ST STREET,,WILMINGTON,NC,284035502,,,N,N,N,N,N,N,N,N,N,N,N,,,,,N,,,
O20110614000523,0042120222,COUNTY OF MONROE,3375801350,O,43,OPERATIONAL/MANAGERIAL CONTROL,2025-11-01,,,,,BROAD RIVER REHABILITATION,"BROAD RIVER REHABILITATION, LLC",1 POND ST,,ARDEN,NC,287048500,,,N,Y,Y,Y,N,N,N,N,N,N,N,,,,,N,,,
O20110614000523,0042120222,COUNTY OF MONROE,3375801350,O,72,ADP OF THE SNF,2025-11-19,,,,,BROAD RIVER REHABILITATION,"BROAD RIVER REHABILITATION, LLC",1 POND ST,,ARDEN,NC,287048500,,,N,Y,Y,Y,N,N,N,N,N,N,N,,,,,N,,,
O20110616000592,4284812488,A G RHODES HOME INC,8123548575,O,43,OPERATIONAL/MANAGERIAL CONTROL,2017-11-17,,,,,UNIDINE CORPORATION,UNIDINE,2400 YORKMONT RD,,CHARLOTTE,NC,282174511,,,Y,N,N,N,N,N,N,N,N,Y,N,,,,,Y,DINING SERVICES,,
O20110616000592,4284812488,A G RHODES HOME INC,8123548575,O,72,ADP OF THE SNF,2025-04-09,,,,,UNIDINE CORPORATION,UNIDINE,2400 YORKMONT RD,,CHARLOTTE,NC,282174511,,,Y,N,N,N,N,N,N,N,N,Y,N,,,,,Y,DINING SERVICES,,
O20110701000174,0840478376,"PEAK RESOURCES-ALAMANCE, INC.",6305757477,O,43,OPERATIONAL/MANAGERIAL CONTROL,2011-05-01,,,,,PEAK RESOURCES INC,,101 BAINES CT,,CARY,NC,275116625,100,,Y,N,N,N,N,N,N,N,N,Y,N,,,,,N,,,
O20110901000556,6800066705,"CLAPP'S NURSING CENTER, INC.",3173014248,O,34,5% OR GREATER DIRECT OWNERSHIP INTEREST,2023-08-31,,,,,CLAPP HEALTH CARE LLC,,3108 SQUIRREL DEN RD,,ASHEBORO,NC,272050412,100,N,N,N,N,N,N,N,N,N,N,Y,N,,,,,N,,N,N
O20110901000556,6800066705,"CLAPP'S NURSING CENTER, INC.",3173014248,O,72,ADP OF THE SNF,2023-08-31,,,,,CLAPP HEALTH CARE LLC,,3108 SQUIRREL DEN RD,,ASHEBORO,NC,272050412,,,N,N,N,N,N,N,N,N,N,Y,N,,,,,N,,,
O20110919000656,1850200098,"THE UNITED METHODIST RETIREMENT HOMES, INCORPORATED",1850200098,O,34,5% OR GREATER DIRECT OWNERSHIP INTEREST,2011-07-13,,,,,"THE UNITED METHODIST RETIREMENT HOMES, INCORPORATED",CYPRESS GLEN RETIREMENT COMMUNITY,2600 CROASDAILE FARM PKWY,,DURHAM,NC,277051331,100,N,Y,N,N,N,N,N,N,N,N,N,Y,,,,,N,,N,N
O20110919000656,1850200098,"THE UNITED METHODIST RETIREMENT HOMES, INCORPORATED",9133208028,O,37,5% OR GREATER SECURITY INTEREST,2014-09-01,,,,,US BANK NATIONAL ASSOCIATION,,5540 CENTERVIEW DR,STE 200,RALEIGH,NC,276063386,0,N,Y,N,N,N,N,N,N,Y,N,Y,N,,,,,Y,MASTER TRUSTEE,N,N
O20111021000154,0749464154,"EVEREST LONG TERM CARE, LLC",5193906386,O,34,5% OR GREATER DIRECT OWNERSHIP INTEREST,2011-01-01,,,,,"PRINCIPLE LONG TERM CARE, INC.",,1435 HIGHWAY 258N,,KINSTON,NC,285047208,50,N,N,N,N,Y,N,N,N,N,N,Y,N,,,Y,,N,,Y,N
O20111021000154,0749464154,"EVEREST LONG TERM CARE, LLC",5193906386,O,43,OPERATIONAL/MANAGERIAL CONTROL,2011-01-01,,,,,"PRINCIPLE LONG TERM CARE, INC.",,1435 HIGHWAY 258N,,KINSTON,NC,285047208,50,,N,N,N,Y,N,N,N,N,N,Y,N,,,Y,,N,,,
O20111021000154,0749464154,"EVEREST LONG TERM CARE, LLC",7810178001,O,34,5% OR GREATER DIRECT OWNERSHIP INTEREST,2011-01-01,,,,,"PRINCIPLE IT SERVICES, INC.",,1435 HIGHWAY 258N,,KINSTON,NC,285047208,50,N,Y,N,N,N,N,N,N,N,N,Y,N,,,,,N,,N,N
O20111031000110,6305019753,"ASTON PARK HEALTH CARE CENTER, INC.",5496272692,O,43,OPERATIONAL/MANAGERIAL CONTROL,2022-09-08,,,,,LSA MANAGEMENT INC.,LUTHERAN SERVICE OF THE CAROLINAS,PO BOX 947,,SALISBURY,NC,281450947,,,Y,N,N,N,N,N,N,N,N,N,Y,,,,,N,,,
O20111031000110,6305019753,"ASTON PARK HEALTH CARE CENTER, INC.",5496272692,O,72,ADP OF THE SNF,2025-03-12,,,,,LSA MANAGEMENT INC.,LUTHERAN SERVICE OF THE CAROLINAS,PO BOX 947,,SALISBURY,NC,281450947,,,Y,N,N,N,N,N,N,N,N,N,Y,,,,,N,,,
O20111031000110,6305019753,"ASTON PARK HEALTH CARE CENTER, INC.",6305019753,O,43,OPERATIONAL/MANAGERIAL CONTROL,2009-05-04,,,,,"ASTON PARK HEALTH CARE CENTER, INC.",,380 BREVARD RD,,ASHEVILLE,NC,288062945,,,Y,N,N,N,N,N,N,N,N,N,Y,,,,,N,,,
O20111031000110,6305019753,"ASTON PARK HEALTH CARE CENTER, INC.",6305019753,O,72,ADP OF THE SNF,2009-05-04,,,,,"ASTON PARK HEALTH CARE CENTER, INC.",,380 BREVARD RD,,ASHEVILLE,NC,288062945,,,Y,N,N,N,N,N,N,N,N,N,Y,,,,,N,,,
O20111031000110,6305019753,"ASTON PARK HEALTH CARE CENTER, INC.",8628030715,O,35,5% OR GREATER INDIRECT OWNERSHIP INTEREST,2022-09-08,,,,,"LUTHERAN SERVICES FOR THE AGING, INC.",,PO BOX 947,,SALISBURY,NC,281450947,100,N,Y,N,N,N,N,N,N,N,N,N,Y,,,,Y,N,,Y,N
O20111031000110,6305019753,"ASTON PARK HEALTH CARE CENTER, INC.",8628030715,O,43,OPERATIONAL/MANAGERIAL CONTROL,2022-09-08,,,,,"LUTHERAN SERVICES FOR THE AGING, INC.",,PO BOX 947,,SALISBURY,NC,281450947,,,Y,N,N,N,N,N,N,N,N,N,Y,,,,Y,N,,,
O20111031000110,6305019753,"ASTON PARK HEALTH CARE CENTER, INC.",8628030715,O,71,TRUSTEE OF THE SNF,2022-09-08,,,,,"LUTHERAN SERVICES FOR THE AGING, INC.",,PO BOX 947,,SALISBURY,NC,281450947,,,Y,N,N,N,N,N,N,N,N,N,Y,,,,Y,N,,,
O20111031000110,6305019753,"ASTON PARK HEALTH CARE CENTER, INC.",8628030715,O,72,ADP OF THE SNF,2025-03-12,,,,,"LUTHERAN SERVICES FOR THE AGING, INC.",,PO BOX 947,,SALISBURY,NC,281450947,,,Y,N,N,N,N,N,N,N,N,N,Y,,,,Y,N,,,
O20111031000110,6305019753,"ASTON PARK HEALTH CARE CENTER, INC.",8628030715,O,86,INDIRECT OWNERSHIP INTEREST,2022-09-08,,,,,"LUTHERAN SERVICES FOR THE AGING, INC.",,PO BOX 947,,SALISBURY,NC,281450947,100,N,Y,N,N,N,N,N,N,N,N,N,Y,,,,Y,N,,Y,N
O20111031000394,0244403624,THE CYPRESS OF CHARLOTTE CLUB INC.,0244403624,O,34,5% OR GREATER DIRECT OWNERSHIP INTEREST,1998-09-01,,,,,THE CYPRESS OF CHARLOTTE CLUB INC.,THE STEWART HEALTH CENTER,6920 MARCHING DUCK DR,,CHARLOTTE,NC,282103288,100,N,N,Y,N,N,N,N,N,N,N,N,Y,,,,,N,,N,N
O20111031000394,0244403624,THE CYPRESS OF CHARLOTTE CLUB INC.,2961912464,O,36,5% OR GREATER MORTGAGE INTEREST,1998-09-01,,,,,TOWNEBANK,,6337 CARNEGIE BLVD,,CHARLOTTE,NC,282113510,26.4,N,N,N,N,N,N,N,N,Y,N,N,N,,,,,N,,N,N
O20111110000014,9335118967,WYOMING COUNTY,7810477544,O,72,ADP OF THE SNF,2025-10-14,,,,,,,2626 GLENWOOD AVE,STE 550,RALEIGH,NC,276081370,,,Y,N,N,Y,N,N,N,N,N,N,N,,,,,N,,,
O20111122000770,5991861973,SETON HEALTH AT SCHUYLER RIDGE RESIDENTIAL HEALTHCARE,7416475983,O,72,ADP OF THE SNF,2025-04-18,,,,,,,2400 YORKMONT RD,,CHARLOTTE,NC,282174511,,,Y,N,N,N,N,N,N,N,Y,Y,N,,,,,Y,COORD FOOD SERVICES AND PRODUCTS,,
O20111122000770,5991861973,SETON HEALTH AT SCHUYLER RIDGE RESIDENTIAL HEALTHCARE,8325566896,O,72,ADP OF THE SNF,2025-04-18,,,,,,,38 ROSSCRAGGON RD,STE E,ASHEVILLE,NC,288031165,,,Y,N,N,N,Y,N,N,N,N,Y,N,,,,,N,,,
O20111214000219,0749342525,LENAWEE MEDICAL CARE FACILITY,7214248095,O,72,ADP OF THE SNF,2022-01-17,,,,,MORRISON MANAGEMENT SPECIALISTS INC,MORRISON LIVING,2400 YORKMONT RD,,CHARLOTTE,NC,282174511,,,Y,N,N,N,N,N,N,N,N,N,N,,,,,N,,,
O20111216000662,2365617552,ROLLING GREEN VILLAGE,6709306079,O,36,5% OR GREATER MORTGAGE INTEREST,2018-11-01,,,,,TRUIST BANK,,301 COLLEGE ST,FL 2,ASHEVILLE,NC,288012449,82.28,N,Y,N,N,N,N,N,N,Y,N,Y,N,,,,,N,,N,N
O20111216000662,2365617552,ROLLING GREEN VILLAGE,6709306079,O,37,5% OR GREATER SECURITY INTEREST,2018-11-01,,,,,TRUIST BANK,,301 COLLEGE ST,FL 2,ASHEVILLE,NC,288012449,82.28,N,Y,N,N,N,N,N,N,Y,N,Y,N,,,,,N,,N,N
O20111219000028,1759453277,"FRIENDSHIP VILLAGE OF DUBLIN OHIO, INC.",0244147833,O,37,5% OR GREATER SECURITY INTEREST,2016-09-30,,,,,"BANK OF AMERICA, N.A.",BOA,100 N TRYON ST,STE 170,CHARLOTTE,NC,282024024,6.31,N,N,N,N,N,N,N,N,N,N,N,N,,,,,Y,BOND TRUSTEE,,
O20120127000081,5597932830,"MARYFIELD, INC.",0941477293,O,43,OPERATIONAL/MANAGERIAL CONTROL,2011-11-29,,,,,POOR SERVANTS OF THE MOTHER OF GOD INC,,1315 GREENSBORO RD,,HIGH POINT,NC,27260,,,Y,N,N,N,N,N,N,N,N,N,N,,,,,N,,,
O20120127000081,5597932830,"MARYFIELD, INC.",5597932830,O,43,OPERATIONAL/MANAGERIAL CONTROL,2011-11-29,,,,,"MARYFIELD, INC.",MARYFIELD NURSING HOME; PENNYBYRN AT MARYFIELD,1315 GREENSBORO RD,,HIGH POINT,NC,272602611,,,Y,N,N,N,N,N,N,N,N,N,N,,,,,N,,,
O20120131000245,7719144930,THE COMMUNITY AT ROCKHILL,6709306079,O,36,5% OR GREATER MORTGAGE INTEREST,2025-05-01,,,,,TRUIST BANK,,214 N TRYON ST,FL 46,CHARLOTTE,NC,282021078,100,N,N,N,N,N,N,N,N,Y,N,N,N,,,,,N,,N,N
O20120131000245,7719144930,THE COMMUNITY AT ROCKHILL,6709306079,O,72,ADP OF THE SNF,2025-06-02,,,,,TRUIST BANK,,214 N TRYON ST,FL 46,CHARLOTTE,NC,282021078,,,N,N,N,N,N,N,N,Y,N,N,N,,,,,N,,,
O20120201000253,9739355777,"WESLEY HEALTH CARE CENTER, INC.",8123548575,O,72,ADP OF THE SNF,2015-11-29,,,,,UNIDINE CORPORATION,UNIDINE,2400 YORKMONT RD,,CHARLOTTE,NC,282174511,,,Y,N,N,N,N,N,N,N,N,Y,N,,,,,N,,,
O20120209000066,7315984861,MESSIAH HOME,6709364367,O,72,ADP OF THE SNF,2025-12-04,,,,,,CARING HEART STAFFING AGENCY LLC,18 BARRYMORE LN SW,,CONCORD,NC,28027,,,N,Y,N,N,Y,N,N,N,N,N,N,,,,,N,,,
O20120214000558,0840109864,REX HOSPITAL INC,1052220084,O,34,5% OR GREATER DIRECT OWNERSHIP INTEREST,2005-07-01,,,,,THE NEW TRUSTEES OF THE REX HOSPITAL INC,,5221 PARAMOUNT PKWY,,MORRISVILLE,NC,27560,100,N,Y,N,N,N,N,N,N,N,N,N,Y,,,,,N,,N,Y
O20120214000558,0840109864,REX HOSPITAL INC,1052220084,O,72,ADP OF THE SNF,2005-07-01,,,,,THE NEW TRUSTEES OF THE REX HOSPITAL INC,,5221 PARAMOUNT PKWY,,MORRISVILLE,NC,27560,,,Y,N,N,N,N,N,N,N,N,N,Y,,,,,N,,,
O20120214000558,0840109864,REX HOSPITAL INC,4486562139,O,35,5% OR GREATER INDIRECT OWNERSHIP INTEREST,2000-04-13,,,,,UNIVERSITY OF NORTH CAROLINA HEALTH CARE SYSTEM,UNC PHARMACY AT EASTOWNE,5221 PARAMOUNT PKWY,STE 440,MORRISVILLE,NC,275605491,100,N,N,N,N,N,N,N,N,N,N,N,N,,,Y,,Y,STATE,Y,N
O20120214000558,0840109864,REX HOSPITAL INC,4486562139,O,72,ADP OF THE SNF,2000-04-13,,,,,UNIVERSITY OF NORTH CAROLINA HEALTH CARE SYSTEM,UNC PHARMACY AT EASTOWNE,5221 PARAMOUNT PKWY,STE 440,MORRISVILLE,NC,275605491,,,N,N,N,N,N,N,N,N,N,N,N,,,Y,,Y,STATE,,
O20120214000580,8820909377,FIRSTHEALTH OF THE CAROLINAS INC,8820909377,O,34,5% OR GREATER DIRECT OWNERSHIP INTEREST,1995-08-21,,,,,FIRSTHEALTH OF THE CAROLINAS INC,MONTGOMERY MEMORIAL HOSPITAL PROFESSIONAL SERVICES,520 ALLEN ST,,TROY,NC,273712802,100,N,N,N,N,N,N,N,N,N,N,N,Y,,,,,N,,,
O20120215000601,0648175927,IREDELL MEMORIAL HOSPITAL INCORPORATED,1759897986,O,72,ADP OF THE SNF,2025-07-08,,,,,,,557 BROOKDALE DR,,STATESVILLE,NC,286774107,,,Y,N,N,N,N,N,N,N,N,N,Y,,,,,N,,,
O20120216000086,1052594892,GLENFLORA,1052594892,O,43,OPERATIONAL/MANAGERIAL CONTROL,2009-05-04,,,,,GLENFLORA,GLENFLORA,5701 N FAYETTEVILLE RD,,LUMBERTON,NC,283602163,100,,Y,N,N,N,N,N,N,N,N,N,Y,,,,,N,,,
O20120216000086,1052594892,GLENFLORA,1052594892,O,72,ADP OF THE SNF,2009-05-04,,,,,GLENFLORA,GLENFLORA,5701 N FAYETTEVILLE RD,,LUMBERTON,NC,283602163,,,Y,N,N,N,N,N,N,N,N,N,Y,,,,,N,,,
O20120216000086,1052594892,GLENFLORA,5496272692,O,43,OPERATIONAL/MANAGERIAL CONTROL,2013-11-07,,,,,LSA MANAGEMENT INC.,LUTHERAN SERVICE OF THE CAROLINAS,PO BOX 947,,SALISBURY,NC,281450947,,,Y,N,N,N,N,N,N,N,N,N,Y,,,,,N,,,
O20120216000086,1052594892,GLENFLORA,5496272692,O,72,ADP OF THE SNF,2025-04-25,,,,,LSA MANAGEMENT INC.,LUTHERAN SERVICE OF THE CAROLINAS,PO BOX 947,,SALISBURY,NC,281450947,,,Y,N,N,N,N,N,N,N,N,N,Y,,,,,N,,,
O20120216000086,1052594892,GLENFLORA,8628030715,O,35,5% OR GREATER INDIRECT OWNERSHIP INTEREST,2013-11-07,,,,,"LUTHERAN SERVICES FOR THE AGING, INC.",,1416 S MARTIN LUTHER KING JR AVE,,SALISBURY,NC,28144,100,N,Y,N,N,N,N,N,N,N,N,N,Y,,,,,N,,Y,N
O20120216000086,1052594892,GLENFLORA,8628030715,O,43,OPERATIONAL/MANAGERIAL CONTROL,2013-11-07,,,,,"LUTHERAN SERVICES FOR THE AGING, INC.",,1416 S MARTIN LUTHER KING JR AVE,,SALISBURY,NC,28144,,,Y,N,N,N,N,N,N,N,N,N,Y,,,,,N,,,
O20120216000086,1052594892,GLENFLORA,8628030715,O,71,TRUSTEE OF THE SNF,2013-11-07,,,,,"LUTHERAN SERVICES FOR THE AGING, INC.",,1416 S MARTIN LUTHER KING JR AVE,,SALISBURY,NC,28144,,,Y,N,N,N,N,N,N,N,N,N,Y,,,,,N,,,
O20120216000086,1052594892,GLENFLORA,8628030715,O,72,ADP OF THE SNF,2025-04-25,,,,,"LUTHERAN SERVICES FOR THE AGING, INC.",,1416 S MARTIN LUTHER KING JR AVE,,SALISBURY,NC,28144,,,Y,N,N,N,N,N,N,N,N,N,Y,,,,,N,,,
O20120216000086,1052594892,GLENFLORA,8628030715,O,86,INDIRECT OWNERSHIP INTEREST,2013-11-07,,,,,"LUTHERAN SERVICES FOR THE AGING, INC.",,1416 S MARTIN LUTHER KING JR AVE,,SALISBURY,NC,28144,100,N,Y,N,N,N,N,N,N,N,N,N,Y,,,,,N,,Y,N
O20120220000771,3577654219,WESTMINSTER CANTERBURY CORPORATION,6305003682,O,36,5% OR GREATER MORTGAGE INTEREST,2010-12-29,,,,,BRANCH BANKING AND TRUST COMPANY,,200 W 2ND STREET,,WINSTON SALEM,NC,271014019,9.6,N,N,N,N,N,N,N,N,Y,N,N,N,,,,,N,,,
O20120306000412,5890954184,"WILDCREEK HEALTHCARE, INC.",0547743668,O,43,OPERATIONAL/MANAGERIAL CONTROL,2011-12-02,,,,,APPALACHIAN SPEECH PATHOLOGY ASSOCIATES INC,INSCOPEMOBILEDX,1260 HIDDEN COVE LN,,LENOIR,NC,286454742,,,Y,N,N,N,N,N,N,N,N,N,N,,,,,N,,,
O20120315000722,2860651544,"UNIVERSAL HEALTH CARE / KING, INC",2860301355,O,43,OPERATIONAL/MANAGERIAL CONTROL,2002-08-01,,,,,"CHOICE HEALTH MANAGEMENT, SERV LLC",CHOICE HEALTH MANAGEMENT SERVICES,2929 N OXFORD ST,,CLAREMONT,NC,286109661,,,N,Y,N,N,N,N,N,N,N,N,N,,,,,N,,,
O20120322000232,7214197649,"UNIVERSAL HEALTH CARE / RALEIGH, INC",2860301355,O,43,OPERATIONAL/MANAGERIAL CONTROL,2000-02-25,,,,,"CHOICE HEALTH MANAGEMENT, SERV LLC",CHOICE HEALTH MANAGEMENT SERVICES,2929 NORTH OXFORD STREET,,CLAREMONT,NC,286109661,,,N,N,N,Y,N,N,N,N,N,N,N,,,,,N,,,
O20120322000232,7214197649,"UNIVERSAL HEALTH CARE / RALEIGH, INC",7214197649,O,43,OPERATIONAL/MANAGERIAL CONTROL,2000-02-25,,,,,"UNIVERSAL HEALTH CARE / RALEIGH, INC",LITCHFORD FALLS HEALTHCARE AND REHABILITATION CENTER,8200 LITCHFORD ROAD,,RALEIGH,NC,276154231,,,Y,N,N,N,N,N,N,N,N,N,N,,,,,N,,,
O20120328000192,8426218538,"UNIVERSAL HEALTH CARE CONCORD, INC",2860301355,O,43,OPERATIONAL/MANAGERIAL CONTROL,2001-01-01,,,,,"CHOICE HEALTH MANAGEMENT, SERV LLC",CHOICE HEALTH MANAGEMENT SERVICES,2929 N OXFORD ST,,CLAREMONT,NC,286109661,100,,N,N,N,Y,N,N,N,N,N,N,N,,,,,N,,,
O20120424000014,3678693199,"BERRY HILL NURSING HOME, INC.",5193906386,O,43,OPERATIONAL/MANAGERIAL CONTROL,2011-01-01,,,,,"PRINCIPLE LONG TERM CARE, INC.",,1435 HWY 258N,,KINSTON,NC,285010249,,,Y,N,N,Y,N,N,N,N,N,N,N,,,,,N,,,
O20120511000142,9133382021,"ALLEGHENY CHRISTIAN MINISTRIES, INC.",8123548575,O,43,OPERATIONAL/MANAGERIAL CONTROL,2021-07-01,,,,,UNIDINE CORPORATION,UNIDINE,4200 YORKMONT RD,,CHARLOTTE,NC,282087339,,,N,N,N,Y,N,N,N,N,N,N,N,,,,,N,,,
O20120511000142,9133382021,"ALLEGHENY CHRISTIAN MINISTRIES, INC.",8123548575,O,72,ADP OF THE SNF,2025-09-18,,,,,UNIDINE CORPORATION,UNIDINE,4200 YORKMONT RD,,CHARLOTTE,NC,282087339,,,N,N,N,Y,N,N,N,N,N,N,N,,,,,N,,,
O20120711000335,4587574355,LIBERTY HEALTHCARE GROUP LLC,4587574355,O,35,5% OR GREATER INDIRECT OWNERSHIP INTEREST,2012-05-01,,,,,LIBERTY HEALTHCARE GROUP LLC,LIBERTY COMMONS NURSING AND REHABILITATION CENTER OF WATAUGA COUNTY,2334 S 41ST ST,,WILMINGTON,NC,284035502,100,N,N,Y,N,N,N,N,N,N,N,N,N,,,,,N,,,
O20120711000335,4587574355,LIBERTY HEALTHCARE GROUP LLC,6305756172,O,34,5% OR GREATER DIRECT OWNERSHIP INTEREST,2012-05-01,,,,,LIBERTY LONG TERM CARE LLC,,2334 41ST STREET,,WILMINGTON,NC,28403,100,N,N,Y,N,N,N,N,N,N,N,N,N,,,,,N,,,
O20120711000335,4587574355,LIBERTY HEALTHCARE GROUP LLC,7416047246,O,43,OPERATIONAL/MANAGERIAL CONTROL,2012-05-01,,,,,LONG TERM CARE MANAGEMENT SERVICES LLC,,2334 SOUTH 41ST,,WILMINGTON,NC,284035502,,,N,Y,N,N,N,N,N,N,N,N,N,,,,,N,,,
O20120807000536,9234385220,FOXDALE VILLAGE CORPORATION,7214248095,O,43,OPERATIONAL/MANAGERIAL CONTROL,2020-04-01,,,,,MORRISON MANAGEMENT SPECIALISTS INC,MORRISON LIVING,2400 YORKMONT ROAD,,CHARLOTTE,NC,282174511,,,Y,N,N,Y,N,N,N,N,N,N,N,,,,,N,,,
O20120807000536,9234385220,FOXDALE VILLAGE CORPORATION,7214248095,O,72,ADP OF THE SNF,2025-07-17,,,,,MORRISON MANAGEMENT SPECIALISTS INC,MORRISON LIVING,2400 YORKMONT ROAD,,CHARLOTTE,NC,282174511,,,Y,N,N,Y,N,N,N,N,N,N,N,,,,,N,,,
O20120913000058,6002064201,PRESBYTERIAN MEDICAL CENTER OF WASHINGTON PENNSYLVANIA INC,2365946340,O,72,ADP OF THE SNF,2025-07-22,,,,,,,110 N CORCORAN ST,FL 5,DURHAM,NC,277015015,,,N,N,N,N,Y,N,N,N,N,N,N,,,,,N,,,
O20121008000499,5294984290,HEATH VILLAGE INC,2567956808,O,72,ADP OF THE SNF,2025-11-12,,,,,,,214 N TRYON ST,STE 3,CHARLOTTE,NC,282021023,,,N,N,N,N,N,N,N,Y,N,N,N,,,,,N,,,
O20121030000142,6800046723,NC DEPT OF MILTARY AND VETERANS AFFAIRS NC DIVISION OF VETERAN AFF,6800046723,O,34,5% OR GREATER DIRECT OWNERSHIP INTEREST,2012-10-01,,,,,NC DEPT OF MILTARY AND VETERANS AFFAIRS NC DIVISION OF VETERAN AFF,NC STATE VETERANS HOME - BLACK MTN,4001 MAIL SERVICE CTR,,RALEIGH,NC,276994000,100,N,N,N,N,N,N,N,N,N,N,N,N,,,,,Y,STATE GOVERNMENT,,
O20121030000142,6800046723,NC DEPT OF MILTARY AND VETERANS AFFAIRS NC DIVISION OF VETERAN AFF,6800046723,O,43,OPERATIONAL/MANAGERIAL CONTROL,2012-10-01,,,,,NC DEPT OF MILTARY AND VETERANS AFFAIRS NC DIVISION OF VETERAN AFF,NC STATE VETERANS HOME - BLACK MTN,4001 MAIL SERVICE CTR,,RALEIGH,NC,276994000,100,,N,N,N,N,N,N,N,N,N,N,N,,,,,Y,STATE GOVERNMENT,,
O20130115000135,2163479395,"CENTRAL GEORGIA SENIOR HEALTH, INC.",1153654215,O,35,5% OR GREATER INDIRECT OWNERSHIP INTEREST,2020-12-01,,,,,AH GEORGIA INC,,1000 BLYTHE BLVD,,CHARLOTTE,NC,282035812,,,Y,N,N,N,N,N,N,N,N,N,Y,,,,,N,,,
O20130115000135,2163479395,"CENTRAL GEORGIA SENIOR HEALTH, INC.",5294832598,O,35,5% OR GREATER INDIRECT OWNERSHIP INTEREST,2019-01-01,,,,,THE CHARLOTTE-MECKLENBURG HOSPITAL AUTHORITY,ATRIUM HEALTH ORAL MEDICINE & MAXILLOFACIAL SURGERY,PO BOX 32861,,CHARLOTTE,NC,282322861,100,,N,N,Y,N,N,N,N,N,N,N,Y,,,,,Y,NC HOSPITAL AUTHORITY,,
O20130115000135,2163479395,"CENTRAL GEORGIA SENIOR HEALTH, INC.",7911327374,O,43,OPERATIONAL/MANAGERIAL CONTROL,2020-10-09,,,,,ATRIUM HEALTH INC,,1000 BLYTHE BLVD,,CHARLOTTE,NC,282035812,,,Y,N,N,N,N,N,N,N,N,N,Y,,,,,N,,,
O20130115000135,2163479395,"CENTRAL GEORGIA SENIOR HEALTH, INC.",7911376843,O,43,OPERATIONAL/MANAGERIAL CONTROL,2022-12-02,,,,,ADVOCATE HEALTH INC,,1000 BLYTHE BLVD,,CHARLOTTE,NC,282035812,,,Y,N,N,N,N,N,N,N,N,N,N,,,,,N,,,
O20130213000575,3476707704,GIVENS HIGHLAND FARMS LLC,8729131313,O,34,5% OR GREATER DIRECT OWNERSHIP INTEREST,2012-12-01,,,,,"GIVENS ESTATES, INC.",,2360 SWEETEN CREEK ROAD,,ASHEVILLE,NC,288032030,100,N,N,N,N,N,N,N,N,N,N,N,Y,,,,,N,,Y,N
O20130213000575,3476707704,GIVENS HIGHLAND FARMS LLC,8729131313,O,43,OPERATIONAL/MANAGERIAL CONTROL,2012-12-01,,,,,"GIVENS ESTATES, INC.",,2360 SWEETEN CREEK ROAD,,ASHEVILLE,NC,288032030,,,N,N,N,N,N,N,N,N,N,N,Y,,,,,N,,,
O20130213000575,3476707704,GIVENS HIGHLAND FARMS LLC,8729131313,O,72,ADP OF THE SNF,2025-06-04,,,,,"GIVENS ESTATES, INC.",,2360 SWEETEN CREEK ROAD,,ASHEVILLE,NC,288032030,,,N,N,N,N,N,N,N,N,N,N,Y,,,,,N,,,
O20130213000575,3476707704,GIVENS HIGHLAND FARMS LLC,8729131313,O,85,DIRECT OWNERSHIP INTEREST,2012-12-01,,,,,"GIVENS ESTATES, INC.",,2360 SWEETEN CREEK ROAD,,ASHEVILLE,NC,288032030,100,N,N,N,N,N,N,N,N,N,N,N,Y,,,,,N,,Y,Y
O20130225000230,8224283270,SEATTLE OPERATIONS LLC,6800378654,O,72,ADP OF THE SNF,2025-07-09,,,,,,,9200 COVEY HOLLOW CT,STE 201,CHARLOTTE,NC,282107998,,,N,Y,N,N,N,N,N,N,N,Y,N,,,,,N,,,
O20130322000069,1254576259,HOMESTEAD HILL RETIREMENT LIMITED PARTNERSHIP,1850536863,O,39,LIMITED PARTNERSHIP INTEREST,1996-04-16,,,,,"SERA 4,LLC",,10706 SIKES PLACE,SUITE 200,CHARLOTTE,NC,282778019,99,N,N,Y,N,N,N,N,N,N,N,N,N,,,,,N,,N,Y
O20130322000069,1254576259,HOMESTEAD HILL RETIREMENT LIMITED PARTNERSHIP,6305081308,O,38,GENERAL PARTNERSHIP INTEREST,1996-04-16,,,,,"KAPSON GP, LLC",,10706SIKES PLACE,SUITE 200,CHARLOTTE,NC,282778019,1,N,N,Y,N,N,N,N,N,N,N,N,N,,,,,N,,N,Y
O20130322000069,1254576259,HOMESTEAD HILL RETIREMENT LIMITED PARTNERSHIP,6800801002,O,34,5% OR GREATER DIRECT OWNERSHIP INTEREST,1996-04-19,,,,,SENIOR LIVING COMMUITIES LLC,,10706 SIKES PLACE,STE 200,CHARLOTTE,NC,282778019,100,N,N,Y,N,N,N,N,N,N,N,N,N,,,,,N,,Y,N
O20130322000069,1254576259,HOMESTEAD HILL RETIREMENT LIMITED PARTNERSHIP,9537689971,O,43,OPERATIONAL/MANAGERIAL CONTROL,2025-01-23,,,,,"MAXWELL GROUP, INC.",,3530 TORINGDON WAY,STE 204,CHARLOTTE,NC,282773436,,,N,N,N,Y,N,N,N,N,N,N,N,,,,,N,,,
O20130322000069,1254576259,HOMESTEAD HILL RETIREMENT LIMITED PARTNERSHIP,9537689971,O,72,ADP OF THE SNF,2025-01-23,,,,,"MAXWELL GROUP, INC.",,3530 TORINGDON WAY,STE 204,CHARLOTTE,NC,282773436,,,N,N,N,Y,N,N,N,N,N,N,N,,,,,N,,,
O20130517000470,9234376849,NC DEPARTMENT OF MILITARY AND VETERAN AFFAIRS NC DIVISION OF VET,9234376849,O,34,5% OR GREATER DIRECT OWNERSHIP INTEREST,2013-03-25,,,,,NC DEPARTMENT OF MILITARY AND VETERAN AFFAIRS NC DIVISION OF VET,NC STATE VETERANS HOME - KINSTON,4001 MAIL SERVICE CTR,,RALEIGH,NC,276994000,100,N,N,N,N,N,N,N,N,N,N,N,N,,,,,Y,STATE GOVERNMENT,,
O20130517000470,9234376849,NC DEPARTMENT OF MILITARY AND VETERAN AFFAIRS NC DIVISION OF VET,9234376849,O,43,OPERATIONAL/MANAGERIAL CONTROL,2013-03-25,,,,,NC DEPARTMENT OF MILITARY AND VETERAN AFFAIRS NC DIVISION OF VET,NC STATE VETERANS HOME - KINSTON,4001 MAIL SERVICE CTR,,RALEIGH,NC,276994000,100,,N,N,N,N,N,N,N,N,N,N,N,,,,,Y,STATE GOVERNMENT,,
O20130529000864,8628216819,MRC CORNERSTONE,7810484839,O,72,ADP OF THE SNF,2025-08-29,,,,,,,2400 YORKMONT RD,,CHARLOTTE,NC,282174511,,,Y,N,N,N,N,N,N,N,N,N,N,,,,,N,,,
O20130906000448,9739322942,UNIVERSAL HEALTH CARE FUQUAY-VARINA INC,2860301355,O,43,OPERATIONAL/MANAGERIAL CONTROL,2008-09-24,,,,,"CHOICE HEALTH MANAGEMENT, SERV LLC",CHOICE HEALTH MANAGEMENT SERVICES,2929 NORTH OXFORD STREET,,CLAREMONT,NC,286109661,5,,N,N,N,Y,N,N,N,N,N,N,N,,,,,N,,,
O20130906000448,9739322942,UNIVERSAL HEALTH CARE FUQUAY-VARINA INC,9739322942,O,34,5% OR GREATER DIRECT OWNERSHIP INTEREST,2008-09-24,,,,,UNIVERSAL HEALTH CARE FUQUAY-VARINA INC,UNIVERSAL HEALTH CARE/FUQUAY-VARINA,"410 S. JUDD PARKWAY, S.E.",,FUQUAY-VARINA,NC,275262147,100,Y,Y,N,N,N,N,N,N,N,N,N,N,,,,,N,,,
O20130924000862,1850200098,"THE UNITED METHODIST RETIREMENT HOMES, INCORPORATED",1850200098,O,34,5% OR GREATER DIRECT OWNERSHIP INTEREST,2013-10-01,,,,,"THE UNITED METHODIST RETIREMENT HOMES, INCORPORATED",CYPRESS GLEN RETIREMENT COMMUNITY,2600 CROASDAILE FARM PKWY,,DURHAM,NC,277051331,100,N,Y,N,N,N,N,N,N,N,N,N,Y,,,,,N,,N,N
O20130924000862,1850200098,"THE UNITED METHODIST RETIREMENT HOMES, INCORPORATED",9133208028,O,37,5% OR GREATER SECURITY INTEREST,2014-09-01,,,,,US BANK NATIONAL ASSOCIATION,,5540 CENTERVIEW DR,STE 200,RALEIGH,NC,276063386,0,N,Y,N,N,N,N,N,N,Y,N,Y,N,,,,,Y,MASTER TRUSTEE,N,N
O20130926000647,7416138516,"SPRUCE LTC GROUP, LLC",5193906386,O,34,5% OR GREATER DIRECT OWNERSHIP INTEREST,2013-09-19,,,,,"PRINCIPLE LONG TERM CARE, INC.",,PO BOX 6249,,KINSTON,NC,285010249,50,N,N,N,N,Y,N,N,N,N,N,N,N,,,Y,,N,,N,N
O20130926000647,7416138516,"SPRUCE LTC GROUP, LLC",5193906386,O,43,OPERATIONAL/MANAGERIAL CONTROL,2011-01-01,,,,,"PRINCIPLE LONG TERM CARE, INC.",,PO BOX 6249,,KINSTON,NC,285010249,100,,N,N,N,Y,N,N,N,N,N,N,N,,,Y,,N,,,
O20130926000647,7416138516,"SPRUCE LTC GROUP, LLC",5193906386,O,72,ADP OF THE SNF,2025-04-09,,,,,"PRINCIPLE LONG TERM CARE, INC.",,PO BOX 6249,,KINSTON,NC,285010249,,,N,N,N,Y,N,N,N,N,N,N,N,,,Y,,N,,,
O20130926000647,7416138516,"SPRUCE LTC GROUP, LLC",7810178001,O,34,5% OR GREATER DIRECT OWNERSHIP INTEREST,2013-09-19,,,,,"PRINCIPLE IT SERVICES, INC.",,PO BOX 6249,,KINSTON,NC,285010249,50,N,N,Y,N,N,N,N,N,N,N,N,N,,,,,N,,N,N
O20131219000196,2961481544,GREENE COUNTY GENERAL HOSPITAL,3476034877,O,72,ADP OF THE SNF,2025-11-06,,,,,,,2400 YORKMONT RD,,CHARLOTTE,NC,282174511,,,Y,N,N,N,N,N,N,N,N,Y,N,,,,,N,,,
O20140219000135,4587574355,LIBERTY HEALTHCARE GROUP LLC,7416047246,O,34,5% OR GREATER DIRECT OWNERSHIP INTEREST,2011-03-10,,,,,LONG TERM CARE MANAGEMENT SERVICES LLC,,2334S 41ST ST,,WILMINGTON,NC,284035502,100,N,N,Y,N,N,N,N,N,N,N,N,N,,,,,N,,,
O20140219000135,4587574355,LIBERTY HEALTHCARE GROUP LLC,7416047246,O,43,OPERATIONAL/MANAGERIAL CONTROL,2011-03-10,,,,,LONG TERM CARE MANAGEMENT SERVICES LLC,,2334S 41ST ST,,WILMINGTON,NC,284035502,100,,N,Y,N,N,N,N,N,N,N,N,N,,,,,N,,,
O20140416001623,0446167415,MAJOR HOSPITAL,0648759902,O,72,ADP OF THE SNF,2025-10-03,,,,,,,PO BOX 96370,,CHARLOTTE,NC,282966370,,,N,N,N,N,N,N,N,Y,N,N,N,,,,,N,,,
O20140430001053,9032342951,DLP WILMED NURSING CARE AND REHABILITATION CENTER LLC,2567365513,O,35,5% OR GREATER INDIRECT OWNERSHIP INTEREST,2014-03-01,,,,,"WILSON MEDICAL CENTER, INC.",STANTONSBURG MEDICAL CENTER,PO BOX 3697,,WILSON,NC,278953697,20,,N,N,N,N,N,N,N,N,N,N,Y,,,,,N,,,
O20140521001291,3375766223,"LUTHERAN HOME - FORSYTH COUNTY, INC.",1052838125,O,72,ADP OF THE SNF,2025-03-16,,,,,"LSA ELMS PROPERTY, INC",,PO BOX 947,,SALISBURY,NC,281450947,,,Y,N,N,N,N,N,N,N,N,N,Y,,,,,N,,,
O20140521001291,3375766223,"LUTHERAN HOME - FORSYTH COUNTY, INC.",8628030715,O,43,OPERATIONAL/MANAGERIAL CONTROL,2008-08-28,,,,,"LUTHERAN SERVICES FOR THE AGING, INC.",,2304 S MAIN ST,,SALISBURY,NC,281478997,,,Y,N,N,N,N,N,N,N,N,N,Y,,,,,N,,,
O20140521001291,3375766223,"LUTHERAN HOME - FORSYTH COUNTY, INC.",8628030715,O,71,TRUSTEE OF THE SNF,2008-08-28,,,,,"LUTHERAN SERVICES FOR THE AGING, INC.",,2304 S MAIN ST,,SALISBURY,NC,281478997,,,Y,N,N,N,N,N,N,N,N,N,Y,,,,,N,,,
O20140521001291,3375766223,"LUTHERAN HOME - FORSYTH COUNTY, INC.",9638131725,O,43,OPERATIONAL/MANAGERIAL CONTROL,2008-08-28,,,,,"LSA MANAGEMENT, INC.",LUTHERAN SERVICE CAROLINAS,PO BOX 947,,SALISBURY,NC,281450947,100,,Y,N,N,N,N,N,N,N,N,N,Y,,,,,N,,,
O20140521001291,3375766223,"LUTHERAN HOME - FORSYTH COUNTY, INC.",9638131725,O,72,ADP OF THE SNF,2025-03-16,,,,,"LSA MANAGEMENT, INC.",LUTHERAN SERVICE CAROLINAS,PO BOX 947,,SALISBURY,NC,281450947,,,Y,N,N,N,N,N,N,N,N,N,Y,,,,,N,,,
O20140627001606,4385869742,COLONIAL HEALTHCARE LLC,3173033792,O,72,ADP OF THE SNF,2025-06-06,,,,,,,308 4TH ST NW,,HICKORY,NC,286014920,,,N,Y,N,N,N,N,N,N,N,N,N,,,,,N,,,
O20140718000243,3173749678,DGS HEALTHCARE ELKIN INC DBA CHATHAM NURSING AND REHABILITATION,1658597190,O,34,5% OR GREATER DIRECT OWNERSHIP INTEREST,2014-05-09,,,,,DGS INVESTMENTS LLC,,130 EDINBURGH SOUTH,SUITE 208,CARY,NC,275116456,100,,N,Y,N,N,N,N,N,N,N,Y,N,,,,,N,,,
O20140718000243,3173749678,DGS HEALTHCARE ELKIN INC DBA CHATHAM NURSING AND REHABILITATION,4183528383,O,43,OPERATIONAL/MANAGERIAL CONTROL,2014-05-09,,,,,"CENTURY CARE MANAGEMENT, INC.",,130 EDINBURGH SOUTH SUITE 208,,CARY,NC,275116456,100,,Y,N,N,Y,N,N,N,N,N,Y,N,,,,,N,,,
O20140721001121,0840416236,"ROCKY MOUNT HEALTH AND REHABILITATION, LLC",2769423698,O,34,5% OR GREATER DIRECT OWNERSHIP INTEREST,2014-05-01,,,,,ARDENT HEALTH AND REHABILITATION CO,,229 AIRPORT RD,STE 7-104,ARDEN,NC,287046402,100,N,Y,N,N,N,N,N,N,N,N,N,N,,,,,N,,,
O20140825000744,3971721531,MERCY CIRCLE,9133602956,O,72,ADP OF THE SNF,2025-07-03,,,,,,,2400 YORKMONT RD,,CHARLOTTE,NC,282174511,,,Y,N,N,N,N,N,N,N,N,N,N,,,,,N,,,
O20140827001537,9739307166,ANSON HEALTH AND REHABILITATION,2769423698,O,34,5% OR GREATER DIRECT OWNERSHIP INTEREST,2014-06-26,,,,,ARDENT HEALTH AND REHABILITATION CO,,229 AIRPORT RD,STE 7-104,ARDEN,NC,287046402,100,N,Y,N,N,N,N,N,N,N,N,N,N,,,,,N,,,
O20140827001537,9739307166,ANSON HEALTH AND REHABILITATION,6800014234,O,36,5% OR GREATER MORTGAGE INTEREST,2014-06-26,,,,,"ANSON COUNTY HEALTHCARE PROPERTIES, LLC",,229 AIRPORT RD,SUITE 7-104,ARDEN,NC,287046402,100,Y,N,N,N,N,N,N,N,N,N,Y,N,,,,,N,,,
O20150402002136,3870482581,"CORNELIA NIXON DAVIS, INC.",3870482581,O,43,OPERATIONAL/MANAGERIAL CONTROL,2015-05-06,,,,,"CORNELIA NIXON DAVIS, INC.",DAVIS HEALTH CARE CENTER,1011 PORTERS NECK RD,,WILMINGTON,NC,284119196,,,Y,N,Y,N,N,N,N,N,N,N,N,,,,,N,,,
O20150402002136,3870482581,"CORNELIA NIXON DAVIS, INC.",3870482581,O,72,ADP OF THE SNF,2015-05-06,,,,,"CORNELIA NIXON DAVIS, INC.",DAVIS HEALTH CARE CENTER,1011 PORTERS NECK RD,,WILMINGTON,NC,284119196,,,Y,N,Y,N,N,N,N,N,N,N,N,,,,,N,,,
O20150402002136,3870482581,"CORNELIA NIXON DAVIS, INC.",8123548575,O,43,OPERATIONAL/MANAGERIAL CONTROL,2023-05-01,,,,,UNIDINE CORPORATION,UNIDINE,4200 YORKMONT ROAD,,CHARLOTTE,NC,28217,,,Y,N,N,Y,N,N,N,N,N,N,N,,,,,N,,,
O20150402002136,3870482581,"CORNELIA NIXON DAVIS, INC.",8123548575,O,72,ADP OF THE SNF,2023-05-01,,,,,UNIDINE CORPORATION,UNIDINE,4200 YORKMONT ROAD,,CHARLOTTE,NC,28217,,,Y,N,N,Y,N,N,N,N,N,N,N,,,,,N,,,
O20150707001824,0749464154,"EVEREST LONG TERM CARE, LLC",5193906386,O,34,5% OR GREATER DIRECT OWNERSHIP INTEREST,2015-05-01,,,,,"PRINCIPLE LONG TERM CARE, INC.",,1435 HWY 258 N,,KINSTON,NC,285047208,50,N,N,N,N,N,N,N,N,N,N,Y,N,,,,,N,,,
O20150707001824,0749464154,"EVEREST LONG TERM CARE, LLC",5193906386,O,43,OPERATIONAL/MANAGERIAL CONTROL,2015-05-01,,,,,"PRINCIPLE LONG TERM CARE, INC.",,1435 HWY 258 N,,KINSTON,NC,285047208,50,,N,N,N,N,N,N,N,N,N,Y,N,,,,,N,,,
O20150707001824,0749464154,"EVEREST LONG TERM CARE, LLC",7810178001,O,34,5% OR GREATER DIRECT OWNERSHIP INTEREST,2015-05-01,,,,,"PRINCIPLE IT SERVICES, INC.",,1435 HWY 258 N,,KINSTON,NC,285047208,50,N,N,N,N,N,N,N,N,N,N,Y,N,,,,,N,,,
O20150904000829,1355657370,"GRANITE FALLS HEALTH AND REHABILITATION, LLC",2769423698,O,34,5% OR GREATER DIRECT OWNERSHIP INTEREST,2015-06-01,,,,,ARDENT HEALTH AND REHABILITATION CO,,229 AIRPORT RD,SUITE 7-104,ARDEN,NC,287046402,100,N,Y,N,N,N,N,N,N,N,N,N,N,,,,,N,,Y,Y
O20150904000829,1355657370,"GRANITE FALLS HEALTH AND REHABILITATION, LLC",3274039136,O,43,OPERATIONAL/MANAGERIAL CONTROL,2021-01-01,,,,,"SANSTONE MANAGEMENT COMPANY, LLC",SANSTONE HEALTH AND REHABILITATION,229 AIRPORT RD,STE 7-104,ARDEN,NC,287046402,,,N,Y,N,Y,N,N,N,N,N,Y,N,,,,,N,,,
O20150904000829,1355657370,"GRANITE FALLS HEALTH AND REHABILITATION, LLC",3274039136,O,72,ADP OF THE SNF,2025-11-12,,,,,"SANSTONE MANAGEMENT COMPANY, LLC",SANSTONE HEALTH AND REHABILITATION,229 AIRPORT RD,STE 7-104,ARDEN,NC,287046402,,,N,Y,N,Y,N,N,N,N,N,Y,N,,,,,N,,,
O20150914002680,1052628617,"HILLCREST RALEIGH AT CRABTREE, LLC",0244474674,O,36,5% OR GREATER MORTGAGE INTEREST,2015-07-07,,,,,BRANCH BANKING & TRUST COMPANY,TRUIST FINANCIAL CORPORATION,200 W 2ND ST,,WINSTON SALEM,NC,271014019,50,N,N,N,N,N,N,N,N,Y,N,N,N,,,,,N,,N,N
O20150914002680,1052628617,"HILLCREST RALEIGH AT CRABTREE, LLC",0244474674,O,37,5% OR GREATER SECURITY INTEREST,2015-07-07,,,,,BRANCH BANKING & TRUST COMPANY,TRUIST FINANCIAL CORPORATION,200 W 2ND ST,,WINSTON SALEM,NC,271014019,50,N,N,N,N,N,N,N,N,Y,N,N,N,,,,,N,,N,N
O20150914002680,1052628617,"HILLCREST RALEIGH AT CRABTREE, LLC",4789584434,O,34,5% OR GREATER DIRECT OWNERSHIP INTEREST,2015-02-10,,,,,"HILLCREST CONVALESCENT CENTER, INC.","HILLCREST CONVALESCENT HOME, INC",1417 WEST  PETTIGREW  STREET,,DURHAM,NC,277054820,100,N,Y,N,N,N,N,N,N,N,N,N,N,,,Y,,N,,Y,N
O20150914002680,1052628617,"HILLCREST RALEIGH AT CRABTREE, LLC",4789584434,O,72,ADP OF THE SNF,2025-03-19,,,,,"HILLCREST CONVALESCENT CENTER, INC.","HILLCREST CONVALESCENT HOME, INC",1417 WEST PETTIGREW STREET,,DURHAM,NC,277054820,,,Y,N,N,N,N,N,N,N,N,N,N,,,Y,,N,,,
O20150914002680,1052628617,"HILLCREST RALEIGH AT CRABTREE, LLC",6901305176,O,72,ADP OF THE SNF,2025-03-19,,,,,,,3500 WESTGATE DR,STE 802,DURHAM,NC,277072567,,,N,Y,N,N,N,N,N,N,N,N,N,,,,,N,,,
O20150914002680,1052628617,"HILLCREST RALEIGH AT CRABTREE, LLC",7810496098,O,72,ADP OF THE SNF,2025-03-25,,,,,,,1 POND ST,,ARDEN,NC,287048500,,,N,Y,N,N,N,N,N,N,N,N,N,,,,,N,,,
O20150921003033,0143537357,PEAK RESOURCES OUTER BANKS INC,6305757477,O,43,OPERATIONAL/MANAGERIAL CONTROL,2015-08-01,,,,,PEAK RESOURCES INC,,101 BAINES COURT,,CARY,NC,275116625,100,,N,N,N,Y,N,N,N,N,N,N,N,,,,,N,,,
O20160229001910,6800191842,"ELIZABETH CITY HEALTH AND REHABILITATION, LLC",3577936095,O,36,5% OR GREATER MORTGAGE INTEREST,2016-01-01,,,,,"ELIZABETH CITY HEALTHCARE PROPERTIES, LLC",,229 AIRPORT RD,STE 7-104,ARDEN,NC,287046402,100,,N,Y,N,N,N,N,N,N,N,N,N,,,,,N,,,
O20160420000939,4587574355,LIBERTY HEALTHCARE GROUP LLC,2860911682,O,72,ADP OF THE SNF,2025-04-29,,,,,JOHN A MCNEILL JR 2014 IRREVOCABLE TRUST,,2334 41ST ST,,WILMINGTON,NC,284035502,,,N,N,N,N,N,N,N,N,N,N,N,,,,Y,N,,,
O20160420000939,4587574355,LIBERTY HEALTHCARE GROUP LLC,2961762422,O,86,INDIRECT OWNERSHIP INTEREST,2025-04-29,,,,,RONALD B. AND CYNTHIA J. MCNEILL 2013 IRREVOCABLE TRUST,,2334 41ST ST,,WILMINGTON,NC,284035502,24,N,N,N,N,N,N,N,N,N,N,N,N,,,,Y,N,,N,N
O20160420000939,4587574355,LIBERTY HEALTHCARE GROUP LLC,4587183306,O,72,ADP OF THE SNF,2025-04-29,,,,,RONALD B AND CYNTHIA J MCNEIL 2014 IRREVOCABLE TRUST,,2334 41ST ST,,WILMINGTON,NC,284035502,,,N,N,N,N,N,N,N,N,N,N,N,,,,Y,N,,,
O20160420000939,4587574355,LIBERTY HEALTHCARE GROUP LLC,4587574355,O,86,INDIRECT OWNERSHIP INTEREST,2025-04-29,,,,,LIBERTY HEALTHCARE GROUP LLC,LIBERTY COMMONS NURSING AND REHABILITATION CENTER OF WATAUGA COUNTY,2334 41ST ST,,WILMINGTON,NC,284035502,100,N,N,Y,N,N,N,Y,N,N,N,N,N,,,,,N,,Y,Y
O20160420000939,4587574355,LIBERTY HEALTHCARE GROUP LLC,6305349937,O,72,ADP OF THE SNF,2025-04-29,,,,,LIBERTY HEALTHCARE PROPERTIES OF WOODLANDS LLC,,2334 41ST ST,,WILMINGTON,NC,284035502,,,N,Y,N,N,N,N,N,N,N,N,N,,,,,N,,,
O20160420000939,4587574355,LIBERTY HEALTHCARE GROUP LLC,6305756172,O,85,DIRECT OWNERSHIP INTEREST,2025-04-04,,,,,LIBERTY LONG TERM CARE LLC,,2334 41ST ST,,WILMINGTON,NC,284035502,100,N,N,Y,N,N,N,Y,N,N,N,N,N,,,,,N,,N,Y
O20160420000939,4587574355,LIBERTY HEALTHCARE GROUP LLC,7012410640,O,72,ADP OF THE SNF,2025-04-29,,,,,LIBERTY REAL PROPERTIES IV LLC,,2334 41ST ST,,WILMINGTON,NC,284035502,,,N,Y,N,N,N,Y,N,N,N,N,N,,,,,N,,,
O20160420000939,4587574355,LIBERTY HEALTHCARE GROUP LLC,7416047246,O,72,ADP OF THE SNF,2025-04-29,,,,,LONG TERM CARE MANAGEMENT SERVICES LLC,,2334 41ST ST,,WILMINGTON,NC,284035502,,,N,Y,N,Y,N,N,N,N,N,N,N,,,,,N,,,
O20160420000939,4587574355,LIBERTY HEALTHCARE GROUP LLC,8224398789,O,86,INDIRECT OWNERSHIP INTEREST,2025-04-29,,,,,JOHN A MCNEILL JR 2012 IRRV TR,,2334 41ST ST,,WILMINGTON,NC,284035502,24,N,N,N,N,N,N,N,N,N,N,N,N,,,,Y,N,,N,N
O20160802000978,4082522404,"HAPPY HARBOR METHODIST HOME, INC.",9032615232,O,72,ADP OF THE SNF,2025-08-29,,,,,,,2400 YORKMONT RD,,CHARLOTTE,NC,282174511,,,Y,N,N,N,N,N,N,N,N,N,N,,,,,N,,,
O20161015000048,8820386352,REGENCY CARE OF SILVER SPRING LLC,3476738279,O,43,OPERATIONAL/MANAGERIAL CONTROL,2016-11-01,,,,,"WW HEALTHCARE CONSULTANTS, LLC",,P O BOX 1667,,HICKORY,NC,286031667,100,,N,Y,N,N,N,N,N,N,N,N,N,,,,,N,,,
O20161015000048,8820386352,REGENCY CARE OF SILVER SPRING LLC,3476738279,O,72,ADP OF THE SNF,2025-07-14,,,,,"WW HEALTHCARE CONSULTANTS, LLC",,P O BOX 1667,,HICKORY,NC,286031667,,,N,Y,N,N,N,N,N,N,N,N,N,,,,,N,,,
O20161021002138,4587574355,LIBERTY HEALTHCARE GROUP LLC,1850201625,O,72,ADP OF THE SNF,2025-04-04,,,,,LIBERTY HEALTHCARE MANAGEMENT INC,,2334 41ST ST,,WILMINGTON,NC,284035502,,,Y,N,N,Y,N,N,N,N,N,N,N,,,Y,,N,,,
O20161021002138,4587574355,LIBERTY HEALTHCARE GROUP LLC,2860911682,O,72,ADP OF THE SNF,2025-04-04,,,,,JOHN A MCNEILL JR 2014 IRREVOCABLE TRUST,,44 MCNEILL PLZ,,WHITEVILLE,NC,284728602,,,N,N,N,N,N,N,N,N,N,N,N,,,,Y,N,,,
O20161021002138,4587574355,LIBERTY HEALTHCARE GROUP LLC,2860928223,O,72,ADP OF THE SNF,2025-04-04,,,,,LIBERTY REAL PROPERTIES II LLC,,2334 41ST ST,,WILMINGTON,NC,284035502,,,N,Y,N,N,N,Y,N,N,N,N,N,,,,,N,,,
O20161021002138,4587574355,LIBERTY HEALTHCARE GROUP LLC,2961762422,O,86,INDIRECT OWNERSHIP INTEREST,2025-04-04,,,,,RONALD B. AND CYNTHIA J. MCNEILL 2013 IRREVOCABLE TRUST,,2334 41ST ST,,WILMINGTON,NC,284035502,,N,N,N,N,N,N,N,N,N,N,N,N,,,,Y,N,,N,N
O20161021002138,4587574355,LIBERTY HEALTHCARE GROUP LLC,4587574355,O,86,INDIRECT OWNERSHIP INTEREST,2025-04-04,,,,,LIBERTY HEALTHCARE GROUP LLC,LIBERTY COMMONS NURSING AND REHABILITATION CENTER OF WATAUGA COUNTY,44 MCNEILL PLZ,,WHITEVILLE,NC,284728602,,N,N,N,N,N,N,N,N,N,N,N,N,,,,,N,,Y,Y
O20161021002138,4587574355,LIBERTY HEALTHCARE GROUP LLC,5496233066,O,72,ADP OF THE SNF,2025-04-04,,,,,"LIBERTY HEALTHCARE PROPERTIES OF WARREN COUNTY, LLC",,2334 41ST ST,,WILMINGTON,NC,284035502,,,N,Y,N,N,N,N,N,N,N,N,N,,,,,N,,,
O20161021002138,4587574355,LIBERTY HEALTHCARE GROUP LLC,6305756172,O,85,DIRECT OWNERSHIP INTEREST,2025-04-04,,,,,LIBERTY LONG TERM CARE LLC,,2334 41ST ST,,WILMINGTON,NC,284035502,100,N,N,Y,N,N,N,Y,N,N,N,N,N,,,,,N,,N,Y
O20161021002138,4587574355,LIBERTY HEALTHCARE GROUP LLC,7416047246,O,72,ADP OF THE SNF,2025-04-04,,,,,LONG TERM CARE MANAGEMENT SERVICES LLC,,2334 41ST ST,,WILMINGTON,NC,284035502,,,N,Y,N,Y,N,N,N,N,N,N,N,,,,,N,,,
O20161021002138,4587574355,LIBERTY HEALTHCARE GROUP LLC,8224398789,O,86,INDIRECT OWNERSHIP INTEREST,2025-04-04,,,,,JOHN A MCNEILL JR 2012 IRRV TR,,44 MCNEILL PLZ,,WHITEVILLE,NC,284728602,24,N,N,N,N,N,N,N,N,N,N,N,N,,,,Y,N,,N,N
O20161104000018,6204114796,"LAKE PARK OPERATIONS, LLC",1254787856,O,35,5% OR GREATER INDIRECT OWNERSHIP INTEREST,2022-08-01,,,,,MAXIMUS RRS LLC,,200 2ND ST NW,STE 300,HICKORY,NC,286014933,11.58,N,N,Y,N,N,N,N,N,N,N,N,N,,,,,N,,N,Y
O20161104000018,6204114796,"LAKE PARK OPERATIONS, LLC",1254787856,O,72,ADP OF THE SNF,2022-08-01,,,,,MAXIMUS RRS LLC,,200 2ND ST NW,STE 300,HICKORY,NC,286014933,,,N,Y,N,N,N,N,N,N,N,N,N,,,,,N,,,
O20161104000018,6204114796,"LAKE PARK OPERATIONS, LLC",2466930722,O,72,ADP OF THE SNF,2022-08-01,,,,,,,200 2ND ST NW,STE 300,HICKORY,NC,286014933,,,N,Y,N,N,N,N,N,N,N,N,N,,,,,N,,,
O20161104000018,6204114796,"LAKE PARK OPERATIONS, LLC",4284112541,O,72,ADP OF THE SNF,2022-08-01,,,,,,,200 2ND ST NW,FL 200,HICKORY,NC,286014933,,,N,Y,N,N,N,N,N,N,N,N,N,,,,,N,,,
O20161104000018,6204114796,"LAKE PARK OPERATIONS, LLC",5193203453,O,72,ADP OF THE SNF,2025-11-21,,,,,,,200 2ND ST NW,FL 200,HICKORY,NC,286014933,,,N,Y,N,N,N,N,N,N,N,N,N,,,,,N,,,
O20161116000821,6305125345,DURHAM REHAB OPERATIONS LLC,3779072210,O,72,ADP OF THE SNF,2025-09-23,,,,,,,PO BOX 9268,,HICKORY,NC,286039268,,,N,Y,N,N,N,N,N,N,N,N,N,,,,,N,,,
O20161116000821,6305125345,DURHAM REHAB OPERATIONS LLC,4688163124,O,72,ADP OF THE SNF,2025-09-23,,,,,,,PO BOX 9268,,HICKORY,NC,286039268,,,N,Y,N,N,N,N,N,N,N,N,N,,,,,N,,,
O20161116000821,6305125345,DURHAM REHAB OPERATIONS LLC,5597254037,O,72,ADP OF THE SNF,2020-01-01,,,,,,,PO BOX 9268,,HICKORY,NC,286039268,,,N,Y,N,N,N,N,N,N,N,N,N,,,,,N,,,
O20161122000542,4385952274,WELLMORE OF TEGA CAY LLC,5698054211,O,34,5% OR GREATER DIRECT OWNERSHIP INTEREST,2012-03-06,,,,,WELLMORE LLC,,3530 TORINGDON WAY,STE 204,CHARLOTTE,NC,282773436,100,Y,N,Y,N,N,N,N,N,N,N,N,N,,,,,N,,Y,N
O20161122000542,4385952274,WELLMORE OF TEGA CAY LLC,9537689971,O,43,OPERATIONAL/MANAGERIAL CONTROL,2016-09-01,,,,,"MAXWELL GROUP, INC.",,3530 TORINGDON WAY,STE 204,CHARLOTTE,NC,282773436,,,N,N,N,Y,N,N,N,N,N,N,N,,,,,N,,,
O20161122000542,4385952274,WELLMORE OF TEGA CAY LLC,9537689971,O,72,ADP OF THE SNF,2025-02-02,,,,,"MAXWELL GROUP, INC.",,3530 TORINGDON WAY,STE 204,CHARLOTTE,NC,282773436,,,N,N,N,Y,N,N,N,N,N,N,N,,,,,N,,,
O20161216000581,5496035008,CROSS CITY OPERATIONS LLC,0840789558,O,72,ADP OF THE SNF,2022-08-01,,,,,,,200 2ND ST NW,,HICKORY,NC,286014933,,,N,Y,N,N,N,N,N,N,N,N,N,,,,,N,,,
O20161216000581,5496035008,CROSS CITY OPERATIONS LLC,1254787856,O,72,ADP OF THE SNF,2022-08-01,,,,,MAXIMUS RRS LLC,,200 2ND ST NW,,HICKORY,NC,286014933,,,N,Y,N,N,N,N,N,N,N,N,N,,,,,N,,,
O20161216000581,5496035008,CROSS CITY OPERATIONS LLC,1254787856,O,86,INDIRECT OWNERSHIP INTEREST,2022-08-01,,,,,MAXIMUS RRS LLC,,200 2ND ST NW,,HICKORY,NC,286014933,11.58,N,N,Y,N,N,N,N,N,N,N,N,N,,,,,N,,N,Y
O20161216000581,5496035008,CROSS CITY OPERATIONS LLC,7113416827,O,85,DIRECT OWNERSHIP INTEREST,2016-09-28,,,,,CROSS CITY MAX HOLDINGS LLC,,200 2ND ST NW,,HICKORY,NC,286014933,100,N,N,Y,N,N,N,N,N,N,N,N,N,,,,,N,,N,Y
O20161216000581,5496035008,CROSS CITY OPERATIONS LLC,8022507730,O,72,ADP OF THE SNF,2022-08-01,,,,,,,200 2ND ST NW,,HICKORY,NC,286014933,,,N,Y,N,N,N,N,N,N,N,N,N,,,,,N,,,
O20161216000581,5496035008,CROSS CITY OPERATIONS LLC,9032608740,O,72,ADP OF THE SNF,2025-02-03,,,,,,,200 2ND ST NW,,HICKORY,NC,286014933,,,N,Y,N,Y,N,N,N,N,N,N,N,,,,,N,,,
O20161216002042,7911287560,LAFAYETTE OPERATIONS LLC,1254787856,O,35,5% OR GREATER INDIRECT OWNERSHIP INTEREST,2022-08-01,,,,,MAXIMUS RRS LLC,,200 2ND ST NW,,HICKORY,NC,286014933,11.58,N,N,Y,N,N,N,N,N,N,N,N,N,,,,,N,,,N
O20161216002042,7911287560,LAFAYETTE OPERATIONS LLC,4385922871,O,34,5% OR GREATER DIRECT OWNERSHIP INTEREST,2016-02-28,,,,,LAFAYETTE HOLDINGS LLC,,200 2ND ST NW,,HICKORY,NC,286014933,100,Y,N,Y,N,N,N,N,N,N,N,N,N,,,,,N,,,
O20170111002442,9032490784,EVERGREEN WOODS RETIREMENT LLC,6608393921,O,86,INDIRECT OWNERSHIP INTEREST,2021-01-01,,,,,"BRENDA U. THOMPSON 2020 IRREVOCABLE TRUST DATED DECEMBER 30, 2020",BRENDA U. THOMPSON TRUST FBO JOSHUA THOMPSON,3530 TORINGDON WAY,STE 204,CHARLOTTE,NC,282773436,25,N,N,N,N,N,N,N,N,N,N,N,N,,,,Y,Y,(IRREVOCABLE TRUST),N,Y
O20170111002442,9032490784,EVERGREEN WOODS RETIREMENT LLC,6800801002,O,43,OPERATIONAL/MANAGERIAL CONTROL,2016-06-27,,,,,SENIOR LIVING COMMUITIES LLC,,3530 TORINGDON WAY,STE 204,CHARLOTTE,NC,282773436,,,N,Y,N,N,N,N,N,N,N,N,N,,,,,N,,,
O20170111002442,9032490784,EVERGREEN WOODS RETIREMENT LLC,6800801002,O,85,DIRECT OWNERSHIP INTEREST,2016-06-27,,,,,SENIOR LIVING COMMUITIES LLC,,3530 TORINGDON WAY,STE 204,CHARLOTTE,NC,282773436,100,N,N,Y,N,N,N,N,N,N,N,N,N,,,,,N,,Y,Y
O20170111002442,9032490784,EVERGREEN WOODS RETIREMENT LLC,8224555875,O,86,INDIRECT OWNERSHIP INTEREST,2021-01-01,,,,,"BRENDA U. THOMPSON 2020 IRREVOCABLE TRUST DATED DECEMBER 30, 2020",BRENDA U. THOMPSON TRUST FBO BENJAMIN THOMPSON,3530 TORINGDON WAY,STE 204,CHARLOTTE,NC,282773436,25,N,N,N,N,N,N,N,N,N,N,N,N,,,,Y,Y,BRENDA U. THOMPSON TRUST FBO BENJAMIN TH,N,Y
O20170111002442,9032490784,EVERGREEN WOODS RETIREMENT LLC,9537689971,O,43,OPERATIONAL/MANAGERIAL CONTROL,2025-01-23,,,,,"MAXWELL GROUP, INC.",,3530 TORINGDON WAY,STE 204,CHARLOTTE,NC,282773436,,,N,N,N,Y,N,N,N,N,N,N,N,,,,,N,,,
O20170111002442,9032490784,EVERGREEN WOODS RETIREMENT LLC,9537689971,O,72,ADP OF THE SNF,2025-01-23,,,,,"MAXWELL GROUP, INC.",,3530 TORINGDON WAY,STE 204,CHARLOTTE,NC,282773436,,,N,N,N,Y,N,N,N,N,N,N,N,,,,,N,,,
O20170206000173,1254614837,MAGGIE VALLEY OPERATIONS LLC,3072007376,O,72,ADP OF THE SNF,2018-11-05,,,,,,,200 2ND ST NW,,HICKORY,NC,286014933,,,N,Y,N,N,N,N,N,N,N,N,N,,,,,N,,,
O20170206000173,1254614837,MAGGIE VALLEY OPERATIONS LLC,5890289193,O,72,ADP OF THE SNF,2025-11-19,,,,,,,200 2ND ST NW,,HICKORY,NC,286014933,,,N,Y,N,Y,N,N,N,N,N,N,N,,,,,N,,,
O20170206000173,1254614837,MAGGIE VALLEY OPERATIONS LLC,7315220993,O,34,5% OR GREATER DIRECT OWNERSHIP INTEREST,2016-09-28,,,,,MAGGIE VALLEY MAX HOLDINGS LLC,,200 2ND ST NW,FL 2,HICKORY,NC,286014933,100,N,N,Y,N,N,N,N,N,N,N,N,N,,,,,N,,N,Y
O20170206000173,1254614837,MAGGIE VALLEY OPERATIONS LLC,7618461922,O,72,ADP OF THE SNF,2018-11-05,,,,,,,200 2ND ST NW,,HICKORY,NC,286014933,,,N,Y,N,N,N,N,N,N,N,N,N,,,,,N,,,
O20170302000984,4385928753,NSH SUPERIOR LLC,5698284966,O,43,OPERATIONAL/MANAGERIAL CONTROL,2025-03-01,,,,,CONTINUUM THERAPY PARTNERS LLC,,6000 FAIRVIEW RD,STE 537,CHARLOTTE,NC,282102204,,,N,N,N,N,N,N,N,N,Y,N,N,,,,,N,,,
O20170302000984,4385928753,NSH SUPERIOR LLC,5698284966,O,72,ADP OF THE SNF,2025-04-14,,,,,CONTINUUM THERAPY PARTNERS LLC,,6000 FAIRVIEW RD,STE 537,CHARLOTTE,NC,282102204,,,N,N,N,N,N,N,N,N,Y,N,N,,,,,N,,,
O20170302001817,3678857067,NSH RANDOLPH LLC,5698284966,O,43,OPERATIONAL/MANAGERIAL CONTROL,2025-03-01,,,,,CONTINUUM THERAPY PARTNERS LLC,,6000 FAIRVIEW RD,STE 537,CHARLOTTE,NC,282102204,,,N,Y,N,Y,N,N,N,N,N,N,N,,,,,Y,THERAPY COMPANY,,
O20170302001817,3678857067,NSH RANDOLPH LLC,5698284966,O,72,ADP OF THE SNF,2025-07-14,,,,,CONTINUUM THERAPY PARTNERS LLC,,6000 FAIRVIEW RD,STE 537,CHARLOTTE,NC,282102204,,,N,Y,N,Y,N,N,N,N,N,N,N,,,,,Y,THERAPY COMPANY,,
O20170303000678,8729362140,NSH RIVERVIEW LLC,5698284966,O,43,OPERATIONAL/MANAGERIAL CONTROL,2025-03-01,,,,,CONTINUUM THERAPY PARTNERS LLC,,6000 FAIRVIEW RD,STE 537,CHARLOTTE,NC,282102204,,,N,Y,N,Y,N,N,N,N,N,N,N,,,,,N,,,
O20170303000678,8729362140,NSH RIVERVIEW LLC,5698284966,O,72,ADP OF THE SNF,2025-04-14,,,,,CONTINUUM THERAPY PARTNERS LLC,,6000 FAIRVIEW RD,STE 537,CHARLOTTE,NC,282102204,,,N,Y,N,Y,N,N,N,N,N,N,N,,,,,N,,,
O20170313000150,6305120361,NSH RIB LAKE LLC,5698284966,O,43,OPERATIONAL/MANAGERIAL CONTROL,2025-03-01,,,,,CONTINUUM THERAPY PARTNERS LLC,,6000 FAIRVIEW RD,STE 537,CHARLOTTE,NC,282102204,,,N,Y,N,Y,N,N,N,N,N,N,N,,,,,N,,,
O20170313000150,6305120361,NSH RIB LAKE LLC,5698284966,O,72,ADP OF THE SNF,2025-04-14,,,,,CONTINUUM THERAPY PARTNERS LLC,,6000 FAIRVIEW RD,STE 537,CHARLOTTE,NC,282102204,,,N,Y,N,Y,N,N,N,N,N,N,N,,,,,N,,,
O20170313001369,9234413220,NSH GOLDEN AGE LLC,5698284966,O,43,OPERATIONAL/MANAGERIAL CONTROL,2025-03-01,,,,,CONTINUUM THERAPY PARTNERS LLC,,6000 FAIRVIEW RD,STE 537,CHARLOTTE,NC,282102204,,,N,Y,N,Y,N,N,N,N,N,N,N,,,,,N,,,
O20170313001369,9234413220,NSH GOLDEN AGE LLC,5698284966,O,72,ADP OF THE SNF,2025-04-14,,,,,CONTINUUM THERAPY PARTNERS LLC,,6000 FAIRVIEW RD,STE 537,CHARLOTTE,NC,282102204,,,N,Y,N,Y,N,N,N,N,N,N,N,,,,,N,,,
O20170315000217,1153606116,NSH WHITEWATER LLC,5698284966,O,43,OPERATIONAL/MANAGERIAL CONTROL,2025-03-01,,,,,CONTINUUM THERAPY PARTNERS LLC,,6000 FAIRVIEW RD,STE 537,CHARLOTTE,NC,282102204,,,N,Y,N,Y,N,N,N,N,N,N,N,,,,,N,,,
O20170315000217,1153606116,NSH WHITEWATER LLC,5698284966,O,72,ADP OF THE SNF,2025-04-14,,,,,CONTINUUM THERAPY PARTNERS LLC,,6000 FAIRVIEW RD,STE 537,CHARLOTTE,NC,282102204,,,N,Y,N,Y,N,N,N,N,N,N,N,,,,,N,,,
O20170320001699,9436434115,NSH LA CRESCENT LLC,5698284966,O,43,OPERATIONAL/MANAGERIAL CONTROL,2025-03-01,,,,,CONTINUUM THERAPY PARTNERS LLC,,6000 FAIRVIEW RD,STE 537,CHARLOTTE,NC,282102204,,,N,Y,N,Y,N,N,N,N,N,N,N,,,,,N,,,
O20170320001699,9436434115,NSH LA CRESCENT LLC,5698284966,O,72,ADP OF THE SNF,2025-04-14,,,,,CONTINUUM THERAPY PARTNERS LLC,,6000 FAIRVIEW RD,STE 537,CHARLOTTE,NC,282102204,,,N,Y,N,Y,N,N,N,N,N,N,N,,,,,N,,,
O20170515000718,5496653842,GUADALUPE COUNTY HOSPITAL BOARD,7214248095,O,43,OPERATIONAL/MANAGERIAL CONTROL,2024-10-01,,,,,MORRISON MANAGEMENT SPECIALISTS INC,MORRISON LIVING,2400 YORKMONT RD,,CHARLOTTE,NC,282174511,,,Y,N,N,N,N,N,N,N,N,N,N,,,,,Y,DINING AND DIETARY SERVICES,,
O20170526001222,2466729256,NSH SOUTH SHORE LLC,5698284966,O,43,OPERATIONAL/MANAGERIAL CONTROL,2025-03-01,,,,,CONTINUUM THERAPY PARTNERS LLC,,6000 FAIRVIEW RD,STE 537,CHARLOTTE,NC,282102204,,,N,Y,N,N,N,N,N,N,N,N,N,,,,,N,,,
O20170526001222,2466729256,NSH SOUTH SHORE LLC,5698284966,O,72,ADP OF THE SNF,2025-04-14,,,,,CONTINUUM THERAPY PARTNERS LLC,,6000 FAIRVIEW RD,STE 537,CHARLOTTE,NC,282102204,,,N,Y,N,N,N,N,N,N,N,N,N,,,,,N,,,
O20170530000601,3274800099,NSH WISCONSIN DELLS LLC,5698284966,O,43,OPERATIONAL/MANAGERIAL CONTROL,2025-03-01,,,,,CONTINUUM THERAPY PARTNERS LLC,,6000 FAIRVIEW RD,STE 537,CHARLOTTE,NC,282102204,,,N,Y,N,Y,N,N,N,N,N,N,N,,,,,N,,,
O20170530000601,3274800099,NSH WISCONSIN DELLS LLC,5698284966,O,72,ADP OF THE SNF,2025-04-14,,,,,CONTINUUM THERAPY PARTNERS LLC,,6000 FAIRVIEW RD,STE 537,CHARLOTTE,NC,282102204,,,N,Y,N,Y,N,N,N,N,N,N,N,,,,,N,,,
O20170530001369,4688941313,NSH SHEBOYGAN LLC,5698284966,O,43,OPERATIONAL/MANAGERIAL CONTROL,2025-03-01,,,,,CONTINUUM THERAPY PARTNERS LLC,,6000 FAIRVIEW RD,STE 537,CHARLOTTE,NC,282102204,,,N,Y,N,N,N,N,N,N,N,N,N,,,,,N,,,
O20170530001369,4688941313,NSH SHEBOYGAN LLC,5698284966,O,72,ADP OF THE SNF,2025-04-14,,,,,CONTINUUM THERAPY PARTNERS LLC,,6000 FAIRVIEW RD,STE 537,CHARLOTTE,NC,282102204,,,N,Y,N,N,N,N,N,N,N,N,N,,,,,N,,,
O20170530002277,9537436282,NSH GREEN BAY LLC,5698284966,O,43,OPERATIONAL/MANAGERIAL CONTROL,2025-03-01,,,,,CONTINUUM THERAPY PARTNERS LLC,,6000 FAIRVIEW RD,STE 537,CHARLOTTE,NC,282102204,,,N,Y,N,Y,N,N,N,N,N,N,N,,,,,N,,,
O20170530002277,9537436282,NSH GREEN BAY LLC,5698284966,O,72,ADP OF THE SNF,2025-07-11,,,,,CONTINUUM THERAPY PARTNERS LLC,,6000 FAIRVIEW RD,STE 537,CHARLOTTE,NC,282102204,,,N,Y,N,Y,N,N,N,N,N,N,N,,,,,N,,,
O20170602002069,8426325937,VILLAGE GREEN HEALTH AND REHABILITATION LLC,2769423698,O,34,5% OR GREATER DIRECT OWNERSHIP INTEREST,2017-04-01,,,,,ARDENT HEALTH AND REHABILITATION CO,,229 AIRPORT RD,STE 7-104,ARDEN,NC,287046402,100,N,Y,N,N,N,N,N,N,N,N,N,N,,,,,N,,,
O20170602002069,8426325937,VILLAGE GREEN HEALTH AND REHABILITATION LLC,8224305735,O,36,5% OR GREATER MORTGAGE INTEREST,2017-04-01,,,,,VILLAGE GREEN HEALTHCARE PROPERTIES LLC,,229 AIRPORT RD.,SUITE 7-104,ARDEN,NC,287046402,100,N,N,Y,N,N,N,N,N,N,N,N,N,,,,,N,,,
O20170717002329,4789954231,CAROLINA CARE HEALTH AND REHABILITATION LLC,2769423698,O,34,5% OR GREATER DIRECT OWNERSHIP INTEREST,2017-01-01,,,,,ARDENT HEALTH AND REHABILITATION CO,,229 AIRPORT RD,STE 7-104,ARDEN,NC,287046402,100,N,Y,N,N,N,N,N,N,N,N,N,N,,,,,N,,,
O20170717002329,4789954231,CAROLINA CARE HEALTH AND REHABILITATION LLC,4385914837,O,36,5% OR GREATER MORTGAGE INTEREST,2017-04-01,,,,,CAROLINA CARE HEALTHCARE PROPERTIES LLC,,229 AIRPORT RD,SUITE 7-104,ARDEN,NC,287046402,100,N,N,Y,N,N,N,N,N,N,N,N,N,,,,,N,,,
O20170731003327,9931470531,RICH SQUARE OPERATIONS LLC,7618465311,O,43,OPERATIONAL/MANAGERIAL CONTROL,2016-09-28,,,,,MAXIMUS HEALTHCARE GROUP,,200 2ND ST NW,STE 200,HICKORY,NC,286014933,,,N,Y,N,N,N,N,N,N,N,Y,N,,,,,N,,,
O20170731003327,9931470531,RICH SQUARE OPERATIONS LLC,7618465311,O,72,ADP OF THE SNF,2025-09-16,,,,,MAXIMUS HEALTHCARE GROUP,,200 2ND ST NW,STE 200,HICKORY,NC,286014933,,,N,Y,N,N,N,N,N,N,N,Y,N,,,,,N,,,
O20170731003327,9931470531,RICH SQUARE OPERATIONS LLC,9436647138,O,72,ADP OF THE SNF,2017-05-01,,,,,,,200 2ND ST NW,STE 200,HICKORY,NC,286014933,,,N,Y,N,N,N,N,N,N,N,N,N,,,,,N,,,
O20170809004011,8729359724,ASHTON HEALTH AND REHABILITATION LLC,0042695124,O,36,5% OR GREATER MORTGAGE INTEREST,2017-06-01,,,,,"ASHTON PLACE HEALTHCARE PROPERTIES, LLC",,229 AIRPORT RD,STE 7-104,ARDEN,NC,287046402,100,Y,N,Y,N,N,N,N,N,N,N,N,N,,,,,N,,,
O20170809004011,8729359724,ASHTON HEALTH AND REHABILITATION LLC,2769423698,O,34,5% OR GREATER DIRECT OWNERSHIP INTEREST,2017-06-01,,,,,ARDENT HEALTH AND REHABILITATION CO,,229 AIRPORT RD,STE 7-104,ARDEN,NC,287046402,100,N,Y,N,N,N,N,N,N,N,N,N,N,,,,,N,,,
O20171025001662,9739455452,NSH HAMMOND LLC,5698284966,O,43,OPERATIONAL/MANAGERIAL CONTROL,2025-03-01,,,,,CONTINUUM THERAPY PARTNERS LLC,,6000 FAIRVIEW RD,,CHARLOTTE,NC,282102224,,,N,Y,N,N,N,N,N,N,N,N,N,,,,,N,,,
O20171025001662,9739455452,NSH HAMMOND LLC,5698284966,O,72,ADP OF THE SNF,2025-05-12,,,,,CONTINUUM THERAPY PARTNERS LLC,,6000 FAIRVIEW RD,,CHARLOTTE,NC,282102224,,,N,Y,N,N,N,N,N,N,N,N,N,,,,,N,,,
O20171025002891,1153697792,NSH MENOMONEE LLC,5698284966,O,43,OPERATIONAL/MANAGERIAL CONTROL,2025-03-01,,,,,CONTINUUM THERAPY PARTNERS LLC,,6000 FAIRVIEW RD,STE 537,CHARLOTTE,NC,282102204,,,N,Y,N,Y,N,N,N,N,N,N,N,,,,,N,,,
O20171025002891,1153697792,NSH MENOMONEE LLC,5698284966,O,72,ADP OF THE SNF,2025-04-15,,,,,CONTINUUM THERAPY PARTNERS LLC,,6000 FAIRVIEW RD,STE 537,CHARLOTTE,NC,282102204,,,N,Y,N,Y,N,N,N,N,N,N,N,,,,,N,,,
O20171026000604,5890061469,NSH CORNELL LLC,5698284966,O,43,OPERATIONAL/MANAGERIAL CONTROL,2025-03-01,,,,,CONTINUUM THERAPY PARTNERS LLC,,6000 FAIRVIEW RD,STE 537,CHARLOTTE,NC,282102204,,,N,Y,N,Y,N,N,N,N,N,N,N,,,,,N,,,
O20171026000604,5890061469,NSH CORNELL LLC,5698284966,O,72,ADP OF THE SNF,2025-04-15,,,,,CONTINUUM THERAPY PARTNERS LLC,,6000 FAIRVIEW RD,STE 537,CHARLOTTE,NC,282102204,,,N,Y,N,Y,N,N,N,N,N,N,N,,,,,N,,,
O20171030002451,2567738917,NSH MONROE LLC,5698284966,O,43,OPERATIONAL/MANAGERIAL CONTROL,2025-03-01,,,,,CONTINUUM THERAPY PARTNERS LLC,,6000 FAIRVIEW RD,STE 537,CHARLOTTE,NC,282102204,,,N,Y,N,Y,N,N,N,N,N,N,N,,,,,N,,,
O20171030002451,2567738917,NSH MONROE LLC,5698284966,O,72,ADP OF THE SNF,2025-04-15,,,,,CONTINUUM THERAPY PARTNERS LLC,,6000 FAIRVIEW RD,STE 537,CHARLOTTE,NC,282102204,,,N,Y,N,Y,N,N,N,N,N,N,N,,,,,N,,,
O20171031001950,7012283310,NSH MEADOW VIEW LLC,5698284966,O,43,OPERATIONAL/MANAGERIAL CONTROL,2025-03-01,,,,,CONTINUUM THERAPY PARTNERS LLC,,6000 FAIRVIEW RD,STE 537,CHARLOTTE,NC,282102204,,,N,Y,N,Y,N,N,N,N,N,N,N,,,,,N,,,
O20171031001950,7012283310,NSH MEADOW VIEW LLC,5698284966,O,72,ADP OF THE SNF,2025-04-15,,,,,CONTINUUM THERAPY PARTNERS LLC,,6000 FAIRVIEW RD,STE 537,CHARLOTTE,NC,282102204,,,N,Y,N,Y,N,N,N,N,N,N,N,,,,,N,,,
O20171101000513,9830465186,NSH MERCY LLC,5698284966,O,43,OPERATIONAL/MANAGERIAL CONTROL,2025-03-01,,,,,CONTINUUM THERAPY PARTNERS LLC,,6000 FAIRVIEW RD,STE 537,CHARLOTTE,NC,282102204,,,N,Y,N,Y,N,N,N,N,N,N,N,,,,,N,,,
O20171101000513,9830465186,NSH MERCY LLC,5698284966,O,72,ADP OF THE SNF,2025-04-15,,,,,CONTINUUM THERAPY PARTNERS LLC,,6000 FAIRVIEW RD,STE 537,CHARLOTTE,NC,282102204,,,N,Y,N,Y,N,N,N,N,N,N,N,,,,,N,,,
O20171102000055,5496011702,NSH ALTOONA LLC,5698284966,O,43,OPERATIONAL/MANAGERIAL CONTROL,2025-03-01,,,,,CONTINUUM THERAPY PARTNERS LLC,,6000 FAIRVIEW RD,STE 537,CHARLOTTE,NC,282102204,,,N,Y,N,Y,N,N,N,N,N,N,N,,,,,N,,,
O20171102000055,5496011702,NSH ALTOONA LLC,5698284966,O,72,ADP OF THE SNF,2025-05-12,,,,,CONTINUUM THERAPY PARTNERS LLC,,6000 FAIRVIEW RD,STE 537,CHARLOTTE,NC,282102204,,,N,Y,N,Y,N,N,N,N,N,N,N,,,,,N,,,
O20171102002422,3173889433,NSH MORNINGSIDE LLC,5698284966,O,43,OPERATIONAL/MANAGERIAL CONTROL,2025-03-01,,,,,CONTINUUM THERAPY PARTNERS LLC,,6000 FAIRVIEW RD,STE 537,CHARLOTTE,NC,282102204,,,N,Y,N,Y,N,N,N,N,N,N,N,,,,,N,,,
O20171102002422,3173889433,NSH MORNINGSIDE LLC,5698284966,O,72,ADP OF THE SNF,2025-05-12,,,,,CONTINUUM THERAPY PARTNERS LLC,,6000 FAIRVIEW RD,STE 537,CHARLOTTE,NC,282102204,,,N,Y,N,Y,N,N,N,N,N,N,N,,,,,N,,,
O20171113000286,3476824210,"CAMDEN HEALTH AND REHABILITATION, LLC",2769423698,O,72,ADP OF THE SNF,2014-06-26,,,,,ARDENT HEALTH AND REHABILITATION CO,,229 AIRPORT RD,STE 7-104,ARDEN,NC,287046402,,,Y,N,N,N,N,N,N,N,N,N,N,,,,,N,,,
O20171113000286,3476824210,"CAMDEN HEALTH AND REHABILITATION, LLC",3274039136,O,43,OPERATIONAL/MANAGERIAL CONTROL,2021-01-01,,,,,"SANSTONE MANAGEMENT COMPANY, LLC",SANSTONE HEALTH AND REHABILITATION,229 AIRPORT RD,STE 7-104,ARDEN,NC,287046402,,,N,Y,N,N,N,N,N,N,N,N,N,,,,,N,,,
O20171113000286,3476824210,"CAMDEN HEALTH AND REHABILITATION, LLC",3274039136,O,72,ADP OF THE SNF,2021-01-01,,,,,"SANSTONE MANAGEMENT COMPANY, LLC",SANSTONE HEALTH AND REHABILITATION,229 AIRPORT RD,STE 7-104,ARDEN,NC,287046402,,,N,Y,N,N,N,N,N,N,N,N,N,,,,,N,,,
O20171113000286,3476824210,"CAMDEN HEALTH AND REHABILITATION, LLC",5294255220,O,36,5% OR GREATER MORTGAGE INTEREST,2017-06-01,,,,,"CAMDEN PLACE HEALTHCARE PROPERTIES, LLC",,229 AIRPORT RD,STE 7-104,ARDEN,NC,28704,100,,N,Y,N,N,N,N,N,N,N,N,N,,,,,N,,,
O20171130002336,6901163872,MURPHY REHABILITATION INC,0345507216,O,34,5% OR GREATER DIRECT OWNERSHIP INTEREST,2017-10-01,,,,,MURPHY HEALTHCARE PROPERTIES LLC,,3992 E US 64 ALT,,MURPHY,NC,289066843,100,N,N,Y,N,N,N,N,N,N,N,Y,N,,,,,N,,,
O20171130002336,6901163872,MURPHY REHABILITATION INC,4183528383,O,43,OPERATIONAL/MANAGERIAL CONTROL,2017-10-01,,,,,"CENTURY CARE MANAGEMENT, INC.",,130 EDINBURGH SOUTH DR,STE 208,CARY,NC,275117902,,,Y,N,N,Y,N,N,N,N,N,Y,N,,,,,N,,,
O20171207000937,6800153495,NSH DELAVAN LLC,5698284966,O,43,OPERATIONAL/MANAGERIAL CONTROL,2025-03-01,,,,,CONTINUUM THERAPY PARTNERS LLC,,6000 FAIRVIEW RD,STE 537,CHARLOTTE,NC,282102204,,,N,Y,N,Y,N,N,N,N,N,N,N,,,,,N,,,
O20171207000937,6800153495,NSH DELAVAN LLC,5698284966,O,72,ADP OF THE SNF,2025-04-15,,,,,CONTINUUM THERAPY PARTNERS LLC,,6000 FAIRVIEW RD,STE 537,CHARLOTTE,NC,282102204,,,N,Y,N,Y,N,N,N,N,N,N,N,,,,,N,,,
O20171215002723,2264790468,WELLMORE OF LEXINGTON LLC,5698054211,O,34,5% OR GREATER DIRECT OWNERSHIP INTEREST,2015-01-21,,,,,WELLMORE LLC,,3530 TORINGDON WAY,STE 204,CHARLOTTE,NC,282773436,100,Y,N,Y,N,N,N,N,N,N,N,N,N,,,,,N,,Y,N
O20171215002723,2264790468,WELLMORE OF LEXINGTON LLC,9537689971,O,43,OPERATIONAL/MANAGERIAL CONTROL,2016-09-01,,,,,"MAXWELL GROUP, INC.",,3530 TORINGDON WAY,STE 204,CHARLOTTE,NC,282773436,,,N,N,N,Y,N,N,N,N,N,N,N,,,Y,,N,,,
O20171215002723,2264790468,WELLMORE OF LEXINGTON LLC,9537689971,O,72,ADP OF THE SNF,2025-02-01,,,,,"MAXWELL GROUP, INC.",,3530 TORINGDON WAY,STE 204,CHARLOTTE,NC,282773436,,,N,N,N,Y,N,N,N,N,N,N,N,,,Y,,N,,,
O20180202001896,1153231907,THE PRESBYTERIAN HOSPITAL,6709796139,O,34,5% OR GREATER DIRECT OWNERSHIP INTEREST,2007-01-01,,,,,"NOVANT HEALTH, INC.",,2085 FRONTIS PLAZA,,WINSTON-SALEM,NC,27103,100,N,Y,N,N,N,N,N,N,N,N,N,Y,,,Y,,N,,Y,N
O20180202001896,1153231907,THE PRESBYTERIAN HOSPITAL,6709796139,O,72,ADP OF THE SNF,2025-05-15,,,,,"NOVANT HEALTH, INC.",,2085 FRONTIS PLAZA,,WINSTON-SALEM,NC,27103,,,Y,N,N,N,N,N,N,N,N,N,Y,,,Y,,N,,,
O20180301000656,6800157181,UNC ROCKINGHAM HEALTH CARE INC,4486562139,O,34,5% OR GREATER DIRECT OWNERSHIP INTEREST,2018-01-01,,,,,UNIVERSITY OF NORTH CAROLINA HEALTH CARE SYSTEM,UNC PHARMACY AT EASTOWNE,5221 PARAMOUNT PKWY,STE 410,MORRISVILLE,NC,275605491,100,N,Y,N,N,N,N,N,N,N,N,N,N,,,,,N,,,
O20180330000385,4587574355,LIBERTY HEALTHCARE GROUP LLC,7416047246,O,34,5% OR GREATER DIRECT OWNERSHIP INTEREST,2011-03-10,,,,,LONG TERM CARE MANAGEMENT SERVICES LLC,,2334 S 41ST ST,,WILMINGTON,NC,284035502,100,,N,Y,N,N,N,N,N,N,N,N,N,,,,,N,,,
O20180330000385,4587574355,LIBERTY HEALTHCARE GROUP LLC,7416047246,O,43,OPERATIONAL/MANAGERIAL CONTROL,2011-03-10,,,,,LONG TERM CARE MANAGEMENT SERVICES LLC,,2334 S 41ST ST,,WILMINGTON,NC,284035502,100,,N,Y,N,N,N,N,N,N,N,N,N,,,,,N,,,
O20180430001979,4587574355,LIBERTY HEALTHCARE GROUP LLC,1850201625,O,72,ADP OF THE SNF,2025-04-29,,,,,LIBERTY HEALTHCARE MANAGEMENT INC,,2334 41ST ST,,WILMINGTON,NC,284035502,,,Y,N,N,Y,N,N,N,N,N,N,N,,,Y,,N,,,
O20180430001979,4587574355,LIBERTY HEALTHCARE GROUP LLC,4587574355,O,72,ADP OF THE SNF,2025-05-30,,,,,LIBERTY HEALTHCARE GROUP LLC,LIBERTY COMMONS NURSING AND REHABILITATION CENTER OF WATAUGA COUNTY,2334 41ST ST,,WILMINGTON,NC,284035502,,,N,Y,N,N,N,N,N,N,N,N,N,,,,,N,,,
O20180430001979,4587574355,LIBERTY HEALTHCARE GROUP LLC,4587574355,O,86,INDIRECT OWNERSHIP INTEREST,2025-04-29,,,,,LIBERTY HEALTHCARE GROUP LLC,LIBERTY COMMONS NURSING AND REHABILITATION CENTER OF WATAUGA COUNTY,2334 41ST ST,,WILMINGTON,NC,284035502,100,N,N,Y,N,N,N,N,N,N,N,N,N,,,,,N,,Y,Y
O20180430001979,4587574355,LIBERTY HEALTHCARE GROUP LLC,6305756172,O,72,ADP OF THE SNF,2025-05-27,,,,,LIBERTY LONG TERM CARE LLC,,2334 41ST ST,,WILMINGTON,NC,284035502,,,N,N,N,Y,N,N,Y,N,N,N,N,,,,,N,,,
O20180430001979,4587574355,LIBERTY HEALTHCARE GROUP LLC,6305756172,O,85,DIRECT OWNERSHIP INTEREST,2025-04-01,,,,,LIBERTY LONG TERM CARE LLC,,2334 41ST ST,,WILMINGTON,NC,284035502,100,N,N,N,N,Y,N,N,Y,N,N,N,N,,,,,N,,N,Y
O20180430001979,4587574355,LIBERTY HEALTHCARE GROUP LLC,7416047246,O,34,5% OR GREATER DIRECT OWNERSHIP INTEREST,2011-03-10,,,,,LONG TERM CARE MANAGEMENT SERVICES LLC,,2334 41ST ST,,WILMINGTON,NC,284035502,100,N,N,Y,N,Y,N,N,N,N,N,N,N,,,,,N,,N,Y
O20180430001979,4587574355,LIBERTY HEALTHCARE GROUP LLC,7416047246,O,43,OPERATIONAL/MANAGERIAL CONTROL,2025-04-29,,,,,LONG TERM CARE MANAGEMENT SERVICES LLC,,2334 41ST ST,,WILMINGTON,NC,284035502,,,N,Y,N,Y,N,N,N,N,N,N,N,,,,,N,,,
O20180430001979,4587574355,LIBERTY HEALTHCARE GROUP LLC,7416047246,O,72,ADP OF THE SNF,2025-04-29,,,,,LONG TERM CARE MANAGEMENT SERVICES LLC,,2334 41ST ST,,WILMINGTON,NC,284035502,,,N,Y,N,Y,N,N,N,N,N,N,N,,,,,N,,,
O20180430001979,4587574355,LIBERTY HEALTHCARE GROUP LLC,8224398789,O,72,ADP OF THE SNF,2025-05-30,,,,,JOHN A MCNEILL JR 2012 IRRV TR,,2334 41ST ST,,WILMINGTON,NC,284035502,,,N,N,N,N,N,N,N,N,N,N,N,,,,Y,Y,TRUST,,
O20180430001979,4587574355,LIBERTY HEALTHCARE GROUP LLC,8224398789,O,86,INDIRECT OWNERSHIP INTEREST,2025-04-29,,,,,JOHN A MCNEILL JR 2012 IRRV TR,,2334 41ST ST,,WILMINGTON,NC,284035502,24,N,N,N,N,N,N,N,N,N,N,N,N,,,,Y,Y,TRUST,N,N
O20180430001979,4587574355,LIBERTY HEALTHCARE GROUP LLC,9830102466,O,72,ADP OF THE SNF,2025-04-29,,,,,OCEAN TRAIL CONVALESCENT CENTER INC.,OCEAN TRAIL HEALTHCARE & REHABILITATION CENTER,623 W MAIN STREET,,YADKINVILLE,NC,270557804,,,Y,N,N,N,N,N,N,N,N,N,N,,,,,N,,,
O20180430001979,4587574355,LIBERTY HEALTHCARE GROUP LLC,9830102466,O,86,INDIRECT OWNERSHIP INTEREST,2025-04-29,,,,,OCEAN TRAIL CONVALESCENT CENTER INC.,OCEAN TRAIL HEALTHCARE & REHABILITATION CENTER,623 W MAIN STREET,,YADKINVILLE,NC,270557804,,Y,Y,N,N,N,N,N,N,N,N,N,N,,,,,N,,N,Y
O20180629001222,4587574355,LIBERTY HEALTHCARE GROUP LLC,1850201625,O,72,ADP OF THE SNF,2025-04-04,,,,,LIBERTY HEALTHCARE MANAGEMENT INC,,2334 41ST ST,,WILMINGTON,NC,284035502,,,Y,N,N,Y,N,N,N,N,N,N,N,,,Y,,N,,,
O20180629001222,4587574355,LIBERTY HEALTHCARE GROUP LLC,4587574355,O,35,5% OR GREATER INDIRECT OWNERSHIP INTEREST,2025-04-04,,,,,LIBERTY HEALTHCARE GROUP LLC,LIBERTY COMMONS NURSING AND REHABILITATION CENTER OF WATAUGA COUNTY,2334 41ST ST,,WILMINGTON,NC,284035502,100,N,N,Y,N,N,N,N,N,N,N,N,N,,,,,N,,N,N
O20180629001222,4587574355,LIBERTY HEALTHCARE GROUP LLC,6305756172,O,34,5% OR GREATER DIRECT OWNERSHIP INTEREST,2025-04-04,,,,,LIBERTY LONG TERM CARE LLC,,2334 41ST ST,,WILMINGTON,NC,284035502,100,N,N,Y,N,N,N,Y,N,N,N,N,N,,,,,N,,N,N
O20180629001222,4587574355,LIBERTY HEALTHCARE GROUP LLC,6901393792,O,72,ADP OF THE SNF,2025-04-04,,,,,LIBERTY HEALTHCARE PROPERTIES OF ORANGE COUNTY LLC,,2334 41ST ST,,WILMINGTON,NC,284035502,,,N,Y,N,N,N,N,N,N,N,N,N,,,,,N,,,
O20180629001222,4587574355,LIBERTY HEALTHCARE GROUP LLC,7416047246,O,34,5% OR GREATER DIRECT OWNERSHIP INTEREST,2011-03-10,,,,,LONG TERM CARE MANAGEMENT SERVICES LLC,,2334 41ST ST,,WILMINGTON,NC,284035502,100,N,N,Y,N,N,N,N,N,N,N,N,N,,,,,N,,N,N
O20180629001222,4587574355,LIBERTY HEALTHCARE GROUP LLC,7416047246,O,72,ADP OF THE SNF,2025-04-04,,,,,LONG TERM CARE MANAGEMENT SERVICES LLC,,2334 41ST ST,,WILMINGTON,NC,284035502,,,N,Y,N,N,N,N,N,N,N,N,N,,,,,N,,,
O20180629001222,4587574355,LIBERTY HEALTHCARE GROUP LLC,8921038001,O,72,ADP OF THE SNF,2025-04-04,,,,,"LIBERTY REAL PROPERTIES, LLC",,2334 41ST ST,,WILMINGTON,NC,284035502,,,N,Y,N,N,N,Y,N,N,N,N,N,,,,,N,,,
O20180907001181,5193075406,SAPPHIRE HEALTH CARE LLC,9537682513,O,72,ADP OF THE SNF,2025-03-24,,,,,,,308 4TH ST NW,,HICKORY,NC,286014920,,,N,Y,N,N,N,N,N,N,N,N,N,,,,,N,,,
O20181011001149,6800148313,WELLMORE OF DANIEL ISLAND LLC,1850643370,O,34,5% OR GREATER DIRECT OWNERSHIP INTEREST,2016-02-10,,,,,WDI PARENT LLC,,3530 TORINGDON WAY,STE 204,CHARLOTTE,NC,282773436,100,Y,N,Y,N,N,N,N,N,N,N,N,N,,,,,N,,,
O20181011001149,6800148313,WELLMORE OF DANIEL ISLAND LLC,9830571207,O,36,5% OR GREATER MORTGAGE INTEREST,2024-05-23,,,,,LIVE OAK BANKING COMPANY,LIVE OAK BANK,1741 TIBURON DR,,WILMINGTON,NC,284036244,,N,N,N,N,N,N,N,N,Y,N,N,N,,,,,N,,N,N
O20181011001149,6800148313,WELLMORE OF DANIEL ISLAND LLC,9830571207,O,72,ADP OF THE SNF,2024-12-19,,,,,LIVE OAK BANKING COMPANY,LIVE OAK BANK,1741 TIBURON DR,,WILMINGTON,NC,284036244,,,N,N,N,N,N,N,N,Y,N,N,N,,,,,N,,,
O20181015000430,0042562365,ACCORDIUS HEALTH AT GASTONIA LLC,5890188775,O,43,OPERATIONAL/MANAGERIAL CONTROL,2021-12-01,,,,,ACCORDIUS HEALTH LLC,,8701 RED OAK BLVD,STE 510,CHARLOTTE,NC,28217,100,,N,Y,N,Y,N,N,N,N,N,Y,N,,,,,N,,,
O20190207001613,6507104098,PEAK RESOURCES - WILMINGTON INC,2567902497,O,34,5% OR GREATER DIRECT OWNERSHIP INTEREST,2022-08-31,,,,,DEBORAH JEAN NUNN MRTL TR - 2023,,101 BAINES CT,,CARY,NC,27511,100,N,N,N,N,N,N,N,N,N,N,Y,N,,,,,Y,TRUST,,N
O20190207001613,6507104098,PEAK RESOURCES - WILMINGTON INC,6305757477,O,43,OPERATIONAL/MANAGERIAL CONTROL,2019-02-01,,,,,PEAK RESOURCES INC,,101 BAINES CT,,CARY,NC,275116625,100,,Y,N,N,Y,N,N,N,N,N,N,N,,,,,N,,,
O20190304001341,9830438183,ACCORDIUS HEALTH AT CHARLOTTE LLC,5890188775,O,43,OPERATIONAL/MANAGERIAL CONTROL,2020-01-01,,,,,ACCORDIUS HEALTH LLC,,8701 RED OAK BLVD,STE 510,CHARLOTTE,NC,28217,100,,N,Y,N,Y,N,N,N,N,N,Y,N,,,,,N,,,
O20190305000861,8123367448,ACCORDIUS HEALTH AT MOORESVILLE LLC,5890188775,O,43,OPERATIONAL/MANAGERIAL CONTROL,2020-01-01,,,,,ACCORDIUS HEALTH LLC,,8701 RED OAK BLVD,STE 510,CHARLOTTE,NC,28217,100,,N,Y,N,Y,N,N,N,N,N,Y,N,,,,,N,,,
O20190418000644,8022359181,GOLDEN AGE OPERATIONS LLC,8022526631,O,72,ADP OF THE SNF,2025-06-09,,,,,,,1 RESORT DR,,ASHEVILLE,NC,288063815,,,Y,N,Y,N,N,N,N,N,N,N,N,,,,,N,,,
O20190424000708,6204178270,INMAN OPERATIONS LLC,5597284364,O,72,ADP OF THE SNF,2025-04-09,,,,,,,1 RESORT DR,,ASHEVILLE,NC,288063815,,,Y,N,Y,N,N,N,N,N,N,N,N,,,,,N,,,
O20190424002200,9032451927,MRC SENIOR LIVING CORPUS CHRISTI,0042701930,O,72,ADP OF THE SNF,2022-01-01,,,,,,,2400 YORKMONT RD,,CHARLOTTE,NC,282174511,,,Y,N,N,N,N,N,N,N,N,N,N,,,,,N,,,
O20190517001377,6204179070,LARCHWOOD CARE LLC,3476738279,O,43,OPERATIONAL/MANAGERIAL CONTROL,2019-05-01,,,,,"WW HEALTHCARE CONSULTANTS, LLC",,PO BOX 1667,,HICKORY,NC,286031667,,,N,Y,N,Y,N,N,N,N,Y,Y,N,,,,,N,,,
O20190517001377,6204179070,LARCHWOOD CARE LLC,3678806023,O,34,5% OR GREATER DIRECT OWNERSHIP INTEREST,2019-05-01,,,,,LARCHWOOD INVESTORS LLC,,421 32ND AVENUE DR NW,,HICKORY,NC,286011043,90,N,N,Y,N,N,N,Y,N,N,N,N,N,,,,,N,,,
O20190719000280,7113253717,PEAK RESOURCES - BROOKSHIRE INC,0244682433,O,34,5% OR GREATER DIRECT OWNERSHIP INTEREST,2023-05-01,,,,,HAROLD P NUNN TR,,101 BAINES CT,,CARY,NC,275116625,100,N,N,N,N,N,N,N,N,N,N,N,N,,,,,Y,TRUST,,N
O20190719000280,7113253717,PEAK RESOURCES - BROOKSHIRE INC,6305757477,O,43,OPERATIONAL/MANAGERIAL CONTROL,2019-08-01,,,,,PEAK RESOURCES INC,,101 BAINES CT,,CARY,NC,275116625,100,,Y,N,N,N,N,N,N,N,N,N,N,,,,,N,,,
O20190719000425,2365778974,WILDEWOOD RETIREMENT LLC,9537689971,O,43,OPERATIONAL/MANAGERIAL CONTROL,2019-06-25,,,,,"MAXWELL GROUP, INC.",,3530 TORINGDON WAY,STE 204,CHARLOTTE,NC,282773436,,,N,N,N,Y,N,N,N,N,N,N,N,,,,,N,,,
O20190719000425,2365778974,WILDEWOOD RETIREMENT LLC,9537689971,O,72,ADP OF THE SNF,2025-02-02,,,,,"MAXWELL GROUP, INC.",,3530 TORINGDON WAY,STE 204,CHARLOTTE,NC,282773436,,,N,N,N,Y,N,N,N,N,N,N,N,,,,,N,,,
O20190809000913,6002143336,ALPINE HEALTH AND REHABILITATION OF ASHEBORO,1951638295,O,34,5% OR GREATER DIRECT OWNERSHIP INTEREST,2019-07-01,,,,,ALPINE HEALTHCARE MANAGEMENT LLC,,101 STEVENS MEMORIAL PLACE,,GOLDSBORO,NC,275342372,100,Y,N,Y,N,Y,N,N,N,N,N,Y,N,,,,,N,,,
O20190809000913,6002143336,ALPINE HEALTH AND REHABILITATION OF ASHEBORO,1951638295,O,43,OPERATIONAL/MANAGERIAL CONTROL,2019-07-01,,,,,ALPINE HEALTHCARE MANAGEMENT LLC,,101 STEVENS MEMORIAL PLACE,,GOLDSBORO,NC,275342372,100,,N,Y,N,Y,N,N,N,N,N,Y,N,,,,,N,,,
O20190809000913,6002143336,ALPINE HEALTH AND REHABILITATION OF ASHEBORO,6002143336,O,34,5% OR GREATER DIRECT OWNERSHIP INTEREST,2019-07-01,,,,,ALPINE HEALTH AND REHABILITATION OF ASHEBORO,,230 E PERSNELL ST,,ASHEBORO,NC,272034743,100,Y,N,Y,N,N,N,N,N,N,N,N,N,,,,,N,,,
O20190827000849,4284962499,"SAINT CLOUD SD SKILLED NURSING FACILITY, LLC",9335631274,O,37,5% OR GREATER SECURITY INTEREST,2022-04-01,,,,,TRUIST BANK,,214 N TRYON ST,FL 46,CHARLOTTE,NC,282021078,100,N,N,N,N,N,N,N,N,Y,N,N,N,,,,,N,,N,N
O20190827000849,4284962499,"SAINT CLOUD SD SKILLED NURSING FACILITY, LLC",9335631274,O,43,OPERATIONAL/MANAGERIAL CONTROL,2022-04-01,,,,,TRUIST BANK,,214 N TRYON ST,FL 46,CHARLOTTE,NC,282021078,,,N,N,N,N,N,N,N,Y,N,N,N,,,,,N,,,
O20190827001390,7911235130,"WATERTOWN SD SKILLED NURSING FACILITY, LLC",9335631274,O,37,5% OR GREATER SECURITY INTEREST,2022-04-01,,,,,TRUIST BANK,,214 N TRYON ST,FL 46,CHARLOTTE,NC,28202,100,N,N,N,N,N,N,N,N,Y,N,N,N,,,,,N,,N,N
O20190827001390,7911235130,"WATERTOWN SD SKILLED NURSING FACILITY, LLC",9335631274,O,43,OPERATIONAL/MANAGERIAL CONTROL,2022-04-01,,,,,TRUIST BANK,,214 N TRYON ST,FL 46,CHARLOTTE,NC,28202,,,N,N,N,N,N,N,N,Y,N,N,N,,,,,N,,,
O20190827002851,1658609706,MOUNTAIN VIEW SD SKILLED NURSING FACILITY LLC,9335631274,O,37,5% OR GREATER SECURITY INTEREST,2022-04-01,,,,,TRUIST BANK,,214 N TRYON ST,FL 46,CHARLOTTE,NC,282021078,100,N,N,N,N,N,N,N,N,Y,N,N,N,,,,,N,,N,N
O20190827002851,1658609706,MOUNTAIN VIEW SD SKILLED NURSING FACILITY LLC,9335631274,O,43,OPERATIONAL/MANAGERIAL CONTROL,2022-04-01,,,,,TRUIST BANK,,214 N TRYON ST,FL 46,CHARLOTTE,NC,282021078,,,N,N,N,N,N,N,N,Y,N,N,N,,,,,N,,,
O20190827003655,0941538003,"PIERRE SD SKILLED NURSING FACILITY, LLC",9335631274,O,37,5% OR GREATER SECURITY INTEREST,2022-04-01,,,,,TRUIST BANK,,214 N TRYON ST,FL 46,CHARLOTTE,NC,282021078,100,N,N,N,N,N,N,N,N,Y,N,N,N,,,,,N,,N,N
O20190827003655,0941538003,"PIERRE SD SKILLED NURSING FACILITY, LLC",9335631274,O,43,OPERATIONAL/MANAGERIAL CONTROL,2022-04-01,,,,,TRUIST BANK,,214 N TRYON ST,FL 46,CHARLOTTE,NC,282021078,,,N,N,N,N,N,N,N,Y,N,N,N,,,,,N,,,
O20190828002589,8628306651,"LAKE NORDEN SD SKILLED NURSING FACILITY, LLC",9335631274,O,37,5% OR GREATER SECURITY INTEREST,2022-04-01,,,,,TRUIST BANK,,214 N TRYON ST,FL 46,CHARLOTTE,NC,282021078,100,N,N,N,N,N,N,N,N,Y,N,N,N,,,,,N,,N,N
O20190828002589,8628306651,"LAKE NORDEN SD SKILLED NURSING FACILITY, LLC",9335631274,O,43,OPERATIONAL/MANAGERIAL CONTROL,2022-04-01,,,,,TRUIST BANK,,214 N TRYON ST,FL 46,CHARLOTTE,NC,282021078,,,N,N,N,N,N,N,N,Y,N,N,N,,,,,N,,,
O20190828003995,9032447099,ARROWHEAD SD SKILLED NURSING FACILITY LLC,6709306079,O,37,5% OR GREATER SECURITY INTEREST,2022-04-01,,,,,TRUIST BANK,,214 N TRYON ST,FL 46,CHARLOTTE,NC,282021078,100,N,N,N,N,N,N,N,N,Y,N,N,N,,,,,N,,N,N
O20190828003995,9032447099,ARROWHEAD SD SKILLED NURSING FACILITY LLC,6709306079,O,43,OPERATIONAL/MANAGERIAL CONTROL,2022-04-01,,,,,TRUIST BANK,,214 N TRYON ST,FL 46,CHARLOTTE,NC,282021078,,,N,N,N,N,N,N,N,Y,N,N,N,,,,,N,,,
O20190829001762,9739417734,"MILBANK SD SKILLED NURSING FACILITY, LLC",9335631274,O,37,5% OR GREATER SECURITY INTEREST,2022-04-01,,,,,TRUIST BANK,,214 N TRYON ST,,CHARLOTTE,NC,282021078,100,N,N,N,N,N,N,N,N,Y,N,N,N,,,,,N,,N,N
O20190829001762,9739417734,"MILBANK SD SKILLED NURSING FACILITY, LLC",9335631274,O,43,OPERATIONAL/MANAGERIAL CONTROL,2022-04-01,,,,,TRUIST BANK,,214 N TRYON ST,,CHARLOTTE,NC,282021078,,,N,N,N,N,N,N,N,Y,N,N,N,,,,,N,,,
O20190912002085,3274862412,ML BERMUDA VILLAGE LLC,4183954811,O,34,5% OR GREATER DIRECT OWNERSHIP INTEREST,2019-07-01,,,,,MONTAGE LIVING,,2410 DUNAVANT ST,,CHARLOTTE,NC,282035032,100,N,Y,N,N,N,N,N,N,N,N,N,Y,,,,,N,,,
O20191003000837,2062320393,CHEROKEE INDIAN HOSPITAL AUTHORITY,2062320393,O,43,OPERATIONAL/MANAGERIAL CONTROL,2019-10-01,,,,,CHEROKEE INDIAN HOSPITAL AUTHORITY,CIHA MAT CLINIC,1 HOSPITAL RD,,CHEROKEE,NC,287199253,0,,N,N,N,N,N,N,N,N,N,N,N,,,,,Y,TRIBAL ENTITY,,
O20191016001352,9931430303,PELICAN HEALTH AT CHARLOTTE LLC,5890188775,O,43,OPERATIONAL/MANAGERIAL CONTROL,2021-12-01,,,,,ACCORDIUS HEALTH LLC,,8701 RED OAK BLVD,STE 510,CHARLOTTE,NC,282173988,100,,N,Y,N,N,N,N,N,N,N,Y,N,,,,,Y,CHAIN HOME OFFICE,,
O20191024000640,9436481447,LAUREATE TERRACE OPERATIONS LLC,0042542052,O,34,5% OR GREATER DIRECT OWNERSHIP INTEREST,2019-08-30,,,,,LAUREATE CHICAGOLAND HOLDINGS LLC,,13024 BALLANTYNE CORPORATE PL,STE 425,CHARLOTTE,NC,282774420,99,Y,N,N,N,N,N,N,N,N,N,N,N,,,,,N,,,
O20191025000557,5193057065,LAUREATE CHICAGO OPERATIONS LLC,0042542052,O,34,5% OR GREATER DIRECT OWNERSHIP INTEREST,2019-08-30,,,,,LAUREATE CHICAGOLAND HOLDINGS LLC,,13024 BALLANTYNE CORPORATE PL,STE 425,CHARLOTTE,NC,282774420,99.9,Y,N,Y,N,N,N,N,N,N,N,N,N,,,,,N,,,
O20191219000806,4082048384,NSH KEWAUNEE LLC,5698284966,O,43,OPERATIONAL/MANAGERIAL CONTROL,2025-03-01,,,,,CONTINUUM THERAPY PARTNERS LLC,,6000 FAIRVIEW RD,STE 537,CHARLOTTE,NC,282102204,,,N,Y,N,Y,N,N,N,N,N,N,N,,,,,Y,THERAPY COMPANY,,
O20191219000806,4082048384,NSH KEWAUNEE LLC,5698284966,O,72,ADP OF THE SNF,2025-06-06,,,,,CONTINUUM THERAPY PARTNERS LLC,,6000 FAIRVIEW RD,STE 537,CHARLOTTE,NC,282102204,,,N,Y,N,Y,N,N,N,N,N,N,N,,,,,Y,THERAPY COMPANY,,
O20191219002855,7113351461,NSH TWO RIVERS LLC,5698284966,O,43,OPERATIONAL/MANAGERIAL CONTROL,2025-03-01,,,,,CONTINUUM THERAPY PARTNERS LLC,,6000 FAIRVIEW RD,STE 537,CHARLOTTE,NC,282102204,,,N,Y,N,N,N,N,N,N,N,N,N,,,,,N,,,
O20191219002855,7113351461,NSH TWO RIVERS LLC,5698284966,O,72,ADP OF THE SNF,2025-05-23,,,,,CONTINUUM THERAPY PARTNERS LLC,,6000 FAIRVIEW RD,STE 537,CHARLOTTE,NC,282102204,,,N,Y,N,N,N,N,N,N,N,N,N,,,,,N,,,
O20191219003014,1355775602,NSH NEW HOLSTEIN-MONROE LLC,5698284966,O,43,OPERATIONAL/MANAGERIAL CONTROL,2025-03-01,,,,,CONTINUUM THERAPY PARTNERS LLC,,6000 FAIRVIEW RD,STE 537,CHARLOTTE,NC,282102204,,,N,Y,N,Y,N,N,N,N,N,N,N,,,,,Y,THERAPY COMPANY,,
O20191219003014,1355775602,NSH NEW HOLSTEIN-MONROE LLC,5698284966,O,72,ADP OF THE SNF,2025-06-06,,,,,CONTINUUM THERAPY PARTNERS LLC,,6000 FAIRVIEW RD,STE 537,CHARLOTTE,NC,282102204,,,N,Y,N,Y,N,N,N,N,N,N,N,,,,,Y,THERAPY COMPANY,,
O20191220001208,2466886635,NSH SHAWANO-BIRCH LLC,5698284966,O,43,OPERATIONAL/MANAGERIAL CONTROL,2025-03-01,,,,,CONTINUUM THERAPY PARTNERS LLC,,6000 FAIRVIEW RD,STE 537,CHARLOTTE,NC,282102204,,,N,Y,N,N,N,N,N,N,N,N,N,,,,,N,,,
O20191220001208,2466886635,NSH SHAWANO-BIRCH LLC,5698284966,O,72,ADP OF THE SNF,2025-05-23,,,,,CONTINUUM THERAPY PARTNERS LLC,,6000 FAIRVIEW RD,STE 537,CHARLOTTE,NC,282102204,,,N,Y,N,N,N,N,N,N,N,N,N,,,,,N,,,
O20191220001229,9739513912,NSH PLYMOUTH LLC,5698284966,O,43,OPERATIONAL/MANAGERIAL CONTROL,2025-03-01,,,,,CONTINUUM THERAPY PARTNERS LLC,,6000 FAIRVIEW RD,STE 537,CHARLOTTE,NC,282102204,,,N,Y,N,Y,N,N,N,N,N,N,N,,,,,Y,THERAPY COMPANY,,
O20191220001229,9739513912,NSH PLYMOUTH LLC,5698284966,O,72,ADP OF THE SNF,2025-06-09,,,,,CONTINUUM THERAPY PARTNERS LLC,,6000 FAIRVIEW RD,STE 537,CHARLOTTE,NC,282102204,,,N,Y,N,Y,N,N,N,N,N,N,N,,,,,Y,THERAPY COMPANY,,
O20191223000254,6103250337,NSH MARSHFIELD LLC,5698284966,O,43,OPERATIONAL/MANAGERIAL CONTROL,2025-03-01,,,,,CONTINUUM THERAPY PARTNERS LLC,,6000 FAIRVIEW RD,,CHARLOTTE,NC,282102224,,,N,Y,N,Y,N,N,N,N,N,N,N,,,,,Y,THERAPY COMPANY,,
O20191223000254,6103250337,NSH MARSHFIELD LLC,5698284966,O,72,ADP OF THE SNF,2025-06-09,,,,,CONTINUUM THERAPY PARTNERS LLC,,6000 FAIRVIEW RD,,CHARLOTTE,NC,282102224,,,N,Y,N,Y,N,N,N,N,N,N,N,,,,,Y,THERAPY COMPANY,,
O20191223000409,6709210933,NSH ELLSWORTH LLC,5698284966,O,43,OPERATIONAL/MANAGERIAL CONTROL,2025-03-01,,,,,CONTINUUM THERAPY PARTNERS LLC,,6000 FAIRVIEW RD,,CHARLOTTE,NC,282102224,,,N,Y,N,N,N,N,N,N,N,N,N,,,,,N,,,
O20191223000409,6709210933,NSH ELLSWORTH LLC,5698284966,O,72,ADP OF THE SNF,2025-05-23,,,,,CONTINUUM THERAPY PARTNERS LLC,,6000 FAIRVIEW RD,,CHARLOTTE,NC,282102224,,,N,Y,N,N,N,N,N,N,N,N,N,,,,,N,,,
O20191223000783,4183058324,NSH SHAWANO-EVERGREEN LLC,5698284966,O,43,OPERATIONAL/MANAGERIAL CONTROL,2025-03-01,,,,,CONTINUUM THERAPY PARTNERS LLC,,6000 FAIRVIEW RD,STE 537,CHARLOTTE,NC,282102204,,,N,Y,N,N,N,N,N,N,N,N,N,,,,,N,,,
O20191223000783,4183058324,NSH SHAWANO-EVERGREEN LLC,5698284966,O,72,ADP OF THE SNF,2025-05-23,,,,,CONTINUUM THERAPY PARTNERS LLC,,6000 FAIRVIEW RD,STE 537,CHARLOTTE,NC,282102204,,,N,Y,N,N,N,N,N,N,N,N,N,,,,,N,,,
O20191223001004,0244664498,NSH LANCASTER LLC,5698284966,O,43,OPERATIONAL/MANAGERIAL CONTROL,2025-03-01,,,,,CONTINUUM THERAPY PARTNERS LLC,,6000 FAIRVIEW RD,STE 537,CHARLOTTE,NC,282102204,,,N,Y,N,Y,N,N,N,N,N,N,N,,,,,N,,,
O20191223001004,0244664498,NSH LANCASTER LLC,5698284966,O,72,ADP OF THE SNF,2025-06-06,,,,,CONTINUUM THERAPY PARTNERS LLC,,6000 FAIRVIEW RD,STE 537,CHARLOTTE,NC,282102204,,,N,Y,N,Y,N,N,N,N,N,N,N,,,,,N,,,
O20191224000227,0345674420,NSH MINERAL POINT LLC,5698284966,O,43,OPERATIONAL/MANAGERIAL CONTROL,2025-03-01,,,,,CONTINUUM THERAPY PARTNERS LLC,,6000 FAIRVIEW RD,,CHARLOTTE,NC,282102224,,,N,Y,N,Y,N,N,N,N,N,N,N,,,,,Y,THERAPY,,
O20191224000227,0345674420,NSH MINERAL POINT LLC,5698284966,O,72,ADP OF THE SNF,2025-06-09,,,,,CONTINUUM THERAPY PARTNERS LLC,,6000 FAIRVIEW RD,,CHARLOTTE,NC,282102224,,,N,Y,N,Y,N,N,N,N,N,N,N,,,,,Y,THERAPY,,
O20200103000721,5294169082,NSH WISCONSIN RAPIDS LLC,5698284966,O,43,OPERATIONAL/MANAGERIAL CONTROL,2025-03-01,,,,,CONTINUUM THERAPY PARTNERS LLC,,6000 FAIRVIEW RD,STE 537,CHARLOTTE,NC,282102204,,,N,Y,N,Y,N,N,N,N,N,N,N,,,,,Y,THERAPY,,
O20200103000721,5294169082,NSH WISCONSIN RAPIDS LLC,5698284966,O,72,ADP OF THE SNF,2025-06-09,,,,,CONTINUUM THERAPY PARTNERS LLC,,6000 FAIRVIEW RD,STE 537,CHARLOTTE,NC,282102204,,,N,Y,N,Y,N,N,N,N,N,N,N,,,,,Y,THERAPY,,
O20200103000726,9739513524,NSH MENOMINEE LLC,5698284966,O,43,OPERATIONAL/MANAGERIAL CONTROL,2025-02-01,,,,,CONTINUUM THERAPY PARTNERS LLC,,6000 FAIRVIEW RD,STE 537,CHARLOTTE,NC,282102204,,,N,Y,N,N,N,N,N,N,N,N,N,,,,,Y,THERAPY COMPANY,,
O20200103000726,9739513524,NSH MENOMINEE LLC,5698284966,O,72,ADP OF THE SNF,2025-12-22,,,,,CONTINUUM THERAPY PARTNERS LLC,,6000 FAIRVIEW RD,STE 537,CHARLOTTE,NC,282102204,,,N,Y,N,N,N,N,N,N,N,N,N,,,,,Y,THERAPY COMPANY,,
O20200110000691,9537594056,ORION WEST SALEM LLC,3375801350,O,72,ADP OF THE SNF,2021-09-01,,,,,BROAD RIVER REHABILITATION,"BROAD RIVER REHABILITATION, LLC",1 POND ST,,ARDEN,NC,287048500,,,N,Y,Y,Y,N,N,N,N,N,N,N,,,,,N,,,
O20200114003194,1951736248,NSH STEVENS POINT LLC,5698284966,O,43,OPERATIONAL/MANAGERIAL CONTROL,2025-03-01,,,,,CONTINUUM THERAPY PARTNERS LLC,,6000 FAIRVIEW RD,STE 537,CHARLOTTE,NC,282102204,,,N,Y,N,Y,N,N,N,N,N,N,N,,,,,Y,THERAPY,,
O20200114003194,1951736248,NSH STEVENS POINT LLC,5698284966,O,72,ADP OF THE SNF,2025-06-09,,,,,CONTINUUM THERAPY PARTNERS LLC,,6000 FAIRVIEW RD,STE 537,CHARLOTTE,NC,282102204,,,N,Y,N,Y,N,N,N,N,N,N,N,,,,,Y,THERAPY,,
O20200128001658,9436585130,PELICAN HEALTH RANDOLPH LLC,5890188775,O,43,OPERATIONAL/MANAGERIAL CONTROL,2020-01-01,,,,,ACCORDIUS HEALTH LLC,,8701 RED OAK BLVD,STE 510,CHARLOTTE,NC,28217,100,,N,Y,N,Y,N,N,N,N,N,Y,N,,,,,N,,,
O20200130002494,9436585007,ACCORDIUS HEALTH AT CONCORD LLC,5890188775,O,43,OPERATIONAL/MANAGERIAL CONTROL,2020-01-01,,,,,ACCORDIUS HEALTH LLC,,8701 RED OAK BLVD,STE 510,CHARLOTTE,NC,28217,100,,N,Y,N,N,N,N,N,N,N,Y,N,,,,,Y,CHAIN HOME OFFICE,,
O20200130002650,2860828431,ACCORDIUS HEALTH AT WILKESBORO LLC,5890188775,O,43,OPERATIONAL/MANAGERIAL CONTROL,2021-12-01,,,,,ACCORDIUS HEALTH LLC,,8701 RED OAK BLVD,STE 510,CHARLOTTE,NC,28217,100,,N,Y,N,Y,N,N,N,N,N,Y,N,,,,,N,,,
O20200214001683,4587574355,LIBERTY HEALTHCARE GROUP LLC,2961762422,O,35,5% OR GREATER INDIRECT OWNERSHIP INTEREST,2019-10-01,,,,,RONALD B. AND CYNTHIA J. MCNEILL 2013 IRREVOCABLE TRUST,,2334 41ST ST,,WILMINGTON,NC,284035502,24,,N,N,N,N,N,N,N,N,N,N,N,,,,,Y,TRUST,,
O20200214001683,4587574355,LIBERTY HEALTHCARE GROUP LLC,4587574355,O,34,5% OR GREATER DIRECT OWNERSHIP INTEREST,2019-10-01,,,,,LIBERTY HEALTHCARE GROUP LLC,LIBERTY COMMONS NURSING AND REHABILITATION CENTER OF WATAUGA COUNTY,2334 41ST ST,,WILMINGTON,NC,284035502,100,N,N,Y,N,N,N,N,N,N,N,Y,N,,,,,N,,,
O20200214001683,4587574355,LIBERTY HEALTHCARE GROUP LLC,7416047246,O,43,OPERATIONAL/MANAGERIAL CONTROL,2019-10-01,,,,,LONG TERM CARE MANAGEMENT SERVICES LLC,,2334 41ST ST,,WILMINGTON,NC,284035502,100,,N,Y,N,N,N,N,N,N,N,N,N,,,,,N,,,
O20200214001683,4587574355,LIBERTY HEALTHCARE GROUP LLC,8224398789,O,35,5% OR GREATER INDIRECT OWNERSHIP INTEREST,2019-10-01,,,,,JOHN A MCNEILL JR 2012 IRRV TR,,2334 41ST ST,,WILMINGTON,NC,284035502,24,N,N,N,N,N,N,N,N,N,N,N,N,,,,,Y,TRUST,,
O20200317000344,4587574355,LIBERTY HEALTHCARE GROUP LLC,2961762422,O,35,5% OR GREATER INDIRECT OWNERSHIP INTEREST,2020-02-01,,,,,RONALD B. AND CYNTHIA J. MCNEILL 2013 IRREVOCABLE TRUST,,2334 41ST ST,,WILMINGTON,NC,284035502,24,N,N,N,N,N,N,N,N,N,N,N,N,,,,,Y,TRUST,,
O20200317000344,4587574355,LIBERTY HEALTHCARE GROUP LLC,4587574355,O,34,5% OR GREATER DIRECT OWNERSHIP INTEREST,2020-02-01,,,,,LIBERTY HEALTHCARE GROUP LLC,LIBERTY COMMONS NURSING AND REHABILITATION CENTER OF WATAUGA COUNTY,2334 41ST ST,,WILMINGTON,NC,284035502,100,N,N,Y,N,N,N,N,N,N,N,Y,N,,,,,N,,,
O20200317000344,4587574355,LIBERTY HEALTHCARE GROUP LLC,7416047246,O,43,OPERATIONAL/MANAGERIAL CONTROL,2020-02-01,,,,,LONG TERM CARE MANAGEMENT SERVICES LLC,,2334 41ST ST,,WILMINGTON,NC,284035502,100,,N,Y,N,N,N,N,N,N,N,N,N,,,,,N,,,
O20200317000344,4587574355,LIBERTY HEALTHCARE GROUP LLC,8224398789,O,35,5% OR GREATER INDIRECT OWNERSHIP INTEREST,2020-02-01,,,,,JOHN A MCNEILL JR 2012 IRRV TR,,2334 41ST ST,,WILMINGTON,NC,284035502,24,N,N,N,N,N,N,N,N,N,N,N,N,,,,,Y,TRUST,,
O20200317001554,4587574355,LIBERTY HEALTHCARE GROUP LLC,1456306117,O,36,5% OR GREATER MORTGAGE INTEREST,2025-06-25,,,,,"TRIAD MEDICAL SERVICES, INC.",,2334 41ST ST,,WILMINGTON,NC,284035502,100,Y,Y,N,N,Y,N,N,N,N,N,N,N,,,,,N,,N,Y
O20200317001554,4587574355,LIBERTY HEALTHCARE GROUP LLC,2961762422,O,35,5% OR GREATER INDIRECT OWNERSHIP INTEREST,2020-02-01,,,,,RONALD B. AND CYNTHIA J. MCNEILL 2013 IRREVOCABLE TRUST,,2334 41ST ST,,WILMINGTON,NC,284035502,24,N,N,N,N,N,N,N,N,N,N,N,N,,,,Y,N,,N,N
O20200317001554,4587574355,LIBERTY HEALTHCARE GROUP LLC,4587574355,O,34,5% OR GREATER DIRECT OWNERSHIP INTEREST,2020-02-01,,,,,LIBERTY HEALTHCARE GROUP LLC,LIBERTY COMMONS NURSING AND REHABILITATION CENTER OF WATAUGA COUNTY,2334 41ST ST,,WILMINGTON,NC,284035502,100,N,N,Y,N,N,N,N,N,N,N,N,N,,,,,N,,,
O20200317001554,4587574355,LIBERTY HEALTHCARE GROUP LLC,5193770857,O,36,5% OR GREATER MORTGAGE INTEREST,2025-06-25,,,,,"YADKIN NURSING CARE CENTER, INC.",,2334 41ST ST,,WILMINGTON,NC,284035502,100,Y,Y,N,N,N,N,N,N,N,N,N,N,,,,,N,,N,Y
O20200317001554,4587574355,LIBERTY HEALTHCARE GROUP LLC,6305756172,O,34,5% OR GREATER DIRECT OWNERSHIP INTEREST,2025-06-25,,,,,LIBERTY LONG TERM CARE LLC,,2334 41ST ST,,WILMINGTON,NC,284035502,100,N,N,Y,N,N,N,Y,N,N,N,N,N,,,,,N,,N,Y
O20200317001554,4587574355,LIBERTY HEALTHCARE GROUP LLC,7416047246,O,43,OPERATIONAL/MANAGERIAL CONTROL,2025-06-25,,,,,LONG TERM CARE MANAGEMENT SERVICES LLC,,2334 41ST ST,,WILMINGTON,NC,284035502,,,N,Y,N,Y,N,N,N,N,N,N,N,,,,,N,,,
O20200317001554,4587574355,LIBERTY HEALTHCARE GROUP LLC,8224398789,O,35,5% OR GREATER INDIRECT OWNERSHIP INTEREST,2025-06-25,,,,,JOHN A MCNEILL JR 2012 IRRV TR,,2334 41ST ST,,WILMINGTON,NC,284035502,24,N,N,N,N,N,N,N,N,N,N,N,N,,Y,,Y,N,,N,N
O20200318002370,4587574355,LIBERTY HEALTHCARE GROUP LLC,1850201625,O,72,ADP OF THE SNF,2025-04-04,,,,,LIBERTY HEALTHCARE MANAGEMENT INC,,2334 41ST ST,,WILMINGTON,NC,284035502,,,Y,N,N,Y,N,N,N,N,N,N,N,,,Y,,N,,,
O20200318002370,4587574355,LIBERTY HEALTHCARE GROUP LLC,2860911682,O,35,5% OR GREATER INDIRECT OWNERSHIP INTEREST,2025-04-04,,,,,JOHN A MCNEILL JR 2014 IRREVOCABLE TRUST,,2334 41ST ST,,WILMINGTON,NC,284035502,50,N,N,N,N,N,N,N,N,N,N,N,N,,,,Y,N,,N,N
O20200318002370,4587574355,LIBERTY HEALTHCARE GROUP LLC,2860911682,O,72,ADP OF THE SNF,2025-04-04,,,,,JOHN A MCNEILL JR 2014 IRREVOCABLE TRUST,,2334 41ST ST,,WILMINGTON,NC,284035502,,,N,N,N,N,N,N,N,N,N,N,N,,,,Y,N,,,
O20200318002370,4587574355,LIBERTY HEALTHCARE GROUP LLC,2860928223,O,72,ADP OF THE SNF,2024-09-05,,,,,LIBERTY REAL PROPERTIES II LLC,,2334 41ST ST,,WILMINGTON,NC,284035502,,,N,Y,N,N,N,Y,N,N,N,N,N,,,,,N,,,
O20200318002370,4587574355,LIBERTY HEALTHCARE GROUP LLC,2961762422,O,35,5% OR GREATER INDIRECT OWNERSHIP INTEREST,2025-04-04,,,,,RONALD B. AND CYNTHIA J. MCNEILL 2013 IRREVOCABLE TRUST,,2334 41ST ST,,WILMINGTON,NC,284035502,24,N,N,N,N,N,N,N,N,N,N,N,N,,,,,N,,N,N
O20200318002370,4587574355,LIBERTY HEALTHCARE GROUP LLC,4587183306,O,72,ADP OF THE SNF,2025-04-04,,,,,RONALD B AND CYNTHIA J MCNEIL 2014 IRREVOCABLE TRUST,,2334 41ST ST,,WILMINGTON,NC,284035502,,,N,N,N,N,N,N,N,N,N,N,N,,,,Y,N,,,
O20200318002370,4587574355,LIBERTY HEALTHCARE GROUP LLC,4587574355,O,35,5% OR GREATER INDIRECT OWNERSHIP INTEREST,2025-04-04,,,,,LIBERTY HEALTHCARE GROUP LLC,LIBERTY COMMONS NURSING AND REHABILITATION CENTER OF WATAUGA COUNTY,2334 41ST ST,,WILMINGTON,NC,284035502,100,N,N,Y,N,N,N,N,N,N,N,N,N,,,,,N,,N,N
O20200318002370,4587574355,LIBERTY HEALTHCARE GROUP LLC,6305756172,O,34,5% OR GREATER DIRECT OWNERSHIP INTEREST,2025-04-04,,,,,LIBERTY LONG TERM CARE LLC,,2334 41ST ST,,WILMINGTON,NC,284035502,100,N,N,Y,N,N,N,Y,N,N,N,N,N,,,,,N,,N,Y
O20200318002370,4587574355,LIBERTY HEALTHCARE GROUP LLC,7416047246,O,43,OPERATIONAL/MANAGERIAL CONTROL,2025-04-04,,,,,LONG TERM CARE MANAGEMENT SERVICES LLC,,2334 41ST ST,,WILMINGTON,NC,284035502,,,N,Y,N,Y,N,N,N,N,N,N,N,,,,,N,,,
O20200318002370,4587574355,LIBERTY HEALTHCARE GROUP LLC,7416047246,O,72,ADP OF THE SNF,2025-04-04,,,,,LONG TERM CARE MANAGEMENT SERVICES LLC,,2334 41ST ST,,WILMINGTON,NC,284035502,,,N,Y,N,Y,N,N,N,N,N,N,N,,,,,N,,,
O20200318002370,4587574355,LIBERTY HEALTHCARE GROUP LLC,8224398789,O,35,5% OR GREATER INDIRECT OWNERSHIP INTEREST,2025-04-04,,,,,JOHN A MCNEILL JR 2012 IRRV TR,,2334 41ST ST,,WILMINGTON,NC,284035502,24,N,N,N,N,N,N,N,N,N,N,N,N,,,,,Y,TRUST,N,Y
O20200318002370,4587574355,LIBERTY HEALTHCARE GROUP LLC,8820581168,O,72,ADP OF THE SNF,2025-04-04,,,,,"LIBERTY HEALTHCARE PROPERTIES OF MOORE COUNTY, LLC",,2334 S. 41ST STREET,,WILMINGTON,NC,28403,,,N,Y,N,N,N,N,N,N,N,N,N,,,,,N,,,
O20200321000039,4587574355,LIBERTY HEALTHCARE GROUP LLC,2961762422,O,35,5% OR GREATER INDIRECT OWNERSHIP INTEREST,2020-02-01,,,,,RONALD B. AND CYNTHIA J. MCNEILL 2013 IRREVOCABLE TRUST,,2334 41ST ST,,WILMINGTON,NC,284035502,24,,N,N,N,N,N,N,N,N,N,N,N,,,,,Y,TRUST,,
O20200321000039,4587574355,LIBERTY HEALTHCARE GROUP LLC,4587574355,O,34,5% OR GREATER DIRECT OWNERSHIP INTEREST,2020-02-01,,,,,LIBERTY HEALTHCARE GROUP LLC,LIBERTY COMMONS NURSING AND REHABILITATION CENTER OF WATAUGA COUNTY,2334 41ST ST,,WILMINGTON,NC,284035502,100,N,N,Y,N,N,N,N,N,N,N,N,N,,,,,N,,,
O20200321000039,4587574355,LIBERTY HEALTHCARE GROUP LLC,7416047246,O,43,OPERATIONAL/MANAGERIAL CONTROL,2020-02-01,,,,,LONG TERM CARE MANAGEMENT SERVICES LLC,,2334 41ST ST,,WILMINGTON,NC,284035502,100,,N,Y,N,N,N,N,N,N,N,N,N,,,,,N,,,
O20200321000039,4587574355,LIBERTY HEALTHCARE GROUP LLC,8224398789,O,35,5% OR GREATER INDIRECT OWNERSHIP INTEREST,2020-02-01,,,,,JOHN A MCNEILL JR 2012 IRRV TR,,2334 41ST ST,,WILMINGTON,NC,284035502,24,,N,N,N,N,N,N,N,N,N,N,N,,,,,Y,TRUST,,
O20200322000048,4587574355,LIBERTY HEALTHCARE GROUP LLC,1850201625,O,72,ADP OF THE SNF,2025-03-31,,,,,LIBERTY HEALTHCARE MANAGEMENT INC,,2334 41ST ST,,WILMINGTON,NC,284035502,,,Y,N,N,Y,N,N,N,N,N,Y,N,,,Y,,N,,,
O20200322000048,4587574355,LIBERTY HEALTHCARE GROUP LLC,2163912841,O,72,ADP OF THE SNF,2025-03-31,,,,,"LIBERTY HEALTHCARE PROPERTIES OF BLADEN COUNTY,LLC",,2334 41ST ST,,WILMINGTON,NC,284035502,,,N,Y,N,N,N,N,N,N,N,Y,N,,,,,N,,,
O20200322000048,4587574355,LIBERTY HEALTHCARE GROUP LLC,2860911682,O,72,ADP OF THE SNF,2025-03-31,,,,,JOHN A MCNEILL JR 2014 IRREVOCABLE TRUST,,2334 41ST ST,,WILMINGTON,NC,284035502,,,N,N,N,N,N,N,N,N,N,Y,N,,,,Y,N,,,
O20200322000048,4587574355,LIBERTY HEALTHCARE GROUP LLC,2860928223,O,72,ADP OF THE SNF,2025-03-31,,,,,LIBERTY REAL PROPERTIES II LLC,,2334 41ST ST,,WILMINGTON,NC,284035502,,,N,Y,N,N,N,Y,N,N,N,Y,N,,,,,N,,,
O20200322000048,4587574355,LIBERTY HEALTHCARE GROUP LLC,2961762422,O,35,5% OR GREATER INDIRECT OWNERSHIP INTEREST,2020-02-01,,,,,RONALD B. AND CYNTHIA J. MCNEILL 2013 IRREVOCABLE TRUST,,2334 41ST ST,,WILMINGTON,NC,284035502,24,N,N,N,N,N,N,N,N,N,N,Y,N,,,,Y,N,,N,N
O20200322000048,4587574355,LIBERTY HEALTHCARE GROUP LLC,2961762422,O,86,INDIRECT OWNERSHIP INTEREST,2025-03-31,,,,,RONALD B. AND CYNTHIA J. MCNEILL 2013 IRREVOCABLE TRUST,,2334 41ST ST,,WILMINGTON,NC,284035502,24,N,N,N,N,N,N,N,N,N,N,Y,N,,,,Y,N,,N,N
O20200322000048,4587574355,LIBERTY HEALTHCARE GROUP LLC,4587183306,O,72,ADP OF THE SNF,2025-03-31,,,,,RONALD B AND CYNTHIA J MCNEIL 2014 IRREVOCABLE TRUST,,2334 41ST ST,,WILMINGTON,NC,284035502,,,N,N,N,N,N,N,N,N,N,Y,N,,,,Y,N,,,
O20200322000048,4587574355,LIBERTY HEALTHCARE GROUP LLC,4587574355,O,35,5% OR GREATER INDIRECT OWNERSHIP INTEREST,2025-03-31,,,,,LIBERTY HEALTHCARE GROUP LLC,LIBERTY COMMONS NURSING AND REHABILITATION CENTER OF WATAUGA COUNTY,2334 41ST ST,,WILMINGTON,NC,284035502,100,N,N,Y,N,N,N,N,N,N,N,Y,N,,,,,N,,Y,Y
O20200322000048,4587574355,LIBERTY HEALTHCARE GROUP LLC,4587574355,O,86,INDIRECT OWNERSHIP INTEREST,2025-03-31,,,,,LIBERTY HEALTHCARE GROUP LLC,LIBERTY COMMONS NURSING AND REHABILITATION CENTER OF WATAUGA COUNTY,2334 41ST ST,,WILMINGTON,NC,284035502,100,Y,N,Y,N,N,N,N,N,N,N,Y,N,,,,,N,,Y,Y
O20200322000048,4587574355,LIBERTY HEALTHCARE GROUP LLC,6305756172,O,34,5% OR GREATER DIRECT OWNERSHIP INTEREST,2025-03-31,,,,,LIBERTY LONG TERM CARE LLC,,2334 41ST ST,,WILMINGTON,NC,284035502,100,N,N,Y,N,N,N,Y,N,N,N,N,N,,,,,N,,N,Y
O20200322000048,4587574355,LIBERTY HEALTHCARE GROUP LLC,6305756172,O,85,DIRECT OWNERSHIP INTEREST,2025-03-31,,,,,LIBERTY LONG TERM CARE LLC,,2334 41ST ST,,WILMINGTON,NC,284035502,100,N,N,Y,N,N,N,Y,N,N,N,N,N,,,,,N,,N,Y
O20200322000048,4587574355,LIBERTY HEALTHCARE GROUP LLC,7416047246,O,72,ADP OF THE SNF,2025-03-31,,,,,LONG TERM CARE MANAGEMENT SERVICES LLC,,2334 41ST ST,,WILMINGTON,NC,284035502,,,N,Y,N,Y,N,N,N,N,N,N,N,,,,,N,,,
O20200322000048,4587574355,LIBERTY HEALTHCARE GROUP LLC,8224398789,O,35,5% OR GREATER INDIRECT OWNERSHIP INTEREST,2020-02-01,,,,,JOHN A MCNEILL JR 2012 IRRV TR,,2334 41ST ST,,WILMINGTON,NC,284035502,24,N,N,N,N,N,N,N,N,N,N,Y,N,,,,Y,N,,N,N
O20200322000048,4587574355,LIBERTY HEALTHCARE GROUP LLC,8224398789,O,86,INDIRECT OWNERSHIP INTEREST,2025-03-31,,,,,JOHN A MCNEILL JR 2012 IRRV TR,,2334 41ST ST,,WILMINGTON,NC,284035502,24,N,N,N,N,N,N,N,N,N,N,Y,N,,,,Y,N,,N,N
O20200323001526,7113355314,"AHSNF, INC.",3375801350,O,43,OPERATIONAL/MANAGERIAL CONTROL,2023-06-01,,,,,BROAD RIVER REHABILITATION,"BROAD RIVER REHABILITATION, LLC",1 POND ST,,ARDEN,NC,287048500,,,N,Y,Y,Y,N,N,N,N,N,Y,N,,,,,N,,,
O20200323001526,7113355314,"AHSNF, INC.",3375801350,O,72,ADP OF THE SNF,2025-05-05,,,,,BROAD RIVER REHABILITATION,"BROAD RIVER REHABILITATION, LLC",1 POND ST,,ARDEN,NC,287048500,,,N,Y,Y,Y,N,N,N,N,N,Y,N,,,,,N,,,
O20200323001526,7113355314,"AHSNF, INC.",5294832598,O,43,OPERATIONAL/MANAGERIAL CONTROL,2020-02-01,,,,,THE CHARLOTTE-MECKLENBURG HOSPITAL AUTHORITY,ATRIUM HEALTH ORAL MEDICINE & MAXILLOFACIAL SURGERY,PO BOX 32861,,CHARLOTTE,NC,282322861,,,N,N,Y,N,N,N,N,N,N,N,Y,,,Y,,Y,NC HOSPITAL AUTHORITY,,
O20200323001526,7113355314,"AHSNF, INC.",5294832598,O,72,ADP OF THE SNF,2025-04-14,,,,,THE CHARLOTTE-MECKLENBURG HOSPITAL AUTHORITY,ATRIUM HEALTH ORAL MEDICINE & MAXILLOFACIAL SURGERY,PO BOX 32861,,CHARLOTTE,NC,282322861,,,N,N,Y,N,N,N,N,N,N,N,Y,,,Y,,Y,NC HOSPITAL AUTHORITY,,
O20200323001526,7113355314,"AHSNF, INC.",7911327374,O,43,OPERATIONAL/MANAGERIAL CONTROL,2020-10-09,,,,,ATRIUM HEALTH INC,,1000 BLYTHE BLVD,,CHARLOTTE,NC,282035812,,,Y,N,N,N,N,N,N,N,N,N,Y,,,,,N,,,
O20200323001526,7113355314,"AHSNF, INC.",7911327374,O,72,ADP OF THE SNF,2025-04-14,,,,,ATRIUM HEALTH INC,,1000 BLYTHE BLVD,,CHARLOTTE,NC,282035812,,,Y,N,N,N,N,N,N,N,N,N,Y,,,,,N,,,
O20200323001526,7113355314,"AHSNF, INC.",7911376843,O,43,OPERATIONAL/MANAGERIAL CONTROL,2022-12-02,,,,,ADVOCATE HEALTH INC,,1000 BLYTHE BLVD,,CHARLOTTE,NC,282035812,,,Y,N,N,N,N,N,N,N,N,N,Y,,,,,N,,,
O20200323001526,7113355314,"AHSNF, INC.",7911376843,O,72,ADP OF THE SNF,2025-04-14,,,,,ADVOCATE HEALTH INC,,1000 BLYTHE BLVD,,CHARLOTTE,NC,282035812,,,Y,N,N,N,N,N,N,N,N,N,Y,,,,,N,,,
O20200327000649,7113355314,"AHSNF, INC.",2961310685,O,72,ADP OF THE SNF,2020-02-01,,,,,THE CHARLOTTE-MECKLENBURG HOSPITAL AUTHORITY,"ATRIUM HEALTH, INC",PO BOX 32861,,CHARLOTTE,NC,282322861,,,N,N,N,N,N,N,N,N,N,N,Y,,,,,N,,,
O20200327000649,7113355314,"AHSNF, INC.",3375801350,O,43,OPERATIONAL/MANAGERIAL CONTROL,2023-06-01,,,,,BROAD RIVER REHABILITATION,"BROAD RIVER REHABILITATION, LLC",1 POND ST,,ARDEN,NC,287048500,,,N,Y,Y,Y,N,N,N,N,N,Y,N,,,,,N,,,
O20200327000649,7113355314,"AHSNF, INC.",3375801350,O,72,ADP OF THE SNF,2025-05-05,,,,,BROAD RIVER REHABILITATION,"BROAD RIVER REHABILITATION, LLC",1 POND ST,,ARDEN,NC,287048500,,,N,Y,Y,Y,N,N,N,N,N,Y,N,,,,,N,,,
O20200327000649,7113355314,"AHSNF, INC.",5294832598,O,43,OPERATIONAL/MANAGERIAL CONTROL,2020-02-01,,,,,THE CHARLOTTE-MECKLENBURG HOSPITAL AUTHORITY,ATRIUM HEALTH ORAL MEDICINE & MAXILLOFACIAL SURGERY,PO BOX 32861,,CHARLOTTE,NC,282322861,,,N,N,Y,N,N,N,N,N,N,N,Y,,,Y,,Y,NORTH CAROLINA HOSPITAL AUTHORITY,,
O20200327000649,7113355314,"AHSNF, INC.",7911327374,O,43,OPERATIONAL/MANAGERIAL CONTROL,2020-10-09,,,,,ATRIUM HEALTH INC,,1000 BLYTHE BLVD,,CHARLOTTE,NC,282035812,,,Y,N,N,N,N,N,N,N,N,N,Y,,,,,N,,,
O20200327000649,7113355314,"AHSNF, INC.",7911327374,O,72,ADP OF THE SNF,2025-04-22,,,,,ATRIUM HEALTH INC,,1000 BLYTHE BLVD,,CHARLOTTE,NC,282035812,,,Y,N,N,N,N,N,N,N,N,N,Y,,,,,N,,,
O20200327000649,7113355314,"AHSNF, INC.",7911376843,O,43,OPERATIONAL/MANAGERIAL CONTROL,2022-12-02,,,,,ADVOCATE HEALTH INC,,1000 BLYTHE BLVD,,CHARLOTTE,NC,282035812,,,Y,N,N,N,N,N,N,N,N,N,Y,,,,,N,,,
O20200327000649,7113355314,"AHSNF, INC.",7911376843,O,72,ADP OF THE SNF,2025-04-22,,,,,ADVOCATE HEALTH INC,,1000 BLYTHE BLVD,,CHARLOTTE,NC,282035812,,,Y,N,N,N,N,N,N,N,N,N,Y,,,,,N,,,
O20200327001733,7113355314,"AHSNF, INC.",3375801350,O,43,OPERATIONAL/MANAGERIAL CONTROL,2023-06-01,,,,,BROAD RIVER REHABILITATION,"BROAD RIVER REHABILITATION, LLC",1 POND ST,,ARDEN,NC,287048500,,,N,Y,Y,Y,N,N,N,N,N,Y,N,,,,,N,,,
O20200327001733,7113355314,"AHSNF, INC.",3375801350,O,72,ADP OF THE SNF,2025-05-05,,,,,BROAD RIVER REHABILITATION,"BROAD RIVER REHABILITATION, LLC",1 POND ST,,ARDEN,NC,287048500,,,N,Y,Y,Y,N,N,N,N,N,Y,N,,,,,N,,,
O20200327001733,7113355314,"AHSNF, INC.",5294832598,O,43,OPERATIONAL/MANAGERIAL CONTROL,2020-02-01,,,,,THE CHARLOTTE-MECKLENBURG HOSPITAL AUTHORITY,ATRIUM HEALTH ORAL MEDICINE & MAXILLOFACIAL SURGERY,PO BOX 32861,,CHARLOTTE,NC,282322861,,,N,N,Y,N,N,N,N,N,N,N,Y,,,Y,,Y,NORTH CAROLINAS HOSPITAL AUTHORITY,,
O20200327001733,7113355314,"AHSNF, INC.",5294832598,O,72,ADP OF THE SNF,2025-04-24,,,,,THE CHARLOTTE-MECKLENBURG HOSPITAL AUTHORITY,ATRIUM HEALTH ORAL MEDICINE & MAXILLOFACIAL SURGERY,PO BOX 32861,,CHARLOTTE,NC,282322861,,,N,N,Y,N,N,N,N,N,N,N,Y,,,Y,,Y,NORTH CAROLINAS HOSPITAL AUTHORITY,,
O20200327001733,7113355314,"AHSNF, INC.",7911327374,O,43,OPERATIONAL/MANAGERIAL CONTROL,2020-10-09,,,,,ATRIUM HEALTH INC,,1000 BLYTHE BLVD,,CHARLOTTE,NC,282035812,,,Y,N,N,N,N,N,N,N,N,N,Y,,,,,N,,,
O20200327001733,7113355314,"AHSNF, INC.",7911327374,O,72,ADP OF THE SNF,2025-04-28,,,,,ATRIUM HEALTH INC,,1000 BLYTHE BLVD,,CHARLOTTE,NC,282035812,,,Y,N,N,N,N,N,N,N,N,N,Y,,,,,N,,,
O20200327001733,7113355314,"AHSNF, INC.",9931627221,O,43,OPERATIONAL/MANAGERIAL CONTROL,2022-12-02,,,,,"ADVOCATE HEALTH, INC",,1000 BLYTHE BLVD,,CHARLOTTE,NC,282035812,,,Y,N,N,N,N,N,N,N,N,N,Y,,,,,N,,,
O20200327001733,7113355314,"AHSNF, INC.",9931627221,O,72,ADP OF THE SNF,2025-04-28,,,,,"ADVOCATE HEALTH, INC",,1000 BLYTHE BLVD,,CHARLOTTE,NC,282035812,,,Y,N,N,N,N,N,N,N,N,N,Y,,,,,N,,,
O20200328000172,7113355314,"AHSNF, INC.",2365353885,O,43,OPERATIONAL/MANAGERIAL CONTROL,2020-02-01,,,,,THE CHARLOTTE-MECKLENBURG HOSPITAL AUTHORITY,ATRIUM HEALTH ANSON,PO BOX 32861,,CHARLOTTE,NC,282322861,,,N,N,Y,N,N,N,N,N,N,N,N,,,,,Y,NC HOSPITAL AUTHORITY,,
O20200328000172,7113355314,"AHSNF, INC.",3375801350,O,43,OPERATIONAL/MANAGERIAL CONTROL,2023-06-01,,,,,BROAD RIVER REHABILITATION,"BROAD RIVER REHABILITATION, LLC",1 POND ST,,ARDEN,NC,287048500,,,N,Y,Y,Y,N,N,N,N,N,Y,N,,,,,N,,,
O20200328000172,7113355314,"AHSNF, INC.",3375801350,O,72,ADP OF THE SNF,2025-07-29,,,,,BROAD RIVER REHABILITATION,"BROAD RIVER REHABILITATION, LLC",1 POND ST,,ARDEN,NC,287048500,,,N,Y,Y,Y,N,N,N,N,N,Y,N,,,,,N,,,
O20200328000172,7113355314,"AHSNF, INC.",7911327374,O,43,OPERATIONAL/MANAGERIAL CONTROL,2020-10-09,,,,,ATRIUM HEALTH INC,,1000 BLYTHE BLVD,,CHARLOTTE,NC,282035812,,,Y,N,N,N,N,N,N,N,N,N,Y,,,,,N,,,
O20200328000172,7113355314,"AHSNF, INC.",7911327374,O,72,ADP OF THE SNF,2025-07-29,,,,,ATRIUM HEALTH INC,,1000 BLYTHE BLVD,,CHARLOTTE,NC,282035812,,,Y,N,N,N,N,N,N,N,N,N,Y,,,,,N,,,
O20200328000172,7113355314,"AHSNF, INC.",7911376843,O,43,OPERATIONAL/MANAGERIAL CONTROL,2022-12-02,,,,,ADVOCATE HEALTH INC,,1000 BLYTHE BLVD,,CHARLOTTE,NC,282035812,,,Y,N,N,N,N,N,N,N,N,N,Y,,,,,N,,,
O20200328000172,7113355314,"AHSNF, INC.",7911376843,O,72,ADP OF THE SNF,2025-07-29,,,,,ADVOCATE HEALTH INC,,1000 BLYTHE BLVD,,CHARLOTTE,NC,282035812,,,Y,N,N,N,N,N,N,N,N,N,Y,,,,,N,,,
O20200328000172,7113355314,"AHSNF, INC.",8022204171,O,43,OPERATIONAL/MANAGERIAL CONTROL,2017-12-22,,,,,OPTIMED HOSPITALISTS,IREDELL WOUND CARE & HYPERBARIC CENTER,210 DELBURG ST,,DAVIDSON,NC,280368655,,,N,N,Y,N,N,N,N,N,N,Y,N,,,,,Y,PROFESSIONAL LLC,,
O20200328000172,7113355314,"AHSNF, INC.",8022204171,O,72,ADP OF THE SNF,2025-07-29,,,,,OPTIMED HOSPITALISTS,IREDELL WOUND CARE & HYPERBARIC CENTER,210 DELBURG ST,,DAVIDSON,NC,280368655,,,N,N,Y,N,N,N,N,N,N,Y,N,,,,,Y,PROFESSIONAL LLC,,
O20200328000177,7113355314,"AHSNF, INC.",3375801350,O,43,OPERATIONAL/MANAGERIAL CONTROL,2023-06-01,,,,,BROAD RIVER REHABILITATION,"BROAD RIVER REHABILITATION, LLC",1 POND ST,,ARDEN,NC,287048500,,,N,Y,Y,Y,N,N,N,N,N,Y,N,,,,,N,,,
O20200328000177,7113355314,"AHSNF, INC.",3375801350,O,72,ADP OF THE SNF,2025-05-05,,,,,BROAD RIVER REHABILITATION,"BROAD RIVER REHABILITATION, LLC",1 POND ST,,ARDEN,NC,287048500,,,N,Y,Y,Y,N,N,N,N,N,Y,N,,,,,N,,,
O20200328000177,7113355314,"AHSNF, INC.",5294832598,O,72,ADP OF THE SNF,2025-04-22,,,,,THE CHARLOTTE-MECKLENBURG HOSPITAL AUTHORITY,ATRIUM HEALTH ORAL MEDICINE & MAXILLOFACIAL SURGERY,PO BOX 32861,,CHARLOTTE,NC,282322861,,,N,N,N,N,N,N,N,N,N,N,N,,,,,N,,,
O20200328000177,7113355314,"AHSNF, INC.",7911327374,O,43,OPERATIONAL/MANAGERIAL CONTROL,2020-10-09,,,,,ATRIUM HEALTH INC,,1000 BLYTHE BLVD,,CHARLOTTE,NC,282035812,,,Y,N,N,N,N,N,N,N,N,N,Y,,,,,N,,,
O20200328000177,7113355314,"AHSNF, INC.",7911327374,O,72,ADP OF THE SNF,2025-04-23,,,,,ATRIUM HEALTH INC,,1000 BLYTHE BLVD,,CHARLOTTE,NC,282035812,,,Y,N,N,N,N,N,N,N,N,N,Y,,,,,N,,,
O20200328000177,7113355314,"AHSNF, INC.",7911376843,O,43,OPERATIONAL/MANAGERIAL CONTROL,2022-12-02,,,,,ADVOCATE HEALTH INC,,1000 BLYTHE BLVD,,CHARLOTTE,NC,282035812,,,Y,N,N,N,N,N,N,N,N,N,Y,,,,,N,,,
O20200328000177,7113355314,"AHSNF, INC.",7911376843,O,72,ADP OF THE SNF,2025-04-23,,,,,ADVOCATE HEALTH INC,,1000 BLYTHE BLVD,,CHARLOTTE,NC,282035812,,,Y,N,N,N,N,N,N,N,N,N,Y,,,,,N,,,
O20200328000177,7113355314,"AHSNF, INC.",8022204171,O,43,OPERATIONAL/MANAGERIAL CONTROL,2017-12-22,,,,,OPTIMED HOSPITALISTS,IREDELL WOUND CARE & HYPERBARIC CENTER,210 DELBURG ST,,DAVIDSON,NC,280368655,,,N,N,Y,N,N,N,N,N,N,Y,N,,,,,Y,PROFESSIONAL LLC,,
O20200328000177,7113355314,"AHSNF, INC.",8022204171,O,72,ADP OF THE SNF,2025-05-05,,,,,OPTIMED HOSPITALISTS,IREDELL WOUND CARE & HYPERBARIC CENTER,210 DELBURG ST,,DAVIDSON,NC,280368655,,,N,N,Y,N,N,N,N,N,N,Y,N,,,,,Y,PROFESSIONAL LLC,,
O20200403001487,4486083946,WILKESBORO HEALTH AND REHABILITATION LLC,4486083946,O,43,OPERATIONAL/MANAGERIAL CONTROL,2020-01-01,,,,,WILKESBORO HEALTH AND REHABILITATION LLC,WILKESBORO HEALTH AND REHABILITATION,229 AIRPORT RD,STE 7-104,ARDEN,NC,287046402,,,N,Y,N,N,N,N,N,N,N,N,N,,,,,N,,,
O20200715003015,1951725571,"CAROLINA BAY HEALTHCARE CENTER OF WILMINGTON, LLC",0345664975,O,44,OTHER,2018-08-30,,,,,LIBERTY SENIOR LIVING LLC,,2334 41ST ST,,WILMINGTON,NC,284035502,10,N,N,Y,N,N,N,N,N,N,N,N,N,,,,,N,,,
O20200715003015,1951725571,"CAROLINA BAY HEALTHCARE CENTER OF WILMINGTON, LLC",8921038001,O,44,OTHER,2018-08-30,,,,,"LIBERTY REAL PROPERTIES, LLC",,2334 41ST ST,,WILMINGTON,NC,284035502,10,N,N,Y,N,N,N,N,N,N,N,N,N,,,,,N,,,
O20200720002061,8820412117,MECKLENBURG HEALTH AND REHABILITATION LLC,8820412117,O,43,OPERATIONAL/MANAGERIAL CONTROL,2020-06-01,,,,,MECKLENBURG HEALTH AND REHABILITATION LLC,MECKLENBURG HEALTH AND REHABILITATION,229 AIRPORT RD,STE 7-104,ARDEN,NC,287046402,100,,N,Y,N,N,N,N,N,N,N,N,N,,,,,N,,,
O20200814002412,8022434489,CARY SENIOR HOUSING I OPCO LLC,0749606150,O,72,ADP OF THE SNF,2025-05-08,,,,,BRIGHTMORE PROPERTIES OF CARY LLC,,2334 41ST ST,,WILMINGTON,NC,284035502,,,N,Y,N,N,N,Y,N,N,N,N,N,,,,,N,,,
O20200814002412,8022434489,CARY SENIOR HOUSING I OPCO LLC,0749606150,O,86,INDIRECT OWNERSHIP INTEREST,2025-05-08,,,,,BRIGHTMORE PROPERTIES OF CARY LLC,,2334 41ST ST,,WILMINGTON,NC,284035502,11,N,N,Y,N,N,N,Y,N,N,N,N,N,,,,,N,,N,N
O20200814002412,8022434489,CARY SENIOR HOUSING I OPCO LLC,1759612815,O,72,ADP OF THE SNF,2025-05-08,,,,,LIBERTY REAL PROPERTIES VI LLC,,2334 41ST ST,,WILMINGTON,NC,284035502,,,N,Y,N,N,N,Y,N,N,N,N,N,,,,,N,,,
O20200814002412,8022434489,CARY SENIOR HOUSING I OPCO LLC,1759612815,O,86,INDIRECT OWNERSHIP INTEREST,2025-05-08,,,,,LIBERTY REAL PROPERTIES VI LLC,,2334 41ST ST,,WILMINGTON,NC,284035502,11,N,N,Y,N,N,N,Y,N,N,N,N,N,,,,,N,,N,N
O20200814002412,8022434489,CARY SENIOR HOUSING I OPCO LLC,1951820786,O,86,INDIRECT OWNERSHIP INTEREST,2025-05-08,,,,,LDP PROPERTIES I LLC,,2334 41ST ST,,WILMINGTON,NC,284035502,2.2,N,N,Y,N,N,N,Y,N,N,N,N,N,,,,,N,,N,N
O20200814002412,8022434489,CARY SENIOR HOUSING I OPCO LLC,2860911682,O,71,TRUSTEE OF THE SNF,2025-05-08,,,,,JOHN A MCNEILL JR 2014 IRREVOCABLE TRUST,,2334 41ST ST,,WILMINGTON,NC,284035502,,,N,N,N,N,N,N,N,N,N,N,N,,,,Y,N,,,
O20200814002412,8022434489,CARY SENIOR HOUSING I OPCO LLC,2860911682,O,72,ADP OF THE SNF,2025-05-08,,,,,JOHN A MCNEILL JR 2014 IRREVOCABLE TRUST,,2334 41ST ST,,WILMINGTON,NC,284035502,,,N,N,N,N,N,N,N,N,N,N,N,,,,Y,N,,,
O20200814002412,8022434489,CARY SENIOR HOUSING I OPCO LLC,2860911682,O,86,INDIRECT OWNERSHIP INTEREST,2025-05-08,,,,,JOHN A MCNEILL JR 2014 IRREVOCABLE TRUST,,2334 41ST ST,,WILMINGTON,NC,284035502,8.25,N,N,N,N,N,N,N,N,N,N,N,N,,,,Y,N,,N,N
O20200814002412,8022434489,CARY SENIOR HOUSING I OPCO LLC,3072019157,O,72,ADP OF THE SNF,2025-05-08,,,,,LIBERTY LIVING MANAGEMENT LLC,,2334 41ST ST,,WILMINGTON,NC,284035502,,,N,Y,N,Y,N,N,N,N,N,N,N,,,,,N,,,
O20200814002412,8022434489,CARY SENIOR HOUSING I OPCO LLC,5193141513,O,43,OPERATIONAL/MANAGERIAL CONTROL,2025-05-08,,,,,BRIGHTMORE SENIOR LIVING OF CARY LLC,,2334 41ST ST,,WILMINGTON,NC,284035502,,,N,Y,N,Y,N,N,N,N,N,N,N,,,,,N,,,
O20200814002412,8022434489,CARY SENIOR HOUSING I OPCO LLC,5395161707,O,86,INDIRECT OWNERSHIP INTEREST,2025-05-08,,,,,LIBERTY DEVELOPMENT CARY LLC,,2334 41ST ST,,WILMINGTON,NC,284035502,11,N,N,Y,N,N,N,Y,N,N,N,N,N,,,,,N,,N,N
O20200814002412,8022434489,CARY SENIOR HOUSING I OPCO LLC,6406187566,O,72,ADP OF THE SNF,2025-05-08,,,,,LIBERTY REAL PROPERTIES V LLC,,2334 41ST ST,,WILMINGTON,NC,284035502,,,N,Y,N,N,N,Y,N,N,N,N,N,,,,,N,,,
O20200814002412,8022434489,CARY SENIOR HOUSING I OPCO LLC,6406187566,O,86,INDIRECT OWNERSHIP INTEREST,2025-05-08,,,,,LIBERTY REAL PROPERTIES V LLC,,2334 41ST ST,,WILMINGTON,NC,284035502,11,N,N,Y,N,N,N,Y,N,N,N,N,N,,,,,N,,N,N
O20201204000201,8426469941,"THE CARROLTON OF DUNN, LLC",4981015435,O,34,5% OR GREATER DIRECT OWNERSHIP INTEREST,2020-02-28,,,,,"C. SAUNDERS ROBERSON, JR., AS TRUSTEE OF THE JUDITH ROBERSON DIXON IRR",,PO BOX 8427,,ROCKY MOUNT,NC,278041427,50,N,N,N,N,N,N,N,N,N,N,N,N,,,,,Y,TRUST,,
O20201204000201,8426469941,"THE CARROLTON OF DUNN, LLC",5890106348,O,43,OPERATIONAL/MANAGERIAL CONTROL,2020-10-01,,,,,"CARROLTON FACILITY MANAGEMENT, LLC",,130 S FRANKLIN ST,,ROCKY MOUNT,NC,278045707,100,,N,Y,N,Y,N,N,N,N,N,Y,N,,,,,N,,,
O20201204000201,8426469941,"THE CARROLTON OF DUNN, LLC",5890106348,O,72,ADP OF THE SNF,2026-02-04,,,,,"CARROLTON FACILITY MANAGEMENT, LLC",,130 S FRANKLIN ST,,ROCKY MOUNT,NC,278045707,,,N,Y,N,Y,N,N,N,N,N,Y,N,,,,,N,,,
O20201207002978,6002228541,"WILLIAMSTON NURSING FACILITY OPERATIONS COMPANY, LLC",0547672081,O,34,5% OR GREATER DIRECT OWNERSHIP INTEREST,2020-04-27,,,,,"C. SAUNDERS ROBERSON, JR., TRUSTEE OF THE CAROL SAUNDERS ROBERSON FAMI",,PO BOX 8427,,ROCKY MOUNT,NC,278041427,12.5,N,N,N,N,N,N,N,N,N,N,N,N,,,,,Y,TRUST,,
O20201207002978,6002228541,"WILLIAMSTON NURSING FACILITY OPERATIONS COMPANY, LLC",4981015435,O,34,5% OR GREATER DIRECT OWNERSHIP INTEREST,2020-04-27,,,,,"C. SAUNDERS ROBERSON, JR., AS TRUSTEE OF THE JUDITH ROBERSON DIXON IRR",,PO BOX 8427,,ROCKY MOUNT,NC,278041427,37.5,N,N,N,N,N,N,N,N,N,N,N,N,,,,,Y,TRUST,,
O20201207002978,6002228541,"WILLIAMSTON NURSING FACILITY OPERATIONS COMPANY, LLC",5890106348,O,43,OPERATIONAL/MANAGERIAL CONTROL,2020-10-01,,,,,"CARROLTON FACILITY MANAGEMENT, LLC",,130 S FRANKLIN ST,,ROCKY MOUNT,NC,278045707,100,,N,Y,N,Y,N,N,N,N,N,Y,N,,,,,N,,,
O20201207002978,6002228541,"WILLIAMSTON NURSING FACILITY OPERATIONS COMPANY, LLC",5890106348,O,72,ADP OF THE SNF,2026-01-20,,,,,"CARROLTON FACILITY MANAGEMENT, LLC",,130 S FRANKLIN ST,,ROCKY MOUNT,NC,278045707,,,N,Y,N,Y,N,N,N,N,N,Y,N,,,,,N,,,
O20201208002589,8123430519,"THE CARROLTON OF LUMBERTON, LLC",4981015435,O,34,5% OR GREATER DIRECT OWNERSHIP INTEREST,2020-02-21,,,,,"C. SAUNDERS ROBERSON, JR., AS TRUSTEE OF THE JUDITH ROBERSON DIXON IRR",,PO BOX 8427,,ROCKY MOUNT,NC,278041427,50,,N,N,N,N,N,N,N,N,N,N,N,,,,,Y,TRUST,,
O20201208002589,8123430519,"THE CARROLTON OF LUMBERTON, LLC",5890106348,O,43,OPERATIONAL/MANAGERIAL CONTROL,2020-10-01,,,,,"CARROLTON FACILITY MANAGEMENT, LLC",,130 S FRANKLIN ST,,ROCKY MOUNT,NC,278045707,100,,N,Y,N,Y,N,N,N,N,N,N,N,,,,,N,,,
O20201209003306,0749692010,"THE CARROLTON OF NASH, LLC",0547672081,O,34,5% OR GREATER DIRECT OWNERSHIP INTEREST,2020-03-10,,,,,"C. SAUNDERS ROBERSON, JR., TRUSTEE OF THE CAROL SAUNDERS ROBERSON FAMI",,PO BOX 8427,,ROCKY MOUNT,NC,278041427,12.5,N,N,N,N,N,N,N,N,N,N,N,N,,,,,Y,TRUST,,
O20201209003306,0749692010,"THE CARROLTON OF NASH, LLC",4981015435,O,34,5% OR GREATER DIRECT OWNERSHIP INTEREST,2020-03-10,,,,,"C. SAUNDERS ROBERSON, JR., AS TRUSTEE OF THE JUDITH ROBERSON DIXON IRR",,PO BOX 8427,,ROCKY MOUNT,NC,278041427,37.5,N,N,N,N,N,N,N,N,N,N,N,N,,,,,Y,TRUST,,
O20201209003306,0749692010,"THE CARROLTON OF NASH, LLC",5890106348,O,43,OPERATIONAL/MANAGERIAL CONTROL,2020-10-01,,,,,"CARROLTON FACILITY MANAGEMENT, LLC",,130 S FRANKLIN ST,,ROCKY MOUNT,NC,278045707,100,,N,Y,N,Y,N,N,N,N,N,Y,N,,,,,N,,,
O20201218001121,8123430956,"THE CARROLTON OF FAYETTEVILLE, LLC",4981015435,O,34,5% OR GREATER DIRECT OWNERSHIP INTEREST,2020-10-01,,,,,"C. SAUNDERS ROBERSON, JR., AS TRUSTEE OF THE JUDITH ROBERSON DIXON IRR",,PO BOX 8427,,ROCKY MOUNT,NC,278041427,50,N,N,N,N,N,N,N,N,N,N,N,N,,,,,Y,TRUST,,
O20201218001121,8123430956,"THE CARROLTON OF FAYETTEVILLE, LLC",5890106348,O,43,OPERATIONAL/MANAGERIAL CONTROL,2020-10-01,,,,,"CARROLTON FACILITY MANAGEMENT, LLC",,130 S FRANKLIN ST,,ROCKY MOUNT,NC,278045707,100,,N,N,N,N,N,N,N,N,N,N,N,,,,,Y,MEDICAL DIRECTOR,,
O20201218001121,8123430956,"THE CARROLTON OF FAYETTEVILLE, LLC",5890106348,O,72,ADP OF THE SNF,2026-01-05,,,,,"CARROLTON FACILITY MANAGEMENT, LLC",,130 S FRANKLIN ST,,ROCKY MOUNT,NC,278045707,,,N,N,N,N,N,N,N,N,N,N,N,,,,,Y,MEDICAL DIRECTOR,,
O20210205000801,0648684456,CHARLOTTE SP SENIOR HOUSING OPCO LLC,1254745078,O,44,OTHER,2018-07-24,,,,,"BARCLAY DEVELOPERS SOUTHPARK, LLC",,2334 S. 41ST STREET,,WILMINGTON,NC,28403,11,N,N,Y,N,N,N,N,N,N,N,N,N,,,,,N,,,
O20210205000801,0648684456,CHARLOTTE SP SENIOR HOUSING OPCO LLC,1759612815,O,44,OTHER,2018-07-24,,,,,LIBERTY REAL PROPERTIES VI LLC,,2334 S. 41ST STREET,,WILMINGTON,NC,28403,100,N,N,Y,N,N,N,N,N,N,N,N,N,,,,,N,,,
O20210211001802,8729490941,"THE CARROLTON OF PLYMOUTH, LLC",0547672081,O,34,5% OR GREATER DIRECT OWNERSHIP INTEREST,2020-03-13,,,,,"C. SAUNDERS ROBERSON, JR., TRUSTEE OF THE CAROL SAUNDERS ROBERSON FAMI",,PO BOX 6427,,ROCKY MOUNT,NC,278026427,12.5,N,N,N,N,N,N,N,N,N,N,N,N,,,,,Y,TRUST,,
O20210211001802,8729490941,"THE CARROLTON OF PLYMOUTH, LLC",5890106348,O,43,OPERATIONAL/MANAGERIAL CONTROL,2020-10-01,,,,,"CARROLTON FACILITY MANAGEMENT, LLC",,130 S FRANKLIN ST,,ROCKY MOUNT,NC,278045707,100,,N,Y,N,Y,N,N,N,N,N,N,N,,,,,N,,,
O20210521001604,4587574355,LIBERTY HEALTHCARE GROUP LLC,2961762422,O,35,5% OR GREATER INDIRECT OWNERSHIP INTEREST,2021-04-01,,,,,RONALD B. AND CYNTHIA J. MCNEILL 2013 IRREVOCABLE TRUST,,2334 41ST ST,,WILMINGTON,NC,284035502,24,N,N,N,N,N,N,N,N,N,N,N,N,,,,,Y,TRUST,,
O20210521001604,4587574355,LIBERTY HEALTHCARE GROUP LLC,4587574355,O,34,5% OR GREATER DIRECT OWNERSHIP INTEREST,2021-04-01,,,,,LIBERTY HEALTHCARE GROUP LLC,LIBERTY COMMONS NURSING AND REHABILITATION CENTER OF WATAUGA COUNTY,2334 41ST ST,,WILMINGTON,NC,284035502,100,N,N,Y,N,N,N,N,N,N,N,N,N,,,,,N,,,
O20210521001604,4587574355,LIBERTY HEALTHCARE GROUP LLC,7416047246,O,43,OPERATIONAL/MANAGERIAL CONTROL,2021-04-01,,,,,LONG TERM CARE MANAGEMENT SERVICES LLC,,2334 41ST ST,,WILMINGTON,NC,284035502,100,,N,Y,N,N,N,N,N,N,N,N,N,,,,,N,,,
O20210521001604,4587574355,LIBERTY HEALTHCARE GROUP LLC,8224398789,O,35,5% OR GREATER INDIRECT OWNERSHIP INTEREST,2021-04-01,,,,,JOHN A MCNEILL JR 2012 IRRV TR,,2334 41ST ST,,WILMINGTON,NC,284035502,24,N,N,N,N,N,N,N,N,N,N,N,N,,,,,Y,TRUST,,
O20210624000033,3870994163,CHICAGO RIDGE SKILLED NURSING FACILITY LLC,0345424149,O,37,5% OR GREATER SECURITY INTEREST,2024-08-12,,,,,FIRST CITIZENS BANK & TRUST COMPANY,,4300 SIX FORKS RD,,RALEIGH,NC,276095718,100,N,N,N,N,N,N,N,N,Y,N,N,N,,,,,N,,N,N
O20210624000033,3870994163,CHICAGO RIDGE SKILLED NURSING FACILITY LLC,0345424149,O,43,OPERATIONAL/MANAGERIAL CONTROL,2024-08-12,,,,,FIRST CITIZENS BANK & TRUST COMPANY,,4300 SIX FORKS RD,,RALEIGH,NC,276095718,,,N,N,N,N,N,N,N,Y,N,N,N,,,,,N,,,
O20210823003330,3072918457,GUILFORD OPERATOR LLC,0648675389,O,35,5% OR GREATER INDIRECT OWNERSHIP INTEREST,2021-05-28,,,,,LAUREN 2020 LLC,,400 BOULEVARD OF THE AMERICAS,SUITE 401,LAKEWOOD,NC,08701,23.75,N,N,Y,N,N,N,N,N,N,N,N,N,,,,,N,,,
O20210823003330,3072918457,GUILFORD OPERATOR LLC,0749685485,O,35,5% OR GREATER INDIRECT OWNERSHIP INTEREST,2021-05-28,,,,,SPRINGROCK SOUTH LLC,,400 BOULEVARD OF THE AMERICAS,SUITE 401,LAKEWOOD,NC,08701,100,N,N,Y,N,N,N,N,N,N,N,N,N,,,,,N,,,
O20210823003330,3072918457,GUILFORD OPERATOR LLC,1658776398,O,35,5% OR GREATER INDIRECT OWNERSHIP INTEREST,2021-05-28,,,,,NORMAN 5571 & FAMILY LLC,,400 BOULEVARD OF THE AMERICAS,SUITE 401,LAKEWOOD,NC,08701,23.75,N,N,Y,N,N,N,N,N,N,N,N,N,,,,,N,,,
O20210823003330,3072918457,GUILFORD OPERATOR LLC,1951739770,O,35,5% OR GREATER INDIRECT OWNERSHIP INTEREST,2021-05-28,,,,,CHARLES 1994 FAMILY GRANTOR TRUST,,400 BOULEVARD OF THE AMERICAS,SUITE 401,LAKEWOOD,NC,08701,21.37,,N,N,N,N,N,N,N,N,N,N,N,,,,,Y,TRUST,,
O20210823003330,3072918457,GUILFORD OPERATOR LLC,2769887421,O,43,OPERATIONAL/MANAGERIAL CONTROL,2021-05-28,,,,,RSBRM SOUTH MANAGER LLC,,400 BOULEVARD OF THE AMERICAS,SUITE 401,LAKEWOOD,NC,08701,100,,N,Y,N,N,N,N,N,N,N,N,N,,,,,N,,,
O20210823003330,3072918457,GUILFORD OPERATOR LLC,3476958117,O,35,5% OR GREATER INDIRECT OWNERSHIP INTEREST,2021-05-28,,,,,NORMAN 5571 LLC,,400 BOULEVARD OF THE AMERICAS,SUITE 401,LAKEWOOD,NC,08701,22.49,N,N,Y,N,N,N,N,N,N,N,N,N,,,,,N,,,
O20210823003330,3072918457,GUILFORD OPERATOR LLC,4688002405,O,35,5% OR GREATER INDIRECT OWNERSHIP INTEREST,2021-05-28,,,,,SAUL 2012 FAMILY GRANTOR TRUST,,400 BOULEVARD OF THE AMERICAS,SUITE 401,LAKEWOOD,NC,08701,22.56,N,N,N,N,N,N,N,N,N,N,N,N,,,,,Y,TRUST,,
O20210823003330,3072918457,GUILFORD OPERATOR LLC,5092113308,O,34,5% OR GREATER DIRECT OWNERSHIP INTEREST,2021-05-28,,,,,GUILFORD HOLDINGS ILL,,400 BOULEVARD OF THE AMERICAS,SUITE 401,LAKEWOOD,NC,08701,100,N,N,Y,N,N,N,N,N,N,N,N,N,,,,,N,,,
O20210823003330,3072918457,GUILFORD OPERATOR LLC,7315342078,O,35,5% OR GREATER INDIRECT OWNERSHIP INTEREST,2021-05-28,,,,,DRM SOUTH LLC,,400 BOULEVARD OF THE AMERICAS,SUITE 401,LAKEWOOD,NC,08701,25,N,N,Y,N,N,N,N,N,N,N,N,N,,,,,N,,,
O20210823003330,3072918457,GUILFORD OPERATOR LLC,7911302658,O,35,5% OR GREATER INDIRECT OWNERSHIP INTEREST,2021-05-28,,,,,ROBIN 2008 LLC,,400 BOULEVARD OF THE AMERICAS,SUITE 401,LAKEWOOD,NC,08701,23.75,N,N,Y,N,N,N,N,N,N,N,N,N,,,,,N,,,
O20210823003330,3072918457,GUILFORD OPERATOR LLC,8224466040,O,35,5% OR GREATER INDIRECT OWNERSHIP INTEREST,2021-05-28,,,,,EDWARD 1998 FAMILY GRANTOR TRUST,,400 BOULEVARD OF THE AMERICAS,SUITE 401,LAKEWOOD,NC,08701,22.56,N,N,N,N,N,N,N,N,N,N,N,N,,,,,Y,TRUST,,
O20210823003330,3072918457,GUILFORD OPERATOR LLC,9830594571,O,35,5% OR GREATER INDIRECT OWNERSHIP INTEREST,2021-05-28,,,,,SUMMER SOUTH LLC,,400 BOULEVARD OF THE AMERICAS,SUITE 401,LAKEWOOD,NC,08701,,N,N,Y,N,N,N,N,N,N,N,N,N,,,,,N,,,
O20211116001387,6507255338,"ALACHUA COUNTY HRC, LLC",9739579665,O,36,5% OR GREATER MORTGAGE INTEREST,2019-05-30,,,,,BRANCH BANKING AND TRUST COMPANY,,200 W 2ND ST,,WINSTON SALEM,NC,271014019,75.2,Y,N,N,N,N,N,N,N,N,N,Y,N,,,,,N,,,
O20220106001529,9335530062,"GREENVILLE SKILLED NURSING, LLC",9335631274,O,37,5% OR GREATER SECURITY INTEREST,2024-07-16,,,,,TRUIST BANK,,214 N TRYON ST,FL 14,CHARLOTTE,NC,282021078,100,N,N,N,N,N,N,N,N,Y,N,Y,N,,,,,N,,N,Y
O20220106001529,9335530062,"GREENVILLE SKILLED NURSING, LLC",9335631274,O,72,ADP OF THE SNF,2025-11-21,,,,,TRUIST BANK,,214 N TRYON ST,FL 14,CHARLOTTE,NC,282021078,,,N,N,N,N,N,N,N,Y,N,Y,N,,,,,N,,,
O20220125000978,1355745209,"NAVICENT HEALTH BALDWIN, INC",1153654215,O,35,5% OR GREATER INDIRECT OWNERSHIP INTEREST,2019-01-01,,,,,AH GEORGIA INC,,1000 BLYTHE BLVD,,CHARLOTTE,NC,282035812,100,N,Y,N,N,N,N,Y,N,N,N,N,Y,,,,,N,,N,Y
O20220125000978,1355745209,"NAVICENT HEALTH BALDWIN, INC",5294832598,O,35,5% OR GREATER INDIRECT OWNERSHIP INTEREST,2019-01-01,,,,,THE CHARLOTTE-MECKLENBURG HOSPITAL AUTHORITY,ATRIUM HEALTH ORAL MEDICINE & MAXILLOFACIAL SURGERY,PO BOX 32861,,CHARLOTTE,NC,282322861,100,N,N,N,Y,N,N,N,N,N,N,N,Y,,,,,Y,NORTH CAROLINA HOSPITAL AUTHORITY,N,N
O20220125000978,1355745209,"NAVICENT HEALTH BALDWIN, INC",7911327374,O,43,OPERATIONAL/MANAGERIAL CONTROL,2020-10-09,,,,,ATRIUM HEALTH INC,,1000 BLYTHE BLVD,,CHARLOTTE,NC,282035812,,,Y,N,N,N,N,N,N,N,N,N,Y,,,,,Y,JOINT OPERATING COMPANY,,
O20220125000978,1355745209,"NAVICENT HEALTH BALDWIN, INC",7911327374,O,72,ADP OF THE SNF,2025-06-01,,,,,ATRIUM HEALTH INC,,1000 BLYTHE BLVD,,CHARLOTTE,NC,282035812,,,Y,N,N,N,N,N,N,N,N,N,Y,,,,,Y,JOINT OPERATING COMPANY,,
O20220125000978,1355745209,"NAVICENT HEALTH BALDWIN, INC",7911376843,O,43,OPERATIONAL/MANAGERIAL CONTROL,2022-12-02,,,,,ADVOCATE HEALTH INC,,1000 BLYTHE BLVD,,CHARLOTTE,NC,282035812,,,Y,N,N,N,N,N,N,N,N,N,Y,,,,,Y,JOINT OPERATING COMPANY,,
O20220125000978,1355745209,"NAVICENT HEALTH BALDWIN, INC",7911376843,O,72,ADP OF THE SNF,2025-06-01,,,,,ADVOCATE HEALTH INC,,1000 BLYTHE BLVD,,CHARLOTTE,NC,282035812,,,Y,N,N,N,N,N,N,N,N,N,Y,,,,,Y,JOINT OPERATING COMPANY,,
O20220407002720,9436545050,SMOKEY RIDGE HEALTH AND REHABILITATION SNF LLC,4183107600,O,36,5% OR GREATER MORTGAGE INTEREST,2022-03-04,,,,,310 PENSACOLA RD LLC,,310 PENSACOLA RD,,BURNSVILLE,NC,287143318,100,N,N,Y,N,N,N,N,N,N,N,N,N,,,,,N,,N,Y
O20220407002720,9436545050,SMOKEY RIDGE HEALTH AND REHABILITATION SNF LLC,4183107600,O,72,ADP OF THE SNF,2022-03-04,,,,,310 PENSACOLA RD LLC,,310 PENSACOLA RD,,BURNSVILLE,NC,287143318,,,N,Y,N,N,N,N,N,N,N,N,N,,,,,N,,,
O20220407002720,9436545050,SMOKEY RIDGE HEALTH AND REHABILITATION SNF LLC,6901389428,O,72,ADP OF THE SNF,2025-07-15,,,,,,,615 S COLLEGE ST,STE 700,CHARLOTTE,NC,282020132,,,N,N,N,N,N,N,N,N,Y,N,N,,,,,N,,,
O20220427002815,5395132096,"538 MENGE AVENUE OPERATIONS, LLC",4284026204,O,43,OPERATIONAL/MANAGERIAL CONTROL,2022-04-01,,,,,CONSULATE MANAGEMENT COMPANY III LLC,,1810 CONCORD LAKE RD,,KANNAPOLIS,NC,280836434,,,N,Y,N,Y,N,N,N,N,N,Y,N,,,,,N,,,
O20220602000123,9830577956,DEER PARK HEALTH AND REHABILITATION SNF LLC,2466933544,O,36,5% OR GREATER MORTGAGE INTEREST,2022-03-04,,,,,306 DEER PARK ROAD LLC,,306 DEER PARK RD,,NEBO,NC,287618746,100,N,N,Y,N,N,N,N,N,N,N,N,N,,,,,N,,N,Y
O20220602000123,9830577956,DEER PARK HEALTH AND REHABILITATION SNF LLC,2466933544,O,72,ADP OF THE SNF,2022-03-04,,,,,306 DEER PARK ROAD LLC,,306 DEER PARK RD,,NEBO,NC,287618746,,,N,Y,N,N,N,N,N,N,N,N,N,,,,,N,,,
O20220602000123,9830577956,DEER PARK HEALTH AND REHABILITATION SNF LLC,7416866603,O,72,ADP OF THE SNF,2022-03-04,,,,,FORVIS MAZARS LLP,"FORVIS MAZARS, LLP",615 S COLLEGE ST,STE 700,CHARLOTTE,NC,282020132,,,N,N,N,N,N,N,N,N,Y,N,N,,,,,N,,,
O20220602002555,2567840531,"1199 OCEAN SPRINGS ROAD OPERATIONS, LLC",4284026204,O,43,OPERATIONAL/MANAGERIAL CONTROL,2022-04-01,,,,,CONSULATE MANAGEMENT COMPANY III LLC,,1810 CONCORD LAKE RD,,KANNAPOLIS,NC,280836434,,,N,Y,N,Y,N,N,N,N,N,Y,N,,,,,N,,,
O20220606001164,3173901063,"1304 WALNUT STREET OPERATIONS, LLC",4284026204,O,43,OPERATIONAL/MANAGERIAL CONTROL,2022-04-01,,,,,CONSULATE MANAGEMENT COMPANY III LLC,,1810 CONCORD LAKE RD,,KANNAPOLIS,NC,280836434,,,N,Y,N,Y,N,N,N,N,N,Y,N,,,,,N,,,
O20220817002910,9638552011,"SPRING STREET SENIOR HOUSING OPCO, LLC",3274916655,O,44,OTHER,2022-03-11,,,,,"LIBERTY DEVELOPMENT OF CHARLESTON, LLC",,2334 41ST ST,,WILMINGTON,NC,284035502,5,N,N,Y,N,N,N,N,N,N,N,N,N,,,,,N,,,
O20220817002910,9638552011,"SPRING STREET SENIOR HOUSING OPCO, LLC",4183007560,O,44,OTHER,2020-05-04,,,,,"LIBERTY SOUTHERN CSL, LLC",,2334 41ST ST,,WILMINGTON,NC,284035502,5,N,N,Y,N,N,N,N,N,N,N,N,N,,,,,N,,,
O20220915002079,5193100840,EMPORIA NURSING LLC,0042696973,O,34,5% OR GREATER DIRECT OWNERSHIP INTEREST,2022-05-01,,,,,ENH LLC,,325 W MOUNTAIN ST,UNIT 1907,KERNERSVILLE,NC,272850476,100,N,N,Y,N,N,N,Y,N,N,N,N,N,,,,,N,,N,Y
O20220915002079,5193100840,EMPORIA NURSING LLC,0042696973,O,72,ADP OF THE SNF,2025-05-19,,,,,ENH LLC,,325 W MOUNTAIN ST,UNIT 1907,KERNERSVILLE,NC,272850476,,,N,Y,N,N,N,Y,N,N,N,N,N,,,,,N,,,
O20220915002079,5193100840,EMPORIA NURSING LLC,1052813789,O,72,ADP OF THE SNF,2025-04-11,,,,,,,325 W MOUNTAIN ST,UNIT 1907,KERNERSVILLE,NC,272850476,,,N,N,N,N,N,N,N,N,Y,N,N,,,,,N,,,
O20220915002079,5193100840,EMPORIA NURSING LLC,1951803683,O,72,ADP OF THE SNF,2022-05-01,,,,,,,325 W MOUNTAIN ST,UNIT 1907,KERNERSVILLE,NC,272850476,,,N,Y,N,N,N,N,N,N,N,Y,N,,,,,N,,,
O20220915002079,5193100840,EMPORIA NURSING LLC,3779969605,O,35,5% OR GREATER INDIRECT OWNERSHIP INTEREST,2022-05-01,,,,,SJ OPS LLC,,325 W MOUNTAIN ST,UNIT 1907,KERNERSVILLE,NC,272850476,50,N,N,Y,N,N,N,N,N,N,N,Y,N,,,,,N,,N,Y
O20220915002079,5193100840,EMPORIA NURSING LLC,4789186412,O,72,ADP OF THE SNF,2025-04-23,,,,,,,1 POND ST,,ARDEN,NC,287048500,,,N,N,Y,Y,N,N,N,N,N,N,N,,,,,N,,,
O20220915002079,5193100840,EMPORIA NURSING LLC,6507368230,O,72,ADP OF THE SNF,2022-05-01,,,,,,,325 W MOUNTAIN ST,UNIT 1907,KERNERSVILLE,NC,272850476,,,N,Y,N,N,N,N,N,N,N,Y,N,,,,,N,,,
O20220915002079,5193100840,EMPORIA NURSING LLC,7315449048,O,72,ADP OF THE SNF,2022-05-01,,,,,,,325 W MOUNTAIN ST,UNIT 1907,KERNERSVILLE,NC,272850476,,,N,N,N,N,N,N,N,N,N,N,N,,,,Y,N,,,
O20220915002079,5193100840,EMPORIA NURSING LLC,8325540057,O,72,ADP OF THE SNF,2025-04-11,,,,,,,1411 OLD MILL CIR,,WINSTON SALEM,NC,271032953,,,N,N,N,N,N,N,N,N,Y,N,N,,,,,N,,,
O20220919002549,0941198253,ADAMS COUNTY MEMORIAL HOSPITAL,7214248095,O,43,OPERATIONAL/MANAGERIAL CONTROL,2025-01-01,,,,,MORRISON MANAGEMENT SPECIALISTS INC,MORRISON LIVING,2400 YORKMONT RD,,CHARLOTTE,NC,282174511,,,Y,N,N,N,N,N,N,N,N,N,N,,,,,Y,DINING SERVICES,,
O20220919002549,0941198253,ADAMS COUNTY MEMORIAL HOSPITAL,7214248095,O,72,ADP OF THE SNF,2025-01-01,,,,,MORRISON MANAGEMENT SPECIALISTS INC,MORRISON LIVING,2400 YORKMONT RD,,CHARLOTTE,NC,282174511,,,Y,N,N,N,N,N,N,N,N,N,N,,,,,Y,DINING SERVICES,,
O20220920000490,0941198253,ADAMS COUNTY MEMORIAL HOSPITAL,7214248095,O,43,OPERATIONAL/MANAGERIAL CONTROL,2025-01-01,,,,,MORRISON MANAGEMENT SPECIALISTS INC,MORRISON LIVING,2400 YORKMONT RD,,CHARLOTTE,NC,282174511,,,Y,N,N,N,N,N,N,N,N,N,N,,,,,Y,DINING SERVICES,,
O20220920000490,0941198253,ADAMS COUNTY MEMORIAL HOSPITAL,7214248095,O,72,ADP OF THE SNF,2025-01-01,,,,,MORRISON MANAGEMENT SPECIALISTS INC,MORRISON LIVING,2400 YORKMONT RD,,CHARLOTTE,NC,282174511,,,Y,N,N,N,N,N,N,N,N,N,N,,,,,Y,DINING SERVICES,,
O20221004001679,1254717952,GLENVUE OPERATIONS LLC,2769973692,O,72,ADP OF THE SNF,2025-10-29,,,,,,,9547 BUFORD LN NW,,CONCORD,NC,28027,,,N,Y,N,Y,N,N,N,N,N,Y,N,,,,,N,,,
O20221018001244,1355717240,"CHRISTIAN CARE CENTER OF MILAN, LLC",3375801350,O,39,LIMITED PARTNERSHIP INTEREST,2022-01-01,,,,,BROAD RIVER REHABILITATION,"BROAD RIVER REHABILITATION, LLC",1 POND ST,,ARDEN,NC,287048500,,N,N,Y,N,Y,N,N,Y,N,N,N,N,,,,,N,,N,N
O20221018002644,0941198253,ADAMS COUNTY MEMORIAL HOSPITAL,7214248095,O,43,OPERATIONAL/MANAGERIAL CONTROL,2025-01-01,,,,,MORRISON MANAGEMENT SPECIALISTS INC,MORRISON LIVING,2400 YORKMONT RD,,CHARLOTTE,NC,282174511,,,Y,N,N,N,N,N,N,N,N,N,N,,,,,Y,DINING SERVICES,,
O20221018002644,0941198253,ADAMS COUNTY MEMORIAL HOSPITAL,7214248095,O,72,ADP OF THE SNF,2025-01-01,,,,,MORRISON MANAGEMENT SPECIALISTS INC,MORRISON LIVING,2400 YORKMONT RD,,CHARLOTTE,NC,282174511,,,Y,N,N,N,N,N,N,N,N,N,N,,,,,Y,DINING SERVICES,,
O20221205003250,0840669354,LIBERTY COMMONS NURSING AND REHABILITATION CENTER OF HIGHLAND,2961762422,O,35,5% OR GREATER INDIRECT OWNERSHIP INTEREST,2022-09-30,,,,,RONALD B. AND CYNTHIA J. MCNEILL 2013 IRREVOCABLE TRUST,,2334 41ST ST,,WILMINGTON,NC,284035502,24,N,N,N,N,N,N,N,N,N,N,N,N,,,,,Y,TRUST,,
O20221205003250,0840669354,LIBERTY COMMONS NURSING AND REHABILITATION CENTER OF HIGHLAND,4587574355,O,35,5% OR GREATER INDIRECT OWNERSHIP INTEREST,2022-09-30,,,,,LIBERTY HEALTHCARE GROUP LLC,LIBERTY COMMONS NURSING AND REHABILITATION CENTER OF WATAUGA COUNTY,2334 41ST ST,,WILMINGTON,NC,284035502,100,N,N,Y,N,N,N,N,N,N,N,N,N,,,,,N,,,
O20221205003250,0840669354,LIBERTY COMMONS NURSING AND REHABILITATION CENTER OF HIGHLAND,6305756172,O,34,5% OR GREATER DIRECT OWNERSHIP INTEREST,2022-09-30,,,,,LIBERTY LONG TERM CARE LLC,,2334 41ST ST,,WILMINGTON,NC,284035502,100,N,N,Y,N,N,N,N,N,N,N,N,N,,,,,N,,,
O20221205003250,0840669354,LIBERTY COMMONS NURSING AND REHABILITATION CENTER OF HIGHLAND,8224398789,O,35,5% OR GREATER INDIRECT OWNERSHIP INTEREST,2022-09-30,,,,,JOHN A MCNEILL JR 2012 IRRV TR,,2334 41ST ST,,WILMINGTON,NC,284035502,24,N,N,Y,N,N,N,N,N,N,N,N,N,,,,,Y,TRUST,,
O20230120000578,0941671465,SW SEATTLE OPERATIONS LLC,8729566930,O,72,ADP OF THE SNF,2025-12-17,,,,,,,9200 COVEY HOLLOW CT,STE 201,CHARLOTTE,NC,282107998,,,N,Y,N,N,N,N,N,N,N,Y,N,,,,,N,,,
O20230120000681,4284005703,SHORELINE OPERATIONS LLC,7315448636,O,72,ADP OF THE SNF,2023-03-01,,,,,"INCOVATE SOLUTIONS, LLC",,9200 COVEY HOLLOW CT,STE 201,CHARLOTTE,NC,282107998,,,N,Y,N,N,N,N,N,N,N,Y,N,,,,,N,,,
O20230207002728,5799157350,MATTHEWS HEALTH & REHAB CENTER LLC,4082946025,O,43,OPERATIONAL/MANAGERIAL CONTROL,2022-12-01,,,,,SABER GOVERNANCE LLC,,600 FULLWOOD RD,,MATTHEWS,NC,281052659,100,,N,Y,N,N,N,N,N,N,N,Y,N,,,,,N,,,
O20230418002117,4981079209,GLENBRIDGE HEALTH AND REHABILTATION SNF LLC,0749776789,O,72,ADP OF THE SNF,2022-12-01,,,,,,,211 MILTON BROWN HEIRS RD,,BOONE,NC,286078708,,,N,Y,N,N,N,N,N,N,N,N,N,,,,,N,,,
O20230418002117,4981079209,GLENBRIDGE HEALTH AND REHABILTATION SNF LLC,7416866603,O,72,ADP OF THE SNF,2022-12-01,,,,,FORVIS MAZARS LLP,"FORVIS MAZARS, LLP",615 S COLLEGE ST,STE 700,CHARLOTTE,NC,282020132,,,N,N,N,N,N,N,N,N,Y,N,N,,,,,Y,LLP,,
O20230505002482,5890150387,"ESCONDIDO HEALTHCARE, LLC",6709306079,O,37,5% OR GREATER SECURITY INTEREST,2023-12-07,,,,,TRUIST BANK,,214 N TRYON ST,FL 14,CHARLOTTE,NC,282021078,100,N,N,N,N,N,N,N,N,Y,N,Y,N,,,,,N,,N,Y
O20230920003700,4880048123,LA ESTANCIA SNF HEALTHCARE LLC,6709306079,O,37,5% OR GREATER SECURITY INTEREST,2023-12-07,,,,,TRUIST BANK,,214 N TRYON ST,FL 14,CHARLOTTE,NC,282021078,100,N,N,N,N,N,N,N,N,Y,N,Y,N,,,,,N,,N,Y
O20230920003700,4880048123,LA ESTANCIA SNF HEALTHCARE LLC,6709306079,O,72,ADP OF THE SNF,2023-12-07,,,,,TRUIST BANK,,214 N TRYON ST,FL 14,CHARLOTTE,NC,282021078,,,N,N,N,N,N,N,N,Y,N,Y,N,,,,,N,,,
O20231024000905,8921454273,ASHEVILLE HEALTH AND REHABILITATION SNF LLC,7416866603,O,72,ADP OF THE SNF,2023-09-08,,,,,FORVIS MAZARS LLP,"FORVIS MAZARS, LLP",615 S COLLEGE ST,STE 700,CHARLOTTE,NC,282020132,,,N,N,N,N,N,N,N,N,Y,N,N,,,,,N,,,
O20231106002518,0446607998,HENDERSON SCH OPERATING LLC.,0446607998,O,43,OPERATIONAL/MANAGERIAL CONTROL,2023-01-01,,,,,HENDERSON SCH OPERATING LLC.,SENIOR CITIZENS HOME,2275 RUIN CREEK RD,,HENDERSON,NC,275378732,100,,N,Y,N,N,N,N,N,N,N,N,N,,,,,N,,,
O20240224000268,7113362682,LOMA LINDA SNF HEALTHCARE LLC,6709306079,O,37,5% OR GREATER SECURITY INTEREST,2023-12-07,,,,,TRUIST BANK,,214 N TRYON ST,FL 14,CHARLOTTE,NC,282021078,100,N,N,N,N,N,N,N,N,Y,N,N,N,,,,,N,,N,Y
O20240228003768,7719322825,SIERRA NEVADA SNF LLC,6709306079,O,37,5% OR GREATER SECURITY INTEREST,2023-12-07,,,,,TRUIST BANK,,214 N TRYON ST,FL 14,CHARLOTTE,NC,282021078,100,N,N,N,N,N,N,N,N,Y,N,Y,N,,,,,N,,N,Y
O20240306003180,0941646426,"HEMET SNF HEALTHCARE, LLC",6709306079,O,37,5% OR GREATER SECURITY INTEREST,2023-12-07,,,,,TRUIST BANK,,214 N TRYON ST,FL 14,CHARLOTTE,NC,282021078,100,N,N,N,N,N,N,N,N,Y,N,Y,N,,,,,N,,N,Y
O20240404001658,8527978774,"HACKENSACK MERIDIAN AMBULATORY CARE, INC.",8224528088,O,72,ADP OF THE SNF,2025-09-15,,,,,,,100 NORTH TRYON STREET,,CHARLOTTE,NC,282554000,,,N,N,N,N,N,N,N,Y,N,N,N,,,,,N,,,
O20240406000083,6204274475,HEMET COMMUNITY HEALTHCARE LLC,6709306079,O,37,5% OR GREATER SECURITY INTEREST,2023-12-07,,,,,TRUIST BANK,,214 N TRYON ST,FL 14,CHARLOTTE,NC,282021078,100,N,N,N,N,N,N,N,N,Y,N,N,N,,,,,N,,N,Y
O20240409000417,9133567258,"UNION COMMUNITY HEALTHCARE, LLC",6709306079,O,37,5% OR GREATER SECURITY INTEREST,2023-12-07,,,,,TRUIST BANK,,214 N TRYON ST,FL 14,CHARLOTTE,NC,282021078,100,N,N,N,N,N,N,N,N,Y,N,N,N,,,,,N,,N,Y
O20240409004396,0941648976,TICE VALLEY COMMUNITY HEALTHCARE LLC,6709306079,O,36,5% OR GREATER MORTGAGE INTEREST,2023-12-07,,,,,TRUIST BANK,,214 N TRYON ST,FL 14,CHARLOTTE,NC,282021078,100,N,N,N,N,N,N,N,N,Y,N,N,N,,,,,N,,N,Y
O20240412003670,5496194243,"FOREST ACRES COMMUNITY HEALTHCARE, LLC",6709306079,O,37,5% OR GREATER SECURITY INTEREST,2023-12-07,,,,,TRUIST BANK,,214 N TRYON ST,14TH FL,CHARLOTTE,NC,282021078,100,N,N,N,N,N,N,N,N,Y,N,N,N,,,,,N,,N,Y
O20240501001731,6507206091,BREVARD NC OPCO LLC,5698283307,O,72,ADP OF THE SNF,2025-07-04,,,,,,,3300 MONROE RD,UNIT EF,CHARLOTTE,NC,282057853,,,N,Y,N,N,N,N,N,N,N,N,N,,,,,N,,,
O20240603003425,2769924950,CITRUS HEIGHTS COMMUNITY HEALTHCARE LLC,6709306079,O,37,5% OR GREATER SECURITY INTEREST,2023-12-07,,,,,TRUIST BANK,,214 N TRYON ST,FL 14,CHARLOTTE,NC,282021078,100,N,N,N,N,N,N,N,N,Y,N,N,N,,,,,N,,N,Y
O20240604003812,7113469222,SUNNYVALE COMMUNITY HEALTHCARE LLC,6709306079,O,36,5% OR GREATER MORTGAGE INTEREST,2023-12-07,,,,,TRUIST BANK,,214 N TRYON ST,FL 14,CHARLOTTE,NC,282021078,100,N,N,N,N,N,N,N,N,Y,N,N,N,,,,,N,,N,Y
O20240805002551,7416494737,NC DEPT OF MILITARY AND VETERANS AFFAIRS,7416494737,O,34,5% OR GREATER DIRECT OWNERSHIP INTEREST,2024-08-22,,,,,NC DEPT OF MILITARY AND VETERANS AFFAIRS,NC STATE VETERANS HOME - KERNERSVILLE,413 N SALISBURY ST,,RALEIGH,NC,276031361,100,N,N,N,N,N,N,N,N,N,N,N,Y,,,,,Y,SKILLED NURSING,N,N
O20240805002551,7416494737,NC DEPT OF MILITARY AND VETERANS AFFAIRS,7416494737,O,43,OPERATIONAL/MANAGERIAL CONTROL,2024-08-22,,,,,NC DEPT OF MILITARY AND VETERANS AFFAIRS,NC STATE VETERANS HOME - KERNERSVILLE,413 N SALISBURY ST,,RALEIGH,NC,276031361,,,N,N,N,N,N,N,N,N,N,N,Y,,,,,Y,SKILLED NURSING,,
O20240805002551,7416494737,NC DEPT OF MILITARY AND VETERANS AFFAIRS,7416494737,O,72,ADP OF THE SNF,2024-08-22,,,,,NC DEPT OF MILITARY AND VETERANS AFFAIRS,NC STATE VETERANS HOME - KERNERSVILLE,413 N SALISBURY ST,,RALEIGH,NC,276031361,,,N,N,N,N,N,N,N,N,N,N,Y,,,,,Y,SKILLED NURSING,,
O20240806000665,5395282552,LACAMAS CREEK SNF HEALTHCARE LLC,6709306079,O,37,5% OR GREATER SECURITY INTEREST,2024-08-01,,,,,TRUIST BANK,,214 N TRYON ST 14TH FL,,CHARLOTTE,NC,282021078,100,N,N,N,N,N,N,N,N,Y,N,N,N,,,,,N,,N,Y
O20240806001778,8729525910,SUNNYSIDE SNF HEALTHCARE LLC,6709306079,O,37,5% OR GREATER SECURITY INTEREST,2024-08-01,,,,,TRUIST BANK,,214 N TRYON ST,FL 14,CHARLOTTE,NC,282021078,100,N,N,N,N,N,N,N,N,Y,N,N,N,,,,,N,,N,Y
O20240819001744,6406394626,LENOIR OPERATOR LLC,7113422387,O,72,ADP OF THE SNF,2024-06-01,,,,,322 NUWAY CIRCLE LLC,,322 NUWAY CIR,,LENOIR,NC,286453656,,,N,Y,N,N,N,N,N,N,N,N,N,,,,,N,,,
O20240819001744,6406394626,LENOIR OPERATOR LLC,7719425941,O,34,5% OR GREATER DIRECT OWNERSHIP INTEREST,2024-06-01,,,,,LENOIR HOLDINGS LLC,,322 NUWAY CIRCLE,,LENOIR,NC,286453656,,Y,N,Y,N,N,N,Y,N,N,N,N,N,,,,,N,,N,Y
O20240822001398,0648719682,PINE RIDGE SNF HEALTHCARE LLC,6709306079,O,37,5% OR GREATER SECURITY INTEREST,2024-08-01,,,,,TRUIST BANK,,214 N TRYON ST,FL 14,CHARLOTTE,NC,282021078,100,N,N,N,N,N,N,N,N,Y,N,Y,N,,,,,N,,N,Y
O20240822003875,7517406408,COLONIAL VISTA SNF HEALTHCARE LLC,6709306079,O,37,5% OR GREATER SECURITY INTEREST,2024-08-01,,,,,TRUIST BANK,,214 N TRYON ST,FL 14,CHARLOTTE,NC,282021078,100,N,N,N,N,N,N,N,N,Y,N,Y,N,,,,,N,,N,Y
O20240823000397,9335688258,LINDEN SNF HEALTHCARE LLC,6709306079,O,37,5% OR GREATER SECURITY INTEREST,2024-08-01,,,,,TRUIST BANK,,214 N TRYON ST,,CHARLOTTE,NC,282021078,100,N,N,N,N,N,N,N,N,Y,N,Y,N,,,,,N,,N,Y
O20240823000630,8921547852,SULLIVAN SNF HEALTHCARE LLC,6709306079,O,37,5% OR GREATER SECURITY INTEREST,2024-08-01,,,,,TRUIST BANK,,214 N TRYON ST,FL 14,CHARLOTTE,NC,282021078,100,N,N,N,N,N,N,N,N,Y,N,Y,N,,,,,N,,N,Y
O20240826000876,8325587165,ASHLAND SNF HEALTHCARE LLC,6709306079,O,37,5% OR GREATER SECURITY INTEREST,2024-09-01,,,,,TRUIST BANK,,214 N TRYON ST,FL 14,CHARLOTTE,NC,282021078,100,N,Y,N,N,N,N,N,N,Y,N,Y,N,,,,,N,,N,Y
O20240826001468,5092254847,WOODSIDE SNF HEALTHCARE LLC,6709306079,O,37,5% OR GREATER SECURITY INTEREST,2024-09-01,,,,,TRUIST BANK,,214 N TRYON ST,FL 14,CHARLOTTE,NC,282021078,100,N,Y,N,N,N,N,N,N,Y,N,Y,N,,,,,N,,N,N
O20240826001846,8628517489,GLISAN SNF HEALTHCARE LLC,6709306079,O,37,5% OR GREATER SECURITY INTEREST,2024-09-01,,,,,TRUIST BANK,,214 N TRYON ST,FL 14,CHARLOTTE,NC,282021078,100,N,Y,N,N,N,N,N,N,Y,N,Y,N,,,,,N,,N,Y
O20240828000588,7113466756,EVAN TERRACE SNF HEALTHCARE LLC,6709306079,O,37,5% OR GREATER SECURITY INTEREST,2024-09-01,,,,,TRUIST BANK,,214 N TRYON ST,,CHARLOTTE,NC,282021078,100,N,N,N,N,N,N,N,N,Y,N,Y,N,,,,,N,,N,Y
O20240829001025,8224577697,RIVERCREST SNF HEALTHCARE LLC,6709306079,O,37,5% OR GREATER SECURITY INTEREST,2024-09-01,,,,,TRUIST BANK,,214 N TRYON ST,FL 14,CHARLOTTE,NC,282021078,100,N,N,N,N,N,N,N,N,Y,N,Y,N,,,,,N,,N,Y
O20240829001486,3577002963,CRESTON SNF HEALTHCARE LLC,6709306079,O,37,5% OR GREATER SECURITY INTEREST,2024-09-01,,,,,TRUIST BANK,,214 N TRYON ST,FL 14,CHARLOTTE,NC,282021078,100,N,N,N,N,N,N,N,N,Y,N,Y,N,,,,,N,,N,Y
O20240829001753,4789123175,EVERGREEN SNF HEALTHCARE LLC,6709306079,O,37,5% OR GREATER SECURITY INTEREST,2024-09-01,,,,,TRUIST BANK,,214 N TRYON ST,FL 14,CHARLOTTE,NC,282021078,100,N,Y,N,N,N,N,N,N,Y,N,Y,N,,,,,N,,N,Y
O20240829002153,2062951460,PORTHAVEN SNF HEALTHCARE LLC,6709306079,O,37,5% OR GREATER SECURITY INTEREST,2024-09-01,,,,,TRUIST BANK,,214 N TRYON ST,FL 14,CHARLOTTE,NC,282021078,100,N,Y,N,N,N,N,N,N,Y,N,Y,N,,,,,N,,N,Y
O20240829002495,6800335217,CRESWELL SNF HEALTHCARE LLC,6709306079,O,37,5% OR GREATER SECURITY INTEREST,2024-09-01,,,,,TRUIST BANK,,214 N TRYON ST,FL 14,CHARLOTTE,NC,282021078,100,N,Y,N,N,N,N,N,N,Y,N,Y,N,,,,,N,,N,Y
O20240829003351,1153860481,COTTAGE GROVE SNF HEALTHCARE LLC,6709306079,O,37,5% OR GREATER SECURITY INTEREST,2024-09-01,,,,,TRUIST BANK,,214 N TRYON ST,FL 14,CHARLOTTE,NC,282021078,100,N,Y,N,N,N,N,N,N,Y,N,Y,N,,,,,N,,N,Y
O20240829003546,1557800885,CHEHALEM SNF HEALTHCARE LLC,6709306079,O,37,5% OR GREATER SECURITY INTEREST,2024-09-01,,,,,TRUIST BANK,,214 N TRYON ST,FL 14,CHARLOTTE,NC,282021078,100,N,Y,N,N,N,N,N,N,Y,N,Y,N,,,,,N,,N,Y
O20240829003915,5496294738,CENTENNIAL SNF HEALTHCARE LLC,6709306079,O,37,5% OR GREATER SECURITY INTEREST,2024-08-01,,,,,TRUIST BANK,,214 N TRYON ST,FL 14,CHARLOTTE,NC,282021078,100,N,N,N,N,N,N,N,N,Y,N,Y,N,,,,,N,,N,Y
O20240829004130,3375082621,WILLOWBROOK SNF HEALTHCARE LLC,6709306079,O,37,5% OR GREATER SECURITY INTEREST,2024-09-01,,,,,TRUIST BANK,,214 N TRYON ST,FL 14,CHARLOTTE,NC,282021078,100,N,N,N,N,N,N,N,N,Y,N,Y,N,,,,,N,,N,Y
O20240829004263,5991244246,STANLEY SNF HEALTHCARE LLC,6709306079,O,37,5% OR GREATER SECURITY INTEREST,2024-09-01,,,,,TRUIST BANK,,214 N TRYON ST,FL 14,CHARLOTTE,NC,282021078,100,N,N,N,N,N,N,N,N,N,N,Y,N,,,,,N,,N,Y
O20240906001999,8628518578,"PEE DEE ROAD OPERATING COMPANY, LLC",1355881202,O,34,5% OR GREATER DIRECT OWNERSHIP INTEREST,2024-08-01,,,,,ALIGNMENT HOLDCO LLC,,4214 W WENDOVER AVE,,GREENSBORO,NC,274071909,100,Y,N,Y,N,N,N,N,N,N,N,Y,N,,,,,N,,,Y
O20240906003239,1557801339,BECKFORD DRIVE OPERATING COMPANY LLC,1355881202,O,34,5% OR GREATER DIRECT OWNERSHIP INTEREST,2024-08-01,,,,,ALIGNMENT HOLDCO LLC,,4214 W WENDOVER AVE,,GREENSBORO,NC,274071909,100,N,N,Y,N,N,N,N,N,N,N,Y,N,,,,,N,,N,Y
O20240909000913,4981144730,"BLAIR STREET OPERATING COMPANY, LLC",1355881202,O,34,5% OR GREATER DIRECT OWNERSHIP INTEREST,2024-08-01,,,,,ALIGNMENT HOLDCO LLC,,4214 W WENDOVER AVE,,GREENSBORO,NC,274071909,100,Y,N,Y,N,N,N,Y,N,N,N,Y,N,,,,,N,,N,Y
O20240917003124,3072054121,MOUNTAIN VIEW SNF HEALTHCARE LLC,6709306079,O,37,5% OR GREATER SECURITY INTEREST,2024-08-01,,,,,TRUIST BANK,,214 N TRYON ST,14TH FL,CHARLOTTE,NC,282021078,100,N,N,N,N,N,N,N,N,Y,N,N,N,,,,,N,,N,Y
O20240918003735,2365983244,"CAROLINA STREET OPERATING COMPANY, LLC",1355881202,O,34,5% OR GREATER DIRECT OWNERSHIP INTEREST,2024-08-01,,,,,ALIGNMENT HOLDCO LLC,,4214 W WENDOVER AVE,,GREENSBORO,NC,274071909,100,N,N,Y,N,N,N,N,N,N,N,Y,N,,,,,N,,N,Y
O20240918004516,9931640828,"HOLDEN ROAD OPERATING COMPANY, LLC",1355881202,O,34,5% OR GREATER DIRECT OWNERSHIP INTEREST,2024-08-01,,,,,ALIGNMENT HOLDCO LLC,,4214 W WENDOVER AVE,,GREENSBORO,NC,274071909,100,N,N,Y,N,N,N,Y,N,N,N,Y,N,,,,,N,,N,Y
O20241107003975,9638603079,BLUMENTHAL OPERATOR LLC,0345747069,O,72,ADP OF THE SNF,2024-06-01,,,,,3724 WIRELESS DRIVE LLC,,3724 WIRELESS DRIVE,,GREENSBORO,NC,274553312,,,N,Y,N,N,N,N,N,N,N,N,N,,,,,N,,,
O20241107003975,9638603079,BLUMENTHAL OPERATOR LLC,7416486600,O,34,5% OR GREATER DIRECT OWNERSHIP INTEREST,2024-06-01,,,,,BLUMENTHAL HOLDINGS LLC,,3724 WIRELESS DR,,GREENSBORO,NC,274553312,100,Y,N,N,N,N,N,Y,N,N,N,N,N,,,,,N,,Y,Y
O20241120000537,8426493537,"LIBERTY COMMONS OF ROBESON COUNTY, LLC",0941736300,O,35,5% OR GREATER INDIRECT OWNERSHIP INTEREST,2023-10-01,,,,,LIBERTY REAL PROPERTIES VII LLC,,2334 41ST ST,,WILMINGTON,NC,284035502,50,N,N,Y,N,N,N,N,Y,N,N,N,N,,,,,N,,N,N
O20241120000537,8426493537,"LIBERTY COMMONS OF ROBESON COUNTY, LLC",2860928223,O,35,5% OR GREATER INDIRECT OWNERSHIP INTEREST,2023-10-01,,,,,LIBERTY REAL PROPERTIES II LLC,,2334 41ST ST,,WILMINGTON,NC,284035502,50,N,N,Y,N,N,N,Y,N,N,N,N,N,,,,,N,,N,N
O20241120000537,8426493537,"LIBERTY COMMONS OF ROBESON COUNTY, LLC",2961762422,O,35,5% OR GREATER INDIRECT OWNERSHIP INTEREST,2023-10-01,,,,,RONALD B. AND CYNTHIA J. MCNEILL 2013 IRREVOCABLE TRUST,,2334 41ST ST,,WILMINGTON,NC,284035502,24,N,N,N,N,N,N,N,N,N,N,N,N,,,,Y,N,,N,N
O20241120000537,8426493537,"LIBERTY COMMONS OF ROBESON COUNTY, LLC",2961762422,O,72,ADP OF THE SNF,2024-12-09,,,,,RONALD B. AND CYNTHIA J. MCNEILL 2013 IRREVOCABLE TRUST,,2334 41ST ST,,WILMINGTON,NC,284035502,,,N,N,N,N,N,N,N,N,N,N,N,,,,Y,N,,,
O20241120000537,8426493537,"LIBERTY COMMONS OF ROBESON COUNTY, LLC",4587574355,O,72,ADP OF THE SNF,2024-11-20,,,,,LIBERTY HEALTHCARE GROUP LLC,LIBERTY COMMONS NURSING AND REHABILITATION CENTER OF WATAUGA COUNTY,2334 41ST ST,,WILMINGTON,NC,284035502,,,N,Y,N,N,N,N,N,N,N,N,N,,,,,N,,,
O20241120000537,8426493537,"LIBERTY COMMONS OF ROBESON COUNTY, LLC",4587574355,O,86,INDIRECT OWNERSHIP INTEREST,2023-10-01,,,,,LIBERTY HEALTHCARE GROUP LLC,LIBERTY COMMONS NURSING AND REHABILITATION CENTER OF WATAUGA COUNTY,2334 41ST ST,,WILMINGTON,NC,284035502,100,N,N,Y,N,N,N,N,N,N,N,N,N,,,,,N,,Y,Y
O20241120000537,8426493537,"LIBERTY COMMONS OF ROBESON COUNTY, LLC",6305756172,O,34,5% OR GREATER DIRECT OWNERSHIP INTEREST,2023-10-01,,,,,LIBERTY LONG TERM CARE LLC,,2334 41ST ST,,WILMINGTON,NC,284035502,100,N,N,Y,N,N,N,Y,N,N,N,N,N,,,,,N,,N,N
O20241120000537,8426493537,"LIBERTY COMMONS OF ROBESON COUNTY, LLC",6305756172,O,72,ADP OF THE SNF,2024-12-06,,,,,LIBERTY LONG TERM CARE LLC,,2334 41ST ST,,WILMINGTON,NC,284035502,,,N,Y,N,N,N,Y,N,N,N,N,N,,,,,N,,,
O20241120000537,8426493537,"LIBERTY COMMONS OF ROBESON COUNTY, LLC",7416047246,O,72,ADP OF THE SNF,2024-12-09,,,,,LONG TERM CARE MANAGEMENT SERVICES LLC,,2334 41ST ST,,WILMINGTON,NC,284035502,,,N,Y,N,Y,N,N,N,N,N,N,N,,,,,N,,,
O20241120000537,8426493537,"LIBERTY COMMONS OF ROBESON COUNTY, LLC",8224398789,O,35,5% OR GREATER INDIRECT OWNERSHIP INTEREST,2023-10-01,,,,,JOHN A MCNEILL JR 2012 IRRV TR,,2334 41ST ST,,WILMINGTON,NC,284035502,24,Y,N,N,N,N,N,N,N,N,N,N,N,,,,Y,N,,N,N
O20241120000537,8426493537,"LIBERTY COMMONS OF ROBESON COUNTY, LLC",8426493537,O,35,5% OR GREATER INDIRECT OWNERSHIP INTEREST,2023-10-01,,,,,"LIBERTY COMMONS OF ROBESON COUNTY, LLC",WOODHAVEN NURSING CENTER,2334 41ST ST,,WILMINGTON,NC,284035502,100,N,N,Y,N,N,N,N,N,N,N,N,N,,,,,N,,N,N
O20241205000406,1355877085,"CLEMMONS ROAD OPERATING COMPANY, LLC",1355881202,O,34,5% OR GREATER DIRECT OWNERSHIP INTEREST,2024-08-01,,,,,ALIGNMENT HOLDCO LLC,,4214 W WENDOVER AVE,,GREENSBORO,NC,274071909,100,Y,N,Y,N,N,N,N,N,N,N,Y,N,,,,,N,,,Y
O20241211001077,0749716991,"BRIAN CENTER DRIVE OPERATING COMPANY, LLC",1355881202,O,34,5% OR GREATER DIRECT OWNERSHIP INTEREST,2024-08-01,,,,,ALIGNMENT HOLDCO LLC,,4214 W WENDOVER AVE,,GREENSBORO,NC,274071909,100,Y,N,Y,N,N,N,N,N,N,N,Y,N,,,,,N,,,Y
O20241211002051,5294261475,"BRIAN CENTER LANE OPERATING COMPANY, LLC",1355881202,O,34,5% OR GREATER DIRECT OWNERSHIP INTEREST,2024-08-01,,,,,ALIGNMENT HOLDCO LLC,,4214 W WENDOVER AVE,,GREENSBORO,NC,274071909,100,Y,N,Y,N,N,N,N,N,N,N,Y,N,,,,,N,,,Y
O20250203002976,4284164492,MAPLE AVENUE OPERATING COMPANY LLC,1355881202,O,34,5% OR GREATER DIRECT OWNERSHIP INTEREST,2024-08-01,,,,,ALIGNMENT HOLDCO LLC,,4214 W WENDOVER AVE,,GREENSBORO,NC,274071909,100,Y,N,Y,N,N,N,N,N,N,N,Y,N,,,,,N,,,Y
O20250204001865,4587194758,SHADYSIDE SNF HEALTHCARE LLC,5193988608,O,36,5% OR GREATER MORTGAGE INTEREST,2024-11-01,,,,,TRUIST,,214 N TRYON ST,FL 14,CHARLOTTE,NC,282021078,100,N,N,N,N,N,N,N,N,Y,N,N,N,,,,,N,,N,Y
O20250314002074,4486176815,"PROVIDENCE PLACE, LLC",5698684215,O,34,5% OR GREATER DIRECT OWNERSHIP INTEREST,2024-10-01,,,,,EVERYAGE,ABERNETHY LAURELS,100 LEONARD AVE,,NEWTON,NC,286589649,,N,Y,N,N,N,N,N,N,N,N,N,Y,,,Y,,N,,Y,N
O20250314002074,4486176815,"PROVIDENCE PLACE, LLC",5698684215,O,37,5% OR GREATER SECURITY INTEREST,2024-10-01,,,,,EVERYAGE,ABERNETHY LAURELS,100 LEONARD AVE,,NEWTON,NC,286589649,,N,Y,N,N,N,N,N,N,N,N,N,Y,,,Y,,N,,Y,N
O20250314002074,4486176815,"PROVIDENCE PLACE, LLC",5698684215,O,43,OPERATIONAL/MANAGERIAL CONTROL,2024-10-01,,,,,EVERYAGE,ABERNETHY LAURELS,100 LEONARD AVE,,NEWTON,NC,286589649,,,Y,N,N,N,N,N,N,N,N,N,Y,,,Y,,N,,,
O20250314002074,4486176815,"PROVIDENCE PLACE, LLC",5698684215,O,72,ADP OF THE SNF,2026-01-02,,,,,EVERYAGE,ABERNETHY LAURELS,100 LEONARD AVE,,NEWTON,NC,286589649,,,Y,N,N,N,N,N,N,N,N,N,Y,,,Y,,N,,,
O20250319001418,6002338050,BRIDGE CREST SNF HEALTHCARE LLC,6709306079,O,37,5% OR GREATER SECURITY INTEREST,2024-08-01,,,,,TRUIST BANK,,214 N TRYON ST,FL 14,CHARLOTTE,NC,282021078,100,N,N,N,N,N,N,N,N,Y,N,N,N,,,,,N,,N,Y
O20250322000010,6608398375,ORANGEBURG COMMUNITY HEALTHCARE LLC,6709306079,O,37,5% OR GREATER SECURITY INTEREST,2024-07-16,,,,,TRUIST BANK,,214 N TRYON ST,FL 14,CHARLOTTE,NC,282021078,100,N,N,N,N,N,N,N,N,Y,N,N,N,,,,,N,,N,Y
O20250322000010,6608398375,ORANGEBURG COMMUNITY HEALTHCARE LLC,6709306079,O,72,ADP OF THE SNF,2024-07-16,,,,,TRUIST BANK,,214 N TRYON ST,FL 14,CHARLOTTE,NC,282021078,,,N,N,N,N,N,N,N,Y,N,N,N,,,,,N,,,
O20250421001236,5395260558,NASHVILLE SNF HEALTHCARE LLC,0244474674,O,37,5% OR GREATER SECURITY INTEREST,2025-02-01,,,,,BRANCH BANKING & TRUST COMPANY,TRUIST FINANCIAL CORPORATION,214 N TRYON ST,FL 14,CHARLOTTE,NC,282021078,100,N,Y,N,N,N,N,N,N,Y,N,Y,N,,,,,N,,N,Y
O20250421001236,5395260558,NASHVILLE SNF HEALTHCARE LLC,6709306079,O,37,5% OR GREATER SECURITY INTEREST,2025-02-01,,,,,TRUIST BANK,,214 N TRYON ST,FL 14,CHARLOTTE,NC,282021078,100,N,N,N,N,N,N,N,N,Y,N,Y,N,,,,,N,,N,Y
O20250524000175,5395264113,RUTHERFORDTON NC OPCO LLC,6204355027,O,72,ADP OF THE SNF,2025-04-28,,,,,,,3300 MONROE RD,UNIT EF,CHARLOTTE,NC,282057853,,,N,Y,N,N,N,N,N,N,N,N,N,,,,,N,,,
O20250530000133,1052820321,NSH COLBY LLC,5698284966,O,43,OPERATIONAL/MANAGERIAL CONTROL,2025-02-01,,,,,CONTINUUM THERAPY PARTNERS LLC,,6000 FAIRVIEW RD,STE 537,CHARLOTTE,NC,282102204,,,N,N,N,Y,N,N,N,N,N,N,N,,,,,N,,,
O20250530000133,1052820321,NSH COLBY LLC,5698284966,O,72,ADP OF THE SNF,2025-03-31,,,,,CONTINUUM THERAPY PARTNERS LLC,,6000 FAIRVIEW RD,STE 537,CHARLOTTE,NC,282102204,,,N,N,N,Y,N,N,N,N,N,N,N,,,,,N,,,
O20250616002493,2567973647,OXFORD OPERATOR LLC,1052776499,O,72,ADP OF THE SNF,2024-06-01,,,,,ML MILANO 2022 FAMILY TRUST,,500 PROSPECT AVE,,OXFORD,NC,275652543,,,N,N,N,N,N,N,N,N,N,N,N,,,,Y,N,,,
O20250616002493,2567973647,OXFORD OPERATOR LLC,1052776499,O,86,INDIRECT OWNERSHIP INTEREST,2024-06-01,,,,,ML MILANO 2022 FAMILY TRUST,,500 PROSPECT AVE,,OXFORD,NC,275652543,22.13,N,N,N,N,N,N,N,N,N,N,N,N,,,,Y,N,,N,N
O20250616002493,2567973647,OXFORD OPERATOR LLC,4183136492,O,72,ADP OF THE SNF,2025-12-21,,,,,ML MILANO 2022 FAMILY GRANTOR TRUST,,500 PROSPECT AVE,,OXFORD,NC,275652543,,,N,N,N,N,N,N,N,N,N,N,N,,,,Y,N,,,
O20250616002493,2567973647,OXFORD OPERATOR LLC,4183136492,O,86,INDIRECT OWNERSHIP INTEREST,2024-06-01,,,,,ML MILANO 2022 FAMILY GRANTOR TRUST,,500 PROSPECT AVE,,OXFORD,NC,275652543,1.14,N,N,N,N,N,N,N,N,N,N,N,N,,,,Y,N,,N,N
O20250616002493,2567973647,OXFORD OPERATOR LLC,6002301694,O,72,ADP OF THE SNF,2024-06-01,,,,,500 PROSPECT AVENUE LLC,,500 PROSPECT AVE,,OXFORD,NC,275652543,,,N,Y,N,N,N,N,N,N,N,N,N,,,,,N,,,
O20250616002493,2567973647,OXFORD OPERATOR LLC,6204323140,O,85,DIRECT OWNERSHIP INTEREST,2024-06-01,,,,,OXFORD HOLDINGS I LLC,,500 PROSPECT AVENUE,,OXFORD,NC,275652543,100,Y,N,Y,N,N,N,Y,N,N,N,N,N,,,,,N,,N,Y
O20250616002493,2567973647,OXFORD OPERATOR LLC,6204323140,O,86,INDIRECT OWNERSHIP INTEREST,2024-06-01,,,,,OXFORD HOLDINGS I LLC,,500 PROSPECT AVENUE,,OXFORD,NC,275652543,100,Y,N,Y,N,N,N,Y,N,N,N,N,N,,,,,N,,N,Y
O20250616002493,2567973647,OXFORD OPERATOR LLC,7911419221,O,72,ADP OF THE SNF,2024-06-01,,,,,IB MIMI 2022 FAMILY GRANTOR TRUST,,500 PROSPECT AVE,,OXFORD,NC,275652543,,,N,N,N,N,N,N,N,N,N,N,N,,,,Y,N,,,
O20250616002493,2567973647,OXFORD OPERATOR LLC,7911419221,O,86,INDIRECT OWNERSHIP INTEREST,2024-06-01,,,,,IB MIMI 2022 FAMILY GRANTOR TRUST,,500 PROSPECT AVE,,OXFORD,NC,275652543,22.13,N,N,N,N,N,N,N,N,N,N,N,N,,,,Y,N,,N,N
O20250701000561,1951814193,RAMSEUR OPERATOR LLC,5597278747,O,72,ADP OF THE SNF,2025-03-28,,,,,,,3917 WESTPOINT BLVD,,WINSTON SALEM,NC,271036723,,,N,Y,N,N,N,N,N,N,Y,N,N,,,,,N,,,
O20250710004052,7719492610,FOREST GROVE SNF HEALTHCARE LLC,6709306079,O,37,5% OR GREATER SECURITY INTEREST,2024-09-01,,,,,TRUIST BANK,,214 N TRYON ST,FL 14,CHARLOTTE,NC,282021078,100,N,N,N,N,N,N,N,N,Y,N,Y,N,,,,,N,,N,Y
O20250711002008,8123533957,TIMBERLINE SNF HEALTHCARE LLC,6709306079,O,37,5% OR GREATER SECURITY INTEREST,2024-09-01,,,,,TRUIST BANK,,214 N TRYON ST,FL 14,CHARLOTTE,NC,282021078,100,N,N,N,N,N,N,N,N,Y,N,Y,N,,,,,N,,N,Y
O20250712000147,9335654060,MURFREESBORO SNF HEALTHCARE LLC,0244474674,O,37,5% OR GREATER SECURITY INTEREST,2025-01-01,,,,,BRANCH BANKING & TRUST COMPANY,TRUIST FINANCIAL CORPORATION,214 N TRYON ST,FL 14,CHARLOTTE,NC,282021078,100,N,N,N,N,N,N,N,N,Y,N,Y,N,,,,,N,,N,Y
O20250712000147,9335654060,MURFREESBORO SNF HEALTHCARE LLC,6709306079,O,37,5% OR GREATER SECURITY INTEREST,2025-01-01,,,,,TRUIST BANK,,214 N TRYON ST,FL 14,CHARLOTTE,NC,282021078,100,N,N,N,N,N,N,N,N,Y,N,Y,N,,,,,N,,N,Y
O20250721001699,6103332820,LIBERTY COMMONS OF HAYWOOD COUNTY LLC,1850201625,O,72,ADP OF THE SNF,2024-09-05,,,,,LIBERTY HEALTHCARE MANAGEMENT INC,,2334 S 41ST STREET,,WILMNGTON,NC,280405502,,,Y,N,N,Y,N,N,N,N,N,N,N,,,Y,,N,,,
O20250721001699,6103332820,LIBERTY COMMONS OF HAYWOOD COUNTY LLC,2668988106,O,72,ADP OF THE SNF,2024-09-05,,,,,LIBERTY HEALTHCARE PROPERTIES OF HAYWOOD COUNTY II LLC,,2334 S 41ST STREET,,WILMINGTON,NC,28403,,,N,Y,N,N,N,N,N,N,N,N,N,,,,,N,,,
O20250721001699,6103332820,LIBERTY COMMONS OF HAYWOOD COUNTY LLC,2860911682,O,72,ADP OF THE SNF,2024-09-05,,,,,JOHN A MCNEILL JR 2014 IRREVOCABLE TRUST,,2334 S 41ST STREET,,WILMINGTON,NC,284035502,,,N,N,N,N,N,N,N,N,N,N,N,,,,,Y,TRUST,,
O20250721001699,6103332820,LIBERTY COMMONS OF HAYWOOD COUNTY LLC,2860911682,O,86,INDIRECT OWNERSHIP INTEREST,2024-09-05,,,,,JOHN A MCNEILL JR 2014 IRREVOCABLE TRUST,,2334 S 41ST STREET,,WILMINGTON,NC,284035502,30,N,N,N,N,N,N,N,N,N,N,N,N,,,,,Y,TRUST,N,N
O20250721001699,6103332820,LIBERTY COMMONS OF HAYWOOD COUNTY LLC,2860928223,O,72,ADP OF THE SNF,2024-09-05,,,,,LIBERTY REAL PROPERTIES II LLC,,2334 S 41ST STREET,,WILMINGTON,NC,284035502,,,N,Y,N,N,N,Y,N,N,N,N,N,,,,,N,,,
O20250721001699,6103332820,LIBERTY COMMONS OF HAYWOOD COUNTY LLC,2860928223,O,85,DIRECT OWNERSHIP INTEREST,2024-09-05,,,,,LIBERTY REAL PROPERTIES II LLC,,2334 S 41ST STREET,,WILMINGTON,NC,284035502,,N,N,Y,N,N,N,Y,N,N,N,N,N,,,,,N,,N,Y
O20250721001699,6103332820,LIBERTY COMMONS OF HAYWOOD COUNTY LLC,2961762422,O,86,INDIRECT OWNERSHIP INTEREST,2024-09-05,,,,,RONALD B. AND CYNTHIA J. MCNEILL 2013 IRREVOCABLE TRUST,,2334 S 41ST STREET,,WILMINGTON,NC,284035502,,N,N,N,N,N,N,N,N,N,N,N,N,,,,Y,N,,N,N
O20250721001699,6103332820,LIBERTY COMMONS OF HAYWOOD COUNTY LLC,4587183306,O,86,INDIRECT OWNERSHIP INTEREST,2024-09-05,,,,,RONALD B AND CYNTHIA J MCNEIL 2014 IRREVOCABLE TRUST,,2334 41ST ST,,WILMINGTON,NC,284035502,30,N,N,N,N,N,N,N,N,N,N,N,N,,,,Y,N,,N,N
O20250721001699,6103332820,LIBERTY COMMONS OF HAYWOOD COUNTY LLC,4587574355,O,86,INDIRECT OWNERSHIP INTEREST,2024-09-05,,,,,LIBERTY HEALTHCARE GROUP LLC,LIBERTY COMMONS NURSING AND REHABILITATION CENTER OF WATAUGA COUNTY,2334 S 41ST STREET,,WILMINGTON,NC,284035502,100,N,N,Y,N,N,N,N,N,N,N,N,N,,,,,N,,Y,Y
O20250721001699,6103332820,LIBERTY COMMONS OF HAYWOOD COUNTY LLC,6305756172,O,85,DIRECT OWNERSHIP INTEREST,2024-09-05,,,,,LIBERTY LONG TERM CARE LLC,,2334 S 41ST STREET,,WILMINGTON,NC,284035502,100,N,N,Y,N,N,N,Y,N,N,N,N,N,,,,,N,,N,Y
O20250721001699,6103332820,LIBERTY COMMONS OF HAYWOOD COUNTY LLC,6406362946,O,72,ADP OF THE SNF,2024-09-05,,,,,LIBERTY HEALTHCARE PROPERTIES OF HAYWOOD COUNTY LLC,,2334 S 41ST STREET,,WILMINGTON,NC,28403,,,N,Y,N,N,N,N,N,N,N,N,N,,,,,N,,,
O20250721001699,6103332820,LIBERTY COMMONS OF HAYWOOD COUNTY LLC,7416047246,O,72,ADP OF THE SNF,2024-09-05,,,,,LONG TERM CARE MANAGEMENT SERVICES LLC,,2334 S 41ST STREET,,WILMINGTON,NC,284035502,,,N,Y,N,Y,N,N,N,N,N,N,N,,,,,N,,,
O20250721001699,6103332820,LIBERTY COMMONS OF HAYWOOD COUNTY LLC,8224398789,O,86,INDIRECT OWNERSHIP INTEREST,2024-09-05,,,,,JOHN A MCNEILL JR 2012 IRRV TR,,2334 S 41ST STREET,,WILMINGTON,NC,284035502,24,N,N,N,N,N,N,N,N,N,N,N,N,,,,Y,N,,N,N
O20250812003593,9931607587,RENTON SNF HEALTHCARE LLC,0244474674,O,37,5% OR GREATER SECURITY INTEREST,2025-01-10,,,,,BRANCH BANKING & TRUST COMPANY,TRUIST FINANCIAL CORPORATION,214 N TRYON ST,FL 14,CHARLOTTE,NC,282021078,100,N,Y,N,N,N,N,N,N,Y,N,Y,N,,,,,N,,N,Y
O20250812003593,9931607587,RENTON SNF HEALTHCARE LLC,6709306079,O,37,5% OR GREATER SECURITY INTEREST,2025-01-10,,,,,TRUIST BANK,,214 N TRYON ST,FL 14,CHARLOTTE,NC,282021078,100,N,N,N,N,N,N,N,N,Y,N,Y,N,,,,,N,,N,Y
O20250820002618,2860992351,SOUTHLAND OPERATIONS LLC,8123528619,O,72,ADP OF THE SNF,2025-06-18,,,,,,,9547 BUFORD LN NW,,CONCORD,NC,28027,,,N,Y,N,Y,N,N,N,N,N,Y,N,,,,,N,,,
O20250907000153,2264934470,WEST FIRST STREET OPERATING COMPANY LLC,1355881202,O,34,5% OR GREATER DIRECT OWNERSHIP INTEREST,2024-08-01,,,,,ALIGNMENT HOLDCO LLC,,4214 W WENDOVER AVE,,GREENSBORO,NC,274071909,100,Y,N,Y,N,N,N,N,N,N,N,Y,N,,,,,N,,N,Y
O20250907000153,2264934470,WEST FIRST STREET OPERATING COMPANY LLC,1355881202,O,85,DIRECT OWNERSHIP INTEREST,2024-08-01,,,,,ALIGNMENT HOLDCO LLC,,4214 W WENDOVER AVE,,GREENSBORO,NC,274071909,100,Y,N,Y,N,N,N,N,N,N,N,Y,N,,,,,N,,N,Y
O20250912002775,6901309111,"WILKINSON BLVD OPERATING COMPANY, LLC",1153824370,O,34,5% OR GREATER DIRECT OWNERSHIP INTEREST,2025-07-16,,,,,BRIDGE HOLDCO LLC,,4214 W WENDOVER AVE,,GREENSBORO,NC,274071909,100,Y,N,Y,N,N,N,Y,N,N,N,Y,N,,,,,N,,N,Y
O20250912002775,6901309111,"WILKINSON BLVD OPERATING COMPANY, LLC",1153824370,O,85,DIRECT OWNERSHIP INTEREST,2025-07-16,,,,,BRIDGE HOLDCO LLC,,4214 W WENDOVER AVE,,GREENSBORO,NC,274071909,100,Y,N,Y,N,N,N,Y,N,N,N,Y,N,,,,,N,,N,Y
O20250914000032,0143723254,SYLVA OPERATIONS LLC,5698278703,O,72,ADP OF THE SNF,2025-01-15,,,,,,,9547 BUFORD LANE NW,,CONCORD,NC,28027,,,N,Y,N,Y,N,N,N,N,N,Y,N,,,,,N,,,
O20251010003187,2567969827,SUMTER OPERATIONS LLC,4284131541,O,72,ADP OF THE SNF,2025-07-31,,,,,,,9547 BUFORD LN NW,,CONCORD,NC,28027,,,N,Y,N,Y,N,N,N,N,N,Y,N,,,,,N,,,
O20251014000851,7911494034,GEORGETOWN OPERATIONS LLC,4385131432,O,72,ADP OF THE SNF,2025-07-23,,,,,,,9547 BUFORD LN NW,,CONCORD,NC,28027,,,N,Y,N,Y,N,N,N,N,N,Y,N,,,,,N,,,
O20251016000764,4486141108,SELMER SNF HEALTHCARE LLC,0244474674,O,37,5% OR GREATER SECURITY INTEREST,2025-01-01,,,,,BRANCH BANKING & TRUST COMPANY,TRUIST FINANCIAL CORPORATION,214 N TRYON ST,FL 14,CHARLOTTE,NC,282021078,100,N,Y,N,N,N,N,N,N,Y,N,Y,N,,,,,N,,N,Y
O20251016000764,4486141108,SELMER SNF HEALTHCARE LLC,4385131002,O,37,5% OR GREATER SECURITY INTEREST,2025-01-01,,,,,TRUIST BANK,,214 N TRYON ST,FL 14,CHARLOTTE,NC,282021078,100,N,Y,N,N,N,N,N,N,Y,N,Y,N,,,,,N,,N,Y
