cms_certification_number_ccn,provider_name,provider_address,citytown,state,zip_code,telephone_number,provider_ssa_county_code,countyparish,urban,ownership_type,number_of_certified_beds,average_number_of_residents_per_day,average_number_of_residents_per_day_footnote,provider_type,provider_resides_in_hospital,legal_business_name,date_first_approved_to_provide_medicare_and_medicaid_services,chain_name,chain_id,number_of_facilities_in_chain,chain_average_overall_5star_rating,chain_average_health_inspection_rating,chain_average_staffing_rating,chain_average_qm_rating,continuing_care_retirement_community,special_focus_status,abuse_icon,most_recent_health_inspection_more_than_2_years_ago,provider_changed_ownership_in_last_12_months,with_a_resident_and_family_council,automatic_sprinkler_systems_in_all_required_areas,overall_rating,overall_rating_footnote,health_inspection_rating,health_inspection_rating_footnote,qm_rating,qm_rating_footnote,longstay_qm_rating,longstay_qm_rating_footnote,shortstay_qm_rating,shortstay_qm_rating_footnote,staffing_rating,staffing_rating_footnote,reported_staffing_footnote,physical_therapist_staffing_footnote,reported_nurse_aide_staffing_hours_per_resident_per_day,reported_lpn_staffing_hours_per_resident_per_day,reported_rn_staffing_hours_per_resident_per_day,reported_licensed_staffing_hours_per_resident_per_day,reported_total_nurse_staffing_hours_per_resident_per_day,total_number_of_nurse_staff_hours_per_resident_per_day_on_t_4a14,registered_nurse_hours_per_resident_per_day_on_the_weekend,reported_physical_therapist_staffing_hours_per_resident_per_day,total_nursing_staff_turnover,total_nursing_staff_turnover_footnote,registered_nurse_turnover,registered_nurse_turnover_footnote,number_of_administrators_who_have_left_the_nursing_home,administrator_turnover_footnote,nursing_casemix_index,nursing_casemix_index_ratio,casemix_nurse_aide_staffing_hours_per_resident_per_day,casemix_lpn_staffing_hours_per_resident_per_day,casemix_rn_staffing_hours_per_resident_per_day,casemix_total_nurse_staffing_hours_per_resident_per_day,casemix_weekend_total_nurse_staffing_hours_per_resident_per_day,adjusted_nurse_aide_staffing_hours_per_resident_per_day,adjusted_lpn_staffing_hours_per_resident_per_day,adjusted_rn_staffing_hours_per_resident_per_day,adjusted_total_nurse_staffing_hours_per_resident_per_day,adjusted_weekend_total_nurse_staffing_hours_per_resident_per_day,rating_cycle_1_standard_survey_health_date,rating_cycle_1_total_number_of_health_deficiencies,rating_cycle_1_number_of_standard_health_deficiencies,rating_cycle_1_number_of_complaint_health_deficiencies,rating_cycle_1_health_deficiency_score,rating_cycle_1_number_of_health_revisits,rating_cycle_1_health_revisit_score,rating_cycle_1_total_health_score,rating_cycle_2_standard_health_survey_date,rating_cycle_23_total_number_of_health_deficiencies,rating_cycle_2_number_of_standard_health_deficiencies,rating_cycle_23_number_of_complaint_health_deficiencies,rating_cycle_23_health_deficiency_score,rating_cycle_23_number_of_health_revisits,rating_cycle_23_health_revisit_score,rating_cycle_23_total_health_score,total_weighted_health_survey_score,number_of_citations_from_infection_control_inspections,number_of_fines,total_amount_of_fines_in_dollars,number_of_payment_denials,total_number_of_penalties,location,latitude,longitude,geocoding_footnote,processing_date
345000,Autumn Care Of Biscoe,401 Lambert Road,Biscoe,NC,27209,9104282117,610,Montgomery,N,For profit - Limited Liability company,141,96.1,,Medicare and Medicaid,N,AUTUMN CARE OF BISCOE LLC,1980-01-01,SABER HEALTHCARE GROUP,461,126,3.0,2.7,2.3,4.0,N,,N,N,N,Resident,Yes,3,,3,,4,,4,,4,,2,,,,1.90435,0.82934,0.34986,1.17920,3.08355,2.70969,0.23787,0.03382,30.9,,11.1,,0,,1.35097,0.97074,2.26371,0.83514,0.65944,3.75829,3.33411,1.94806,0.84837,0.35789,3.15433,2.77188,2025-03-13,4,4,0,20,1,0,20,2024-03-20,9,9,2,72,1,0,72,33.000,,1,15350.00,0,1,"401 Lambert Road,Biscoe,NC,27209",35.3659,-79.79,,2026-04-01
345001,Hillcrest Convalescent Center,1417 W Pettigrew Street,Durham,NC,27705,9192867705,310,Durham,Y,For profit - Corporation,86,74.6,,Medicare and Medicaid,N,"HILLCREST CONVALESCENT CENTER, INC.",1967-01-01,,,,,,,,N,,N,N,N,Resident,Yes,5,,5,,4,,4,,4,,5,,,,3.57343,0.98565,1.12537,2.11102,5.68444,5.19258,1.15257,0.40041,37.4,,15.0,,0,,1.31510,0.94497,2.20361,0.81297,0.64193,3.65851,3.24559,3.75514,1.03577,1.18260,5.97351,5.45664,2025-02-21,0,0,0,0,0,0,0,2023-12-14,0,0,0,0,0,0,0,0.000,,0,0.00,0,0,"1417 W Pettigrew Street,Durham,NC,27705",36.0047,-78.918,,2026-04-01
345002,Cypress Pointe Rehabilitation Center,2006 South 16th Street,Wilmington,NC,28401,9107636271,640,New Hanover,Y,For profit - Partnership,90,77.6,,Medicare and Medicaid,N,CYPRESS POINTE REHABILITATION CENTER LLC,1976-06-01,SOVEREIGN HEALTHCARE HOLDINGS,482,43,3.7,3.2,3.0,4.5,N,,N,N,N,Resident,Yes,5,,5,,5,,5,,5,,4,,,,2.32627,0.56051,0.80897,1.36948,3.69576,3.63894,0.49913,0.27297,47.6,,30.8,,0,,1.32382,0.95123,2.21822,0.81836,0.64619,3.68277,3.26711,2.42846,0.58514,0.84451,3.85811,3.79880,2025-03-20,1,1,0,4,1,0,4,2024-02-22,1,1,0,8,1,0,8,5.000,,0,0.00,0,0,"2006 South 16th Street,Wilmington,NC,28401",34.21,-77.926,,2026-04-01
345003,Silas Creek Rehabilitation Center,3350 Silas Creek Parkway,Winston Salem,NC,27103,3367650550,330,Forsyth,Y,For profit - Limited Liability company,90,75.6,,Medicare and Medicaid,N,SILAS CREEK REHABILITATION CENTER LLC,1976-06-01,SOVEREIGN HEALTHCARE HOLDINGS,482,43,3.7,3.2,3.0,4.5,N,,N,N,N,Resident,Yes,5,,5,,3,,2,,4,,3,,,,2.11821,0.84433,0.70981,1.55414,3.67235,3.08414,0.46113,0.10526,54.1,,58.3,,0,,1.28476,0.92317,2.15278,0.79421,0.62712,3.57412,3.17072,2.27848,0.90822,0.76351,3.95021,3.31750,2025-05-02,0,0,0,0,0,0,0,2024-03-07,0,0,0,0,0,0,0,0.000,,0,0.00,0,0,"3350 Silas Creek Parkway,Winston Salem,NC,27103",36.0751,-80.299,,2026-04-01
345004,PERSON MEMORIAL HOSPITAL,615 RIDGE ROAD,ROXBORO,NC,27573,3365035707,720,Person,Y,For profit - Limited Liability company,56,45.0,,Medicare and Medicaid,Y,DLP PERSON MEMORIAL HOSPITAL LLC,1967-01-01,LIFEPOINT HEALTH,787,8,4.0,4.1,3.0,3.1,N,,N,N,N,Resident,Yes,1,,2,,2,,1,,3,,1,,,,1.93713,0.62297,0.63475,1.25772,3.19485,2.79869,0.39142,0.00000,100.0,,100.0,,,26,1.35884,0.97640,2.27691,0.84001,0.66328,3.78020,3.35354,1.97011,0.63357,0.64556,3.24924,2.84633,2025-12-17,5,4,1,99,1,0,99,2024-09-19,7,7,4,52,1,0,52,87.250,,10,65099.00,1,11,"615 RIDGE ROAD,ROXBORO,NC,27573",36.407,-78.985,,2026-04-01
345006,Blumenthal Health and Rehabilitation Center,3724 Wireless Drive,Greensboro,NC,27455,8284592977,400,Guilford,Y,For profit - Limited Liability company,134,113.3,,Medicare and Medicaid,N,BLUMENTHAL OPERATOR LLC,1967-01-01,LIFEWORKS REHAB,768,62,2.1,2.1,1.5,4.0,N,SFF Candidate,Y,N,N,Resident,Yes,1,,1,,3,,3,,3,,2,,,,2.35466,0.70640,0.47798,1.18438,3.53904,3.05826,0.32822,0.14188,82.9,,61.1,,1,,1.30664,0.93889,2.18944,0.80774,0.63780,3.63498,3.22471,2.49042,0.74713,0.50554,3.74309,3.23458,2025-09-13,33,28,16,164,2,82,246,2024-11-01,26,12,19,482,1,0,482,305.000,1,4,217768.00,2,6,"3724 Wireless Drive,Greensboro,NC,27455",36.12,-79.825,,2026-04-01
345010,Bear Mountain Health and Rehabilitation,500 Beaverdam Road,Asheville,NC,28804,8282548833,100,Buncombe,Y,For profit - Limited Liability company,77,69.7,,Medicare and Medicaid,N,ASHEVILLE BEAVERDAM NC OPCO LLC,1967-10-01,ASCENT HEALTHCARE MANAGEMENT,799,6,2.3,2.7,2.0,2.0,N,,N,N,N,Resident,Yes,3,,3,,2,,2,,,2,2,,,,2.03616,0.60039,0.42966,1.03005,3.06621,2.59578,0.29204,0.02339,60.0,,55.6,,0,,1.25938,0.90493,2.11025,0.77852,0.61474,3.50351,3.10808,2.23437,0.65883,0.47148,3.36469,2.84846,2025-05-09,8,6,5,32,1,0,32,2024-03-07,8,5,4,64,1,0,64,40.000,,1,11170.00,0,1,"500 Beaverdam Road,Asheville,NC,28804",35.642,-82.529,,2026-04-01
345011,Pine Acres Center for Nursing and Rehabilitation,279 Brian Center Drive,Lexington,NC,27292,3362497521,280,Davidson,Y,For profit - Corporation,106,100.0,,Medicare and Medicaid,N,"BRIAN CENTER DRIVE OPERATING COMPANY, LLC",1976-02-01,ALLIANCE HEALTH GROUP,714,11,1.3,1.5,1.6,1.6,N,,N,N,N,Resident,Yes,1,,1,,2,,3,,2,,1,,,,2.07321,1.06472,0.20833,1.27305,3.34626,3.05528,0.20498,0.00038,52.6,,42.9,,1,,1.41116,1.01399,2.36457,0.87235,0.68882,3.92574,3.48266,2.03034,1.04270,0.20402,3.27706,2.99209,2025-05-22,11,9,4,80,1,0,80,2024-03-28,14,14,8,533,1,0,533,193.250,0,2,122460.00,0,2,"279 Brian Center Drive,Lexington,NC,27292",35.8003,-80.288,,2026-04-01
345013,Peak Resources - Charlotte,3223 Central Avenue,Charlotte,NC,28205,7047491100,590,Mecklenburg,Y,For profit - Corporation,142,119.4,,Medicare and Medicaid,N,"PARK VILLAGE REHAB AND HEALTH, INC.",1968-06-01,"PEAK RESOURCES, INC.",397,9,3.4,3.6,2.4,3.0,N,,N,N,N,Resident,Yes,3,,3,,3,,5,,1,,2,,,,2.07081,1.03442,0.21410,1.24852,3.31933,3.17950,0.11349,0.04762,57.1,,57.1,,0,,1.28723,0.92494,2.15691,0.79574,0.62833,3.58097,3.17680,2.22323,1.11056,0.22986,3.56365,3.41353,2025-06-26,2,2,1,12,1,0,12,2024-03-21,9,9,9,68,1,0,68,26.000,,1,14069.00,0,1,"3223 Central Avenue,Charlotte,NC,28205",35.2167,-80.79,,2026-04-01
345014,Linden Place Center for Nursing and Rehabilitation,1201 Carolina Street,Greensboro,NC,27401,3365225700,400,Guilford,Y,For profit - Corporation,105,89.5,,Medicare and Medicaid,N,"CAROLINA STREET OPERATING COMPANY, LLC",1980-12-01,ALLIANCE HEALTH GROUP,714,11,1.3,1.5,1.6,1.6,N,,N,N,N,Resident,Yes,1,,2,,1,,2,,1,,3,,,,2.01674,0.92743,0.35310,1.28052,3.29726,3.03456,0.21703,0.08063,35.2,,30.8,,2,,1.29622,0.93140,2.17198,0.80130,0.63272,3.60599,3.19900,2.15015,0.98878,0.37646,3.51539,3.23531,2026-01-10,12,12,4,48,1,0,48,2024-09-12,15,3,15,76,1,0,76,55.000,,1,9770.00,0,1,"1201 Carolina Street,Greensboro,NC,27401",36.089,-79.79,,2026-04-01
345015,Clapp's Convalescent Nursing Home Inc,500 Mountain Top Drive,Asheboro,NC,27203,3366252074,750,Randolph,Y,For profit - Individual,96,88.8,,Medicare and Medicaid,N,"CLAPP'S CONVALESCENT NURSING HOME, INC.",1967-01-01,,,,,,,,N,,N,N,N,Resident,Yes,4,,4,,4,,4,,4,,4,,,,2.51081,0.84609,0.26475,1.11084,3.62165,3.28086,0.13155,0.04982,36.6,,0.0,,0,,1.18584,0.85209,1.98703,0.73306,0.57884,3.29893,2.92660,2.92607,0.98602,0.30854,4.22064,3.82348,2025-12-11,2,2,0,12,1,0,12,2024-10-02,2,1,1,12,1,0,12,12.000,,0,0.00,0,0,"500 Mountain Top Drive,Asheboro,NC,27203",35.7095,-79.788,,2026-04-01
345024,Clapps Nursing Center Inc,5229 Appomattox Road,Pleasant Garden,NC,27313,3366742252,400,Guilford,Y,For profit - Individual,118,106.0,,Medicare and Medicaid,N,"CLAPP'S NURSING CENTER, INC.",1976-10-01,,,,,,,,N,,N,N,N,Resident,Yes,5,,5,,4,,4,,3,,4,,,,2.51843,0.86081,0.39137,1.25218,3.77061,3.40031,0.32839,0.08498,48.3,,12.5,,0,,1.21691,0.87441,2.03908,0.75227,0.59400,3.38535,3.00326,2.86004,0.97758,0.44445,4.28207,3.86154,2025-09-25,0,0,0,0,0,0,0,2024-06-26,0,0,0,0,0,0,0,0.000,,0,0.00,0,0,"5229 Appomattox Road,Pleasant Garden,NC,27313",35.9587,-79.757,,2026-04-01
345026,Royal Park Rehabilitation & Health Center,2700 Roal Commons Lane,Matthews,NC,28105,7048496990,590,Mecklenburg,Y,For profit - Limited Liability company,169,147.9,,Medicare and Medicaid,N,LIBERTY HEALTHCARE GROUP LLC,1967-01-04,LIBERTY SENIOR LIVING,310,37,2.6,2.9,2.1,3.0,N,,N,N,N,Resident,Yes,2,,2,,4,,4,,3,,2,,,,2.04900,1.08098,0.30101,1.38199,3.43099,3.03466,0.15670,0.07961,47.8,,42.9,,0,,1.36817,0.98310,2.29254,0.84577,0.66784,3.80615,3.37656,2.06967,1.09189,0.30405,3.46561,3.06528,2025-12-05,8,8,5,56,1,0,56,2024-08-08,12,2,10,128,1,0,128,74.000,,2,52201.00,0,2,"2700 Roal Commons Lane,Matthews,NC,28105",35.1143,-80.694,22,2026-04-01
345036,Elizabeth City Health and Rehabilitation,1075 US Highway 17 South,Elizabeth City,NC,27909,2523383975,690,Pasquotank,N,For profit - Individual,170,147.1,,Medicare and Medicaid,N,"ELIZABETH CITY HEALTH AND REHABILITATION, LLC",1967-02-13,SANSTONE HEALTH & REHABILITATION,465,17,4.1,3.6,2.8,4.5,N,,N,N,N,Resident,Yes,2,,2,,3,,3,,4,,3,,,,2.32751,1.40725,0.23606,1.64331,3.97082,3.49465,0.20316,0.06528,29.8,,46.7,,0,,1.46656,1.05380,2.45740,0.90660,0.71586,4.07986,3.61938,2.19327,1.32609,0.22244,3.74180,3.29309,2025-06-19,1,1,0,0,0,0,0,2024-04-05,10,3,7,215,1,0,215,53.750,,1,77760.00,1,2,"1075 US Highway 17 South,Elizabeth City,NC,27909",36.2891,-76.262,,2026-04-01
345039,Summerstone Health and Rehabilitation Center,485 Veterans Way,Kernersville,NC,27284,3365153000,330,Forsyth,Y,For profit - Limited Liability company,138,126.5,,Medicare and Medicaid,N,LIBERTY HEALTHCARE GROUP LLC,1978-01-01,LIBERTY SENIOR LIVING,310,37,2.6,2.9,2.1,3.0,N,,N,N,N,Resident,Yes,3,,3,,5,,5,,5,,1,,,,2.22679,0.83708,0.33163,1.16871,3.39550,3.03365,0.21284,0.04062,64.5,,71.4,,2,,1.31435,0.94443,2.20236,0.81251,0.64157,3.65643,3.24375,2.34135,0.88015,0.34870,3.57019,3.18972,2025-01-10,9,9,4,40,1,0,40,2023-10-27,6,5,1,40,1,0,40,40.000,,1,14511.00,0,1,"485 Veterans Way,Kernersville,NC,27284",36.1163,-80.092,22,2026-04-01
345044,Saint Joseph of the Pines Health Center,103 Gossman Road,Pinehurst,NC,28374,9102461000,620,Moore,Y,Non profit - Corporation,176,72.1,,Medicare and Medicaid,N,"ST. JOSEPH OF THE PINES, INC",1968-01-29,TRINITY HEALTH,525,20,3.4,3.1,4.1,3.7,Y,,N,N,N,Resident,Yes,5,,4,,5,,5,,3,,3,,,,2.30166,1.02838,0.74268,1.77106,4.07272,3.66320,0.33261,0.05704,,26,,26,1,,1.22652,0.88132,2.05519,0.75821,0.59870,3.41210,3.02699,2.59338,1.15872,0.83680,4.58890,4.12747,2025-07-31,2,2,0,4,1,0,4,2024-07-11,5,3,2,20,1,0,20,8.000,,0,0.00,0,0,"103 Gossman Road,Pinehurst,NC,28374",35.187,-79.467,22,2026-04-01
345045,The Foley Center at Chestnut Ridge,621 Chestnut Ridge Parkway,Blowing Rock,NC,28605,8283863300,940,Watauga,N,For profit - Limited Liability company,92,76.5,,Medicare and Medicaid,N,LIBERTY HEALTHCARE GROUP LLC,1968-01-15,LIBERTY SENIOR LIVING,310,37,2.6,2.9,2.1,3.0,N,,N,N,N,Resident,Yes,3,,2,,5,,4,,5,,3,,,,2.40077,0.79009,0.61534,1.40543,3.80620,3.54624,0.34493,0.08357,67.0,,46.2,,1,,1.28156,0.92087,2.14741,0.79223,0.62556,3.56521,3.16281,2.58887,0.85199,0.66356,4.10442,3.82410,2025-07-31,3,3,0,16,1,0,16,2024-07-03,17,17,8,296,1,0,296,86.000,,1,17114.00,0,1,"621 Chestnut Ridge Parkway,Blowing Rock,NC,28605",36.1499,-81.66,,2026-04-01
345048,Mountain Ridge Health and Rehab,611 Old US Highway 70 East,Black Mountain,NC,28711,8286699991,100,Buncombe,Y,For profit - Corporation,97,88.0,,Medicare and Medicaid,N,"REGENCY CARE OF BLACK MOUNTAIN, LLC",1978-09-01,REGENCY CARE,440,4,2.5,2.3,2.8,3.3,N,,N,N,N,Resident,Yes,1,,1,,3,,3,,2,,2,,,,2.29531,0.97665,0.27347,1.25012,3.54543,2.99529,0.18336,0.06433,40.2,,69.2,,0,,1.26437,0.90851,2.11860,0.78161,0.61717,3.51738,3.12039,2.50881,1.06749,0.29891,3.87522,3.27390,2025-05-30,6,4,2,174,1,0,174,2024-05-02,2,2,2,16,1,0,16,134.500,,2,24850.00,0,2,"611 Old US Highway 70 East,Black Mountain,NC,28711",35.6076,-82.312,22,2026-04-01
345049,Raleigh Rehabilitation Center,616 Wade Avenue,Raleigh,NC,27605,9198286251,910,Wake,Y,For profit - Corporation,157,138.8,,Medicare and Medicaid,N,RALEIGH REHABILITATION CENTER LLC,1972-10-01,SOVEREIGN HEALTHCARE HOLDINGS,482,43,3.7,3.2,3.0,4.5,N,,N,N,N,Resident,Yes,3,,3,,4,,5,,4,,2,,,,2.08397,1.14091,0.35590,1.49681,3.58078,3.22191,0.42816,0.14019,57.3,,60.0,,1,,1.39121,0.99966,2.33114,0.86002,0.67908,3.87024,3.43342,2.07014,1.13334,0.35353,3.55701,3.20053,2024-12-19,3,3,0,12,1,0,12,2023-10-12,13,12,2,124,1,0,124,40.000,,2,69112.00,0,2,"616 Wade Avenue,Raleigh,NC,27605",35.7965,-78.65,,2026-04-01
345050,Jacob's Creek Nursing and Rehabilitation Center,1721 Bald Hill Loop,Madison,NC,27025,3365489658,780,Rockingham,Y,For profit - Limited Liability company,170,150.2,,Medicare and Medicaid,N,"GRANITE FALLS LTC, LLC",1968-05-08,PRINCIPLE LONG TERM CARE,423,44,3.1,3.0,3.0,3.4,N,,N,N,N,Resident,Yes,5,,4,,5,,5,,,2,3,,,,2.27047,0.84190,0.28344,1.12534,3.39581,3.08897,0.15053,0.03347,43.1,,20.0,,2,,1.19123,0.85596,1.99606,0.73639,0.58147,3.31392,2.93989,2.63402,0.97671,0.32882,3.93955,3.58358,2025-12-18,0,0,0,0,0,0,0,2024-09-18,6,4,3,48,1,0,48,12.000,,2,16801.00,1,3,"1721 Bald Hill Loop,Madison,NC,27025",36.3619,-79.905,,2026-04-01
345051,Anson Health and Rehabilitation,405 South Greene Street,Wadesboro,NC,28170,7046953301,030,Anson,Y,For profit - Limited Liability company,95,68.3,,Medicare and Medicaid,N,ANSON HEALTH AND REHABILITATION,1968-10-01,SANSTONE HEALTH & REHABILITATION,465,17,4.1,3.6,2.8,4.5,N,,N,N,N,Resident,Yes,5,,5,,5,,4,,5,,3,,,,2.25181,0.98225,0.45446,1.43672,3.68853,2.93752,0.33337,0.07431,33.8,,55.6,,0,,1.32915,0.95507,2.22716,0.82166,0.64879,3.69761,3.28027,2.34130,1.02129,0.47252,3.83511,3.05426,2026-02-12,0,0,0,0,0,0,0,2024-10-31,0,0,0,0,0,0,0,0.000,,0,0.00,0,0,"405 South Greene Street,Wadesboro,NC,28170",34.9643,-80.077,,2026-04-01
345053,Pettigrew Rehabilitation Center,1515 W Pettigrew Street,Durham,NC,27705,9192860751,310,Durham,Y,For profit - Limited Liability company,96,82.0,,Medicare and Medicaid,N,PETTIGREW REHABILITATION CENTER LLC,1969-01-19,SOVEREIGN HEALTHCARE HOLDINGS,482,43,3.7,3.2,3.0,4.5,N,,N,N,N,Resident,Yes,4,,3,,5,,4,,5,,2,,,,2.03304,0.93657,0.60406,1.54063,3.57367,3.06050,0.31144,0.18054,63.9,,72.7,,1,,1.40176,1.00724,2.34882,0.86654,0.68423,3.89959,3.45946,2.00434,0.92335,0.59553,3.52323,3.01730,2025-03-07,6,6,0,36,1,0,36,2024-04-18,7,6,2,40,1,0,40,37.000,0,0,0.00,0,0,"1515 W Pettigrew Street,Durham,NC,27705",36.0055,-78.92,,2026-04-01
345054,Woodhaven Nursing Center,1150 Pine Run Drive,Lumberton,NC,28358,9106715703,770,Robeson,N,For profit - Corporation,115,107.3,,Medicare and Medicaid,N,"LIBERTY COMMONS OF ROBESON COUNTY, LLC",1969-05-15,LIBERTY SENIOR LIVING,310,37,2.6,2.9,2.1,3.0,N,,N,N,N,Resident,Yes,1,,1,,2,,1,,4,,2,,,,2.29967,1.07191,0.33980,1.41172,3.71139,3.41146,0.19523,0.02573,61.9,,73.3,,0,,1.33436,0.95881,2.23589,0.82488,0.65133,3.71210,3.29313,2.38172,1.11016,0.35193,3.84381,3.53319,2025-08-29,7,7,0,36,1,0,36,2024-09-12,12,3,9,363,1,0,363,117.750,,3,128210.00,1,4,"1150 Pine Run Drive,Lumberton,NC,28358",34.6586,-78.99,,2026-04-01
345061,Pruitthealth-Durham,3100 Erwin Road,Durham,NC,27705,9193831546,310,Durham,Y,For profit - Limited Liability company,125,107.1,,Medicare and Medicaid,N,"PRUITTHEALTH - DURHAM, LLC",1969-12-01,PRUITTHEALTH,434,96,2.9,2.8,2.4,3.7,N,,Y,N,N,Resident,Yes,2,,2,,4,,4,,3,,3,,,,2.06775,0.67462,0.69532,1.36994,3.43769,2.99247,0.62896,0.07016,44.1,,44.4,,1,,1.28878,0.92605,2.15950,0.79669,0.62908,3.58528,3.18062,2.21728,0.72341,0.74560,3.68629,3.20887,2025-04-04,10,5,6,100,1,0,100,2024-01-12,7,6,2,28,1,0,28,82.000,,1,34632.00,0,1,"3100 Erwin Road,Durham,NC,27705",36.0041,-78.95,,2026-04-01
345063,Harmony Park at Wilson,1804 Forest Hills Road W,Wilson,NC,27893,2522378161,970,Wilson,N,For profit - Limited Liability company,110,81.0,,Medicare and Medicaid,N,WILSON NC OPCO LLC,1972-04-01,AUGUST HEALTHCARE,833,5,3.0,3.2,1.8,2.6,N,,N,N,N,Resident,Yes,3,,3,,3,,4,,1,,2,,,,2.03919,1.06777,0.49676,1.56453,3.60372,3.25574,0.42022,0.06559,44.9,,60.0,,1,,1.41852,1.01928,2.37691,0.87690,0.69242,3.94623,3.50083,1.98665,1.04026,0.48396,3.51087,3.17186,2025-03-13,5,5,2,32,1,0,32,2023-12-01,8,8,2,32,1,0,32,32.000,,0,0.00,0,0,"1804 Forest Hills Road W,Wilson,NC,27893",35.7198,-77.952,,2026-04-01
345066,Davidson Health & Rehab Center,4748 Old Salisbury Road,Lexington,NC,27295,3369561132,280,Davidson,Y,For profit - Corporation,100,92.4,,Medicare and Medicaid,N,DAVIDSON HEALTH & REHAB CENTER LLC,1970-04-07,SABER HEALTHCARE GROUP,461,126,3.0,2.7,2.3,4.0,N,,Y,N,N,Resident,Yes,1,,1,,3,,4,,3,,2,,,,2.24910,1.04673,0.29318,1.33991,3.58901,3.28073,0.21404,0.06816,65.0,,55.6,,0,,1.41663,1.01792,2.37373,0.87573,0.69149,3.94095,3.49615,2.19409,1.02112,0.28601,3.50122,3.20048,2025-08-28,20,16,9,152,1,0,152,2024-07-25,19,18,9,120,1,0,120,144.000,,2,22643.00,0,2,"4748 Old Salisbury Road,Lexington,NC,27295",35.785,-80.323,,2026-04-01
345070,Durham Nursing & Rehabilitation Center,411 S Lasalle Street,Durham,NC,27705,9193835521,310,Durham,Y,For profit - Limited Liability company,126,85.0,,Medicare and Medicaid,N,DURHAM REHAB OPERATIONS LLC,1973-09-01,LIFEWORKS REHAB,768,62,2.1,2.1,1.5,4.0,N,,N,N,N,Resident,Yes,2,,1,,5,,4,,5,,1,24,,,1.06517,0.50022,0.24243,0.74265,1.80782,1.49265,0.13005,0.02839,54.8,,81.8,,1,,1.31300,0.94346,2.20009,0.81167,0.64091,3.65266,3.24040,1.12113,0.52650,0.25516,1.90279,1.57107,2025-01-16,4,4,0,20,1,0,20,2023-09-14,29,7,22,325,1,0,325,96.250,0,3,129754.00,0,3,"411 S Lasalle Street,Durham,NC,27705",36.0136,-78.948,,2026-04-01
345072,Carolina Rivers Nursing and Rehabilitation Center,1839 Onslow Drive Extension,Jacksonville,NC,28540,9104553610,660,Onslow,Y,For profit - Limited Liability company,120,100.2,,Medicare and Medicaid,N,"MAPLE LTC GROUP, LLC",1971-02-01,PRINCIPLE LONG TERM CARE,423,44,3.1,3.0,3.0,3.4,N,,N,N,N,Resident,Yes,5,,5,,2,,2,,2,,2,,,,2.32506,1.09919,0.43969,1.53888,3.86394,3.48884,0.19464,0.08012,67.5,,81.3,,0,,1.37630,0.98894,2.30616,0.85080,0.67181,3.82877,3.39663,2.33464,1.10373,0.44150,3.87987,3.50322,2025-12-12,0,0,0,0,0,0,0,2024-08-16,4,3,1,12,1,0,12,3.000,,1,4271.00,0,1,"1839 Onslow Drive Extension,Jacksonville,NC,28540",34.764,-77.434,22,2026-04-01
345077,Sunnybrook Rehabilitation Center,25 Sunnybrook Road,Raleigh,NC,27610,9192316150,910,Wake,Y,For profit - Limited Liability company,95,86.7,,Medicare and Medicaid,N,SUNNYBROOK REHABILITATION CENTER LLC,1973-09-01,SOVEREIGN HEALTHCARE HOLDINGS,482,43,3.7,3.2,3.0,4.5,N,,N,N,N,Resident,Yes,2,,2,,2,,2,,2,,2,,,,2.18345,1.15511,0.34248,1.49759,3.68104,3.16804,0.35598,0.18662,55.2,,70.6,,1,,1.33545,0.95959,2.23772,0.82555,0.65187,3.71513,3.29582,2.25952,1.19534,0.35441,3.80927,3.27840,2025-02-20,2,2,0,4,1,0,4,2024-01-11,11,3,8,243,1,0,243,63.750,,4,72855.00,0,4,"25 Sunnybrook Road,Raleigh,NC,27610",35.7863,-78.586,,2026-04-01
345078,Highland Farms,200 Tabernacle Road,Black Mountain,NC,28711,8286696473,100,Buncombe,Y,Non profit - Corporation,60,50.8,,Medicare and Medicaid,N,GIVENS HIGHLAND FARMS LLC,1971-11-01,,,,,,,,Y,,N,N,N,Both,Yes,4,,3,,4,,3,,4,,5,,,,3.02762,0.68363,1.14783,1.83146,4.85908,4.18101,0.72934,0.07523,24.6,,7.7,,,26,1.16992,0.84065,1.96035,0.72322,0.57107,3.25463,2.88730,3.57639,0.80754,1.35588,5.73981,4.93883,2025-08-15,3,3,0,16,1,0,16,2024-08-22,11,4,7,48,1,0,48,24.000,,1,4271.00,0,1,"200 Tabernacle Road,Black Mountain,NC,28711",35.6121,-82.351,,2026-04-01
345080,The Greens at Viewmont,220 13th Avenue Place NW,Hickory,NC,28601,8283285646,170,Catawba,Y,For profit - Limited Liability company,104,86.6,,Medicare and Medicaid,N,GREENS AT VIEWMONT LLC,1977-01-01,CCH HEALTHCARE,124,32,2.5,2.4,2.4,3.8,N,,N,N,N,Resident,Yes,3,,3,,4,,4,,3,,3,,,,2.08019,0.56500,0.73233,1.29733,3.37751,2.88581,0.40965,0.05564,50.0,,20.0,,2,,1.33194,0.95707,2.23182,0.82338,0.65015,3.70535,3.28714,2.15833,0.58623,0.75984,3.50440,2.99422,2025-05-01,4,4,0,16,1,0,16,2024-03-08,13,13,4,104,1,0,104,38.000,,2,16801.00,0,2,"220 13th Avenue Place NW,Hickory,NC,28601",35.7506,-81.342,,2026-04-01
345081,Accordius Health at Rose Manor LLC,4230 North Roxboro Street,Durham,NC,27704,9194779805,310,Durham,Y,For profit - Limited Liability company,111,79.4,,Medicare and Medicaid,N,ACCORDIUS HEALTH AT ROSE MANOR LLC,1973-09-01,SIMCHA HYMAN & NAFTALI ZANZIPER,580,94,2.4,2.5,2.4,3.4,N,,N,N,N,Resident,Yes,2,,2,,4,,5,,3,,3,,,,2.16360,1.26163,0.48065,1.74228,3.90589,3.63134,0.30001,0.06350,59.2,,75.0,,0,,1.25004,0.89822,2.09459,0.77275,0.61017,3.47752,3.08502,2.39196,1.39479,0.53138,4.31813,4.01461,2025-05-08,12,11,4,76,1,0,76,2024-01-29,14,14,4,143,1,0,143,92.750,,1,16801.00,0,1,"4230 North Roxboro Street,Durham,NC,27704",36.0486,-78.903,,2026-04-01
345083,Hilltop Health and Rehabilitation,188 Oscar Justice Road,Rutherfordton,NC,28139,8282869001,800,Rutherford,N,For profit - Limited Liability company,80,74.6,,Medicare and Medicaid,N,RUTHERFORDTON NC OPCO LLC,1972-12-13,ASCENT HEALTHCARE MANAGEMENT,799,6,2.3,2.7,2.0,2.0,N,,N,N,N,Resident,Yes,4,,4,,2,,3,,1,,2,,,,2.01796,0.81845,0.34257,1.16102,3.17898,2.78556,0.18475,0.06024,54.4,,30.0,,1,,1.31327,0.94366,2.20055,0.81184,0.64104,3.65343,3.24108,2.12353,0.86126,0.36049,3.34528,2.93129,2026-03-12,2,2,0,8,0,0,8,2025-01-09,3,2,1,32,1,0,32,14.000,,1,7530.00,0,1,"188 Oscar Justice Road,Rutherfordton,NC,28139",35.4107,-81.925,,2026-04-01
345088,Trinity Glen,849 Waterworks Road,Winston-Salem,NC,27101,3365952166,330,Forsyth,Y,Non profit - Corporation,117,105.1,,Medicare and Medicaid,N,"LUTHERAN HOME-WINSTON-SALEM, INC.",1973-04-01,LUTHERAN SERVICES CAROLINAS,327,9,4.3,3.7,4.7,3.0,N,,N,N,N,Resident,Yes,5,,5,,4,,4,,,2,4,,,,3.24779,0.64457,0.56744,1.21200,4.45979,4.02960,0.31589,0.04580,39.6,,23.5,,,26,1.20999,0.86944,2.02749,0.74799,0.59062,3.36610,2.98618,3.70942,0.73618,0.64809,5.09369,4.60236,2025-01-24,0,0,0,0,0,0,0,2023-08-31,0,0,0,0,0,0,0,0.000,,0,0.00,0,0,"849 Waterworks Road,Winston-Salem,NC,27101",36.113,-80.208,,2026-04-01
345089,Walnut Cove Health and Rehabilitation,511 Windmill Street,Walnut Cove,NC,27052,3365914353,840,Stokes,Y,For profit - Limited Liability company,90,84.9,,Medicare and Medicaid,N,511 WINDMILL STREET OPCO LLC,1974-05-01,AVARDIS HEALTH,843,33,2.1,2.1,2.4,3.3,N,,N,N,N,Resident,Yes,2,,2,,4,,4,,,2,2,,,,1.65554,0.71337,0.38224,1.09562,2.75116,2.28936,0.23248,0.06148,52.0,,64.3,,1,,1.14117,0.81999,1.91218,0.70545,0.55704,3.17467,2.81635,2.00488,0.86390,0.46290,3.33168,2.77244,2025-08-21,4,4,1,12,1,0,12,2024-07-15,15,12,7,175,1,0,175,52.750,,3,40149.00,0,3,"511 Windmill Street,Walnut Cove,NC,27052",36.2984,-80.143,,2026-04-01
345090,Westchester Manor at Providence Place,1795 Westchester Drive,High Point,NC,27262,3368842222,400,Guilford,Y,Non profit - Corporation,129,119.1,,Medicare and Medicaid,N,"PROVIDENCE PLACE, LLC",1973-05-01,EVERYAGE SENIOR LIVING,675,4,4.8,4.5,5.0,3.3,Y,,N,N,N,Resident,Yes,4,,3,,2,,2,,3,,5,,,,3.25315,1.05851,0.59476,1.65326,4.90641,4.76798,0.40933,0.03683,40.6,,26.7,,0,,1.28959,0.92664,2.16086,0.79720,0.62948,3.58754,3.18263,3.48621,1.13434,0.63736,5.25791,5.10956,2025-07-24,5,5,0,28,1,0,28,2024-05-23,2,1,2,20,1,0,20,26.000,0,1,8018.00,0,1,"1795 Westchester Drive,High Point,NC,27262",35.9439,-80.034,,2026-04-01
345091,Edgewood Place at the Village at Brookwood,1820 Brookwood Avenue,Burlington,NC,27215,3365708400,000,Alamance,Y,Non profit - Corporation,51,22.6,,Medicare and Medicaid,N,"ALAMANCE EXTENDED CARE, INC.",1973-05-01,,,,,,,,Y,,N,N,N,Resident,Yes,5,,4,,5,,5,,,2,5,,,,2.75881,1.03796,1.25390,2.29186,5.05067,4.85631,0.99964,0.03673,18.8,,0.0,,0,,1.13035,0.81222,1.89405,0.69876,0.55175,3.14457,2.78965,3.37293,1.26901,1.53302,6.17496,5.93733,2025-07-24,1,1,0,16,1,0,16,2024-05-10,0,0,0,0,0,0,0,12.000,,0,0.00,0,0,"1820 Brookwood Avenue,Burlington,NC,27215",36.0935,-79.463,,2026-04-01
345092,Willow Valley Center for Nursing and Rehabilitatio,1900 W 1st Street,Winston-Salem,NC,27104,3367242821,330,Forsyth,Y,For profit - Corporation,230,215.1,,Medicare and Medicaid,N,WEST FIRST STREET OPERATING COMPANY LLC,1973-07-01,ALLIANCE HEALTH GROUP,714,11,1.3,1.5,1.6,1.6,N,,Y,N,N,Resident,Yes,1,,1,,2,,2,,3,,2,,,,2.47942,0.63212,0.25511,0.88722,3.36665,3.19706,0.24439,0.03073,55.1,,52.9,,1,,1.30424,0.93716,2.18541,0.80625,0.63663,3.62830,3.21879,2.62720,0.66979,0.27031,3.56730,3.38761,2025-08-29,12,7,7,118,1,0,118,2024-07-02,34,25,24,412,1,0,412,191.500,,5,275518.00,0,5,"1900 W 1st Street,Winston-Salem,NC,27104",36.0964,-80.273,,2026-04-01
345093,Maryfield Nursing Home,1315 Greensboro Road,High Point,NC,27260,3368214000,400,Guilford,Y,Non profit - Corporation,115,103.4,,Medicare and Medicaid,N,"MARYFIELD, INC.",1973-07-01,,,,,,,,Y,,N,N,N,Both,Yes,4,,4,,4,,5,,3,,4,,,,2.71701,0.69294,0.59108,1.28402,4.00103,3.57567,0.36164,0.03949,22.2,,48.0,,,26,1.22830,0.88260,2.05817,0.75931,0.59956,3.41705,3.03138,3.05693,0.77963,0.66503,4.50159,4.02301,2025-01-31,1,1,0,16,1,0,16,2023-09-21,0,0,0,0,0,0,0,12.000,,0,0.00,0,0,"1315 Greensboro Road,High Point,NC,27260",35.99,-79.959,,2026-04-01
345095,Chatham Nursing & Rehabilitation,700 Johnston Ridge Road,Elkin,NC,28621,3365277600,850,Surry,N,For profit - Corporation,99,97.3,,Medicare and Medicaid,N,DGS HEALTHCARE ELKIN INC DBA CHATHAM NURSING AND REHABILITATION,1975-09-01,,,,,,,,N,,N,N,N,Both,Yes,5,,5,,3,,2,,3,,4,,,,2.29659,0.59940,0.60526,1.20466,3.50125,3.05925,0.40689,0.11925,38.8,,15.4,,0,,1.23582,0.88801,2.07078,0.76396,0.60324,3.43797,3.04994,2.56819,0.67028,0.67684,3.91531,3.42104,2024-11-21,0,0,0,0,0,0,0,2023-06-22,1,1,0,4,1,0,4,1.000,,0,0.00,0,0,"700 Johnston Ridge Road,Elkin,NC,28621",36.3157,-80.816,22,2026-04-01
345096,Huntersville Oaks,12019 Verhoeff Drive,Huntersville,NC,28078,7048631000,590,Mecklenburg,Y,Non profit - Corporation,168,91.0,,Medicare and Medicaid,N,"AHSNF, INC.",1973-10-01,ATRIUM HEALTH,55,6,3.5,3.2,3.2,3.8,N,,N,N,N,Resident,Yes,3,,3,,3,,3,,3,,4,,,,2.62452,1.25441,0.42491,1.67932,4.30384,4.09127,0.33422,0.05266,44.2,,27.3,,0,,1.31983,0.94836,2.21153,0.81589,0.64424,3.67166,3.25726,2.74810,1.31348,0.44492,4.50650,4.28391,2025-03-14,3,3,2,58,1,0,58,2023-11-16,4,4,0,16,1,0,16,47.500,,1,9937.00,0,1,"12019 Verhoeff Drive,Huntersville,NC,28078",35.3936,-80.841,,2026-04-01
345097,Jesse Helms Nursing Center,1411 Dove Street,Monroe,NC,28111,9809933280,890,Union,Y,Non profit - Corporation,70,61.4,,Medicare and Medicaid,N,"AHSNF, INC.",1973-06-18,ATRIUM HEALTH,55,6,3.5,3.2,3.2,3.8,N,,N,N,N,Resident,Yes,5,,5,,4,,3,,4,,3,,,,1.95392,1.29812,0.34151,1.63964,3.59356,3.50111,0.32557,0.10290,39.7,,37.5,,0,,1.39517,1.00251,2.33779,0.86247,0.68102,3.88127,3.44321,1.93543,1.28584,0.33828,3.55956,3.46798,2025-08-14,2,2,1,8,1,0,8,2024-05-09,0,0,0,0,0,0,0,6.000,,0,0.00,0,0,"1411 Dove Street,Monroe,NC,28111",34.9767,-80.524,,2026-04-01
345102,Maggie Valley Nursing and Rehabilitation,75 Fisher Loop,Maggie Valley,NC,28751,8289264326,430,Haywood,N,For profit - Limited Liability company,114,103.1,,Medicare and Medicaid,N,MAGGIE VALLEY OPERATIONS LLC,1973-11-23,LIFEWORKS REHAB,768,62,2.1,2.1,1.5,4.0,N,,Y,N,N,Resident,Yes,1,,1,,3,,3,,3,,1,24,,,0.93560,0.40434,0.23355,0.63789,1.57349,1.41287,0.14627,0.06006,37.9,,9.1,,0,,1.26146,0.90643,2.11373,0.77981,0.61575,3.50929,3.11321,1.02499,0.44297,0.25586,1.72382,1.54785,2025-01-14,7,5,6,194,1,0,194,2023-07-26,6,6,0,28,1,0,28,152.500,,3,52629.00,1,4,"75 Fisher Loop,Maggie Valley,NC,28751",35.5169,-83.099,,2026-04-01
345103,Matthews Health & Rehab Center,600 Fullwood Lane,Matthews,NC,28105,7048414920,590,Mecklenburg,Y,For profit - Corporation,166,131.6,,Medicare and Medicaid,N,MATTHEWS HEALTH & REHAB CENTER LLC,1974-01-25,SABER HEALTHCARE GROUP,461,126,3.0,2.7,2.3,4.0,N,,N,N,N,Both,Yes,1,,1,,3,,4,,2,,3,,,,2.00589,0.87364,0.62302,1.49666,3.50254,3.31607,0.18202,0.06569,49.2,,38.9,,3,,1.30800,0.93987,2.19171,0.80858,0.63847,3.63875,3.22806,2.11933,0.92305,0.65825,3.70063,3.50361,2025-02-07,9,8,6,124,1,0,124,2023-10-13,10,8,4,68,1,0,68,110.000,,2,82703.00,0,2,"600 Fullwood Lane,Matthews,NC,28105",35.1135,-80.732,,2026-04-01
345104,Zebulon Rehabilitation Center,509 West Gannon Avenue,Zebulon,NC,27597,9192699621,910,Wake,Y,For profit - Corporation,60,56.6,,Medicare and Medicaid,N,ZEBULON REHABILITATION CENTER LLC,1973-09-15,SOVEREIGN HEALTHCARE HOLDINGS,482,43,3.7,3.2,3.0,4.5,N,,N,N,N,Resident,Yes,4,,4,,4,,4,,5,,2,,,,1.99241,0.99688,0.38684,1.38372,3.37613,3.10770,0.17280,0.30029,32.7,,,27,0,,1.49185,1.07197,2.49977,0.92223,0.72821,4.15021,3.68179,1.84567,0.92346,0.35835,3.12748,2.87882,2025-07-24,2,2,0,8,1,0,8,2024-06-27,2,2,0,8,1,0,8,8.000,,0,0.00,0,0,"509 West Gannon Avenue,Zebulon,NC,27597",35.8207,-78.324,,2026-04-01
345106,Trinity Ridge,2140 Medical Park Drive,Hickory,NC,28602,8283226995,170,Catawba,Y,Non profit - Corporation,120,112.0,,Medicare and Medicaid,N,"LUTHERAN HOME - HICKORY WEST, INC",1973-12-10,LUTHERAN SERVICES CAROLINAS,327,9,4.3,3.7,4.7,3.0,N,,N,N,N,Resident,Yes,5,,4,,3,,1,,4,,5,,,,3.19725,0.38688,0.88562,1.27249,4.46974,4.08215,0.80693,0.04656,39.9,,23.5,,1,,1.34281,0.96488,2.25005,0.83010,0.65546,3.73561,3.31398,3.29049,0.39816,0.91144,4.60009,4.20120,2025-03-27,3,3,0,12,1,0,12,2023-11-29,1,1,1,4,0,0,4,10.000,0,0,0.00,0,0,"2140 Medical Park Drive,Hickory,NC,28602",35.6887,-81.36,,2026-04-01
345109,Trinity Place,24724 South Business 52,Albemarle,NC,28001,7049828191,830,Stanly,Y,Non profit - Corporation,76,69.6,,Medicare and Medicaid,N,"LUTHERAN HOME- ALBEMARLE, INC.",1973-10-04,LUTHERAN SERVICES CAROLINAS,327,9,4.3,3.7,4.7,3.0,N,,N,N,N,Resident,Yes,5,,4,,2,,2,,1,,5,,,,2.79920,1.09206,0.64078,1.73284,4.53205,4.09453,0.34052,0.04583,30.9,,9.1,,1,,1.28045,0.92007,2.14556,0.79155,0.62502,3.56213,3.16008,3.02114,1.17864,0.69159,4.89137,4.41916,2025-11-20,2,1,1,20,0,0,20,2024-10-10,0,0,0,0,0,0,0,15.000,,1,8788.00,0,1,"24724 South Business 52,Albemarle,NC,28001",35.3486,-80.184,,2026-04-01
345110,Autumn Care of Waynesville,360 Old Balsam Road,Waynesville,NC,28786,8284567381,430,Haywood,N,For profit - Limited Liability company,90,83.6,,Medicare and Medicaid,N,AUTUMN CORPORATION,1974-03-06,SABER HEALTHCARE GROUP,461,126,3.0,2.7,2.3,4.0,N,,Y,N,N,Resident,Yes,1,,1,,2,,3,,2,,2,,,,2.05989,0.68969,0.62159,1.31128,3.37116,2.91306,0.46350,0.03904,66.0,,82.4,,1,,1.41060,1.01359,2.36364,0.87201,0.68855,3.92420,3.48129,2.01808,0.67569,0.60897,3.30274,2.85394,2025-05-22,6,3,3,28,1,0,28,2024-05-09,19,17,8,392,1,0,392,119.000,,1,107387.00,0,1,"360 Old Balsam Road,Waynesville,NC,28786",35.4599,-83.012,,2026-04-01
345111,Penick Village,401 East Rhode Island Avenue,Southern Pines,NC,28387,9106920306,620,Moore,Y,Non profit - Other,32,20.9,,Medicare and Medicaid,N,"PENICK VILLAGE, INC",1974-01-01,,,,,,,,Y,,N,N,N,Resident,Yes,5,,4,,5,,5,,4,,,2,6,6,,,,,,,,,,26,,26,,26,,,,,,,,,,,,,2025-01-23,2,2,0,8,1,0,8,2023-10-24,4,3,1,32,1,0,32,14.000,,3,14940.00,0,3,"401 East Rhode Island Avenue,Southern Pines,NC,28387",35.1745,-79.383,,2026-04-01
345113,Willow Creek Nursing and Rehabilitation Center,2401 Wayne Memorial Drive,Goldsboro,NC,27534,9197362121,950,Wayne,Y,For profit - Corporation,200,153.3,,Medicare and Medicaid,N,"BIRCH LTC GROUP, LLC",1974-06-01,PRINCIPLE LONG TERM CARE,423,44,3.1,3.0,3.0,3.4,N,,N,N,N,Resident,Yes,2,,2,,4,,3,,5,,3,,,,2.08305,1.03761,0.61351,1.65112,3.73417,3.39805,0.41198,0.08552,60.0,,53.3,,1,,1.32653,0.95318,2.22276,0.82003,0.64751,3.69031,3.27380,2.17012,1.08098,0.63915,3.89025,3.54008,2024-12-06,9,7,5,68,1,0,68,2023-11-30,8,7,4,64,1,0,64,67.000,,1,6570.00,0,1,"2401 Wayne Memorial Drive,Goldsboro,NC,27534",35.3982,-77.962,,2026-04-01
345115,Salisbury Rehabilitation and Nursing Center,635 Statesville Boulevard,Salisbury,NC,28144,7046337390,790,Rowan,Y,For profit - Corporation,185,109.7,,Medicare and Medicaid,N,"ACCORDIUS HEALTH AT SALISBURY, LLC",1974-07-01,SIMCHA HYMAN & NAFTALI ZANZIPER,580,94,2.4,2.5,2.4,3.4,N,,N,N,N,Resident,Yes,1,,1,,4,,4,,,2,3,,,,2.53295,0.60959,0.53780,1.14740,3.68035,3.09514,0.34931,0.01666,60.8,,44.4,,0,,1.19866,0.86130,2.00850,0.74098,0.58509,3.33458,2.95821,2.92033,0.70282,0.62005,4.24320,3.56850,2026-01-02,17,17,3,96,1,0,96,2024-09-27,15,3,12,96,1,0,96,96.000,,2,53664.00,0,2,"635 Statesville Boulevard,Salisbury,NC,28144",35.6892,-80.492,,2026-04-01
345116,Piedmont Hills Center for Nursing and Rehab,109 S Holden Road,Greensboro,NC,27407,3365225600,400,Guilford,Y,For profit - Limited Liability company,126,123.2,,Medicare and Medicaid,N,"HOLDEN ROAD OPERATING COMPANY, LLC",1980-12-10,ALLIANCE HEALTH GROUP,714,11,1.3,1.5,1.6,1.6,N,,N,N,N,Resident,Yes,1,,1,,2,,3,,1,,1,,,,2.27320,0.60856,0.15748,0.76604,3.03924,2.80602,0.16268,0.11462,53.4,,60.0,,0,,1.39297,1.00092,2.33409,0.86111,0.67994,3.87514,3.43777,2.25525,0.60376,0.15624,3.01525,2.78386,2026-02-27,3,0,3,44,0,0,44,2024-12-05,27,11,26,403,2,202,605,184.250,,5,240421.00,1,6,"109 S Holden Road,Greensboro,NC,27407",36.0715,-79.848,,2026-04-01
345119,Northchase Nursing and Rehabilitation Center,3015 Enterprise Drive,Wilmington,NC,28405,9107913451,640,New Hanover,Y,For profit - Limited Liability company,140,124.0,,Medicare and Medicaid,N,"REDWOOD LTC GROUP, LLC",1979-08-01,PRINCIPLE LONG TERM CARE,423,44,3.1,3.0,3.0,3.4,N,,N,N,N,Resident,Yes,2,,2,,3,,2,,4,,4,,,,1.96281,0.97534,0.68240,1.65774,3.62055,3.27832,0.47282,0.08757,39.1,,18.8,,1,,1.34860,0.96904,2.25975,0.83368,0.65828,3.75171,3.32827,2.01138,0.99948,0.69928,3.71014,3.35945,2025-06-23,8,8,3,40,1,0,40,2024-05-17,15,14,6,108,1,0,108,57.000,0,1,7901.00,0,1,"3015 Enterprise Drive,Wilmington,NC,28405",34.3071,-77.875,,2026-04-01
345123,Carolina Village Inc,600 Carolina Village Road SUITE Z,Hendersonville,NC,28792,8286926275,440,Henderson,Y,Non profit - Corporation,58,46.3,,Medicare,N,Legal Business Name Not Available,1974-10-01,,,,,,,,Y,,N,N,N,Resident,Yes,5,,4,,5,,4,,5,,5,,,,3.73109,1.09770,1.44076,2.53846,6.26955,5.51933,0.94428,0.10686,18.3,,20.0,,0,,1.17298,0.84285,1.96548,0.72511,0.57256,3.26316,2.89486,4.39586,1.29328,1.69746,7.38660,6.50270,2025-01-24,2,2,0,12,1,0,12,2023-10-13,1,1,0,0,0,0,0,9.000,,0,0.00,0,0,"600 Carolina Village Road SUITE Z,Hendersonville,NC,28792",35.3373,-82.449,22,2026-04-01
345124,PruittHealth-Elkin,560 Johnson Ridge Road,Elkin,NC,28621,3368357802,850,Surry,N,For profit - Corporation,100,90.9,,Medicare and Medicaid,N,"PRUITTHEALTH - ELKIN, LLC",1974-09-12,PRUITTHEALTH,434,96,2.9,2.8,2.4,3.7,N,,N,N,N,Resident,Yes,3,,3,,4,,4,,4,,3,,,,2.10540,0.67865,0.73767,1.41632,3.52172,2.92459,0.39569,0.07583,34.8,,27.8,,0,,1.54588,1.11079,2.59031,0.95563,0.75458,4.30052,3.81514,1.88217,0.60670,0.65946,3.14832,2.61451,2025-06-05,1,1,0,4,1,0,4,2024-03-14,3,2,2,104,1,0,104,29.000,,1,15734.00,0,1,"560 Johnson Ridge Road,Elkin,NC,28621",36.2635,-80.833,,2026-04-01
345126,Mount Olive Center,228 Smith Chapel Road,Mount Olive,NC,28365,9196589522,950,Wayne,Y,For profit - Limited Liability company,150,112.8,,Medicare and Medicaid,N,"SUNBRIDGE REGENCY - NORTH CAROLINA, LLC",1975-05-01,GENESIS HEALTHCARE,237,191,2.4,2.3,2.6,3.6,N,,N,N,N,Resident,Yes,1,,1,,3,,5,,2,,1,,,,2.12855,0.61223,0.36533,0.97756,3.10611,2.86585,0.26928,0.09425,63.2,,86.4,,4,,1.42921,1.02696,2.39482,0.88351,0.69763,3.97595,3.52720,2.05821,0.59200,0.35326,3.00346,2.77114,2025-10-01,14,10,7,143,1,0,143,2024-06-27,16,8,14,217,1,0,217,161.500,,4,185962.00,0,4,"228 Smith Chapel Road,Mount Olive,NC,28365",35.1981,-78.076,,2026-04-01
345127,White Oak Manor - Tryon,70 Oak Street,Tryon,NC,28782,8288599161,740,Polk,N,For profit - Corporation,70,64.6,,Medicare and Medicaid,N,Legal Business Name Not Available,1974-12-19,WHITE OAK MANAGEMENT,564,14,3.1,2.9,3.6,3.6,Y,,N,N,N,Both,Yes,2,,2,,3,,2,,4,,4,,,,2.54642,1.01724,0.69362,1.71086,4.25727,3.86086,0.40551,0.04962,54.9,,50.0,,1,,1.20275,0.86424,2.01537,0.74352,0.58709,3.34598,2.96833,2.92585,1.16881,0.79697,4.89164,4.43616,2025-07-24,9,8,4,99,1,0,99,2024-07-10,1,1,1,4,1,0,4,75.250,,1,24850.00,0,1,"70 Oak Street,Tryon,NC,28782",35.2104,-82.237,,2026-04-01
345129,Davie Nursing and Rehabilitation Center,498 Madison Road,Mocksville,NC,27028,3367513535,290,Davie,Y,For profit - Limited Liability company,96,87.3,,Medicare and Medicaid,N,"DAVIE NURSING AND REHABILITATION CENTER, LLC",1976-10-01,SABER HEALTHCARE GROUP,461,126,3.0,2.7,2.3,4.0,N,,N,N,N,Both,Yes,3,,3,,4,,4,,4,,2,,,,1.95015,0.95261,0.39463,1.34724,3.29739,2.93494,0.12433,0.10973,36.6,,37.5,,0,,1.39146,0.99984,2.33156,0.86017,0.67920,3.87094,3.43404,1.93686,0.94612,0.39194,3.27491,2.91493,2025-11-14,3,3,0,32,1,0,32,2024-08-09,2,1,1,8,1,0,8,26.000,,0,0.00,0,0,"498 Madison Road,Mocksville,NC,27028",35.9181,-80.594,,2026-04-01
345130,Accordius Health at Concord,515 Lake Concord Road NE,Concord,NC,28025,7047844494,120,Cabarrus,Y,For profit - Corporation,120,94.1,,Medicare and Medicaid,N,ACCORDIUS HEALTH AT CONCORD LLC,1975-09-01,SIMCHA HYMAN & NAFTALI ZANZIPER,580,94,2.4,2.5,2.4,3.4,N,,Y,N,N,Resident,Yes,1,,1,,3,,4,,2,,1,,,,1.84134,0.85710,0.47728,1.33438,3.17572,2.86336,0.32762,0.04270,69.6,,53.8,,4,,1.40948,1.01279,2.36176,0.87131,0.68800,3.92107,3.47852,1.80540,0.84037,0.46797,3.11374,2.80748,2026-02-27,4,4,3,40,1,0,40,2024-12-11,14,8,10,436,1,0,436,139.000,,3,174129.00,1,4,"515 Lake Concord Road NE,Concord,NC,28025",35.4444,-80.6,,2026-04-01
345131,Cedar Hills Center for Nursing and Rehabilitation,3905 Clemmons Road,Clemmons,NC,27012,3367669158,280,Davidson,Y,For profit - Corporation,94,84.8,,Medicare and Medicaid,N,"CLEMMONS ROAD OPERATING COMPANY, LLC",1974-10-01,ALLIANCE HEALTH GROUP,714,11,1.3,1.5,1.6,1.6,N,,N,N,N,Resident,Yes,1,,1,,1,,1,,1,,1,24,,,2.56808,0.71662,0.12807,0.84469,3.41277,3.21863,0.12420,0.06023,65.1,,57.1,,1,,1.43673,1.03237,2.40742,0.88816,0.70130,3.99688,3.54577,2.47021,0.68931,0.12319,3.28271,3.09597,2026-02-13,16,16,5,104,0,0,104,2024-11-08,29,12,27,223,1,0,223,133.750,0,2,70269.00,0,2,"3905 Clemmons Road,Clemmons,NC,27012",36.0189,-80.392,,2026-04-01
345132,Greenhaven Health and Rehabilitation Center,801 Greenhaven Drive,Greensboro,NC,27406,3362928371,400,Guilford,Y,For profit - Limited Liability company,120,101.0,,Medicare and Medicaid,N,"SNOWSHOE LTC GROUP, LLC",1974-08-01,PRINCIPLE LONG TERM CARE,423,44,3.1,3.0,3.0,3.4,N,,Y,N,N,Resident,Yes,3,,2,,5,,5,,,2,3,,,,2.40307,0.49671,0.62040,1.11711,3.52019,3.20539,0.36806,0.04928,70.5,,58.8,,1,,1.27343,0.91503,2.13379,0.78721,0.62159,3.54260,3.14276,2.60790,0.53905,0.67328,3.82023,3.47860,2025-07-08,12,9,7,104,1,0,104,2024-03-14,11,11,3,64,1,0,64,94.000,0,1,123126.00,1,2,"801 Greenhaven Drive,Greensboro,NC,27406",36.024,-79.814,,2026-04-01
345133,Ridge Valley Center for Nursing and Rehabilitation,1000 College Street,Wilkesboro,NC,28697,3368384141,960,Wilkes,N,For profit - Limited Liability company,120,83.2,,Medicare and Medicaid,N,Legal Business Name Not Available,1974-12-01,SIMCHA HYMAN & NAFTALI ZANZIPER,580,94,2.4,2.5,2.4,3.4,N,,N,N,N,Both,Yes,1,,1,,1,,1,,1,,1,,,,2.57125,0.36951,0.28337,0.65288,3.22414,3.09934,0.23525,0.03224,36.7,,64.3,,1,,1.42681,1.02524,2.39080,0.88203,0.69646,3.96929,3.52129,2.49045,0.35790,0.27447,3.12282,3.00195,2025-12-04,3,1,2,12,1,0,12,2024-09-11,31,10,25,623,1,0,623,164.750,,0,0.00,0,0,"1000 College Street,Wilkesboro,NC,28697",36.1416,-81.165,,2026-04-01
345134,Pelican Health Randolph LLC,4801 Randolph Road,Charlotte,NC,28211,7043648363,590,Mecklenburg,Y,For profit - Corporation,100,77.4,,Medicare and Medicaid,N,PELICAN HEALTH RANDOLPH LLC,1980-10-01,SIMCHA HYMAN & NAFTALI ZANZIPER,580,94,2.4,2.5,2.4,3.4,N,,N,N,N,Resident,Yes,2,,2,,4,,5,,3,,2,,,,1.86241,0.62355,0.72534,1.34889,3.21130,3.08867,0.75360,0.06826,80.0,,60.0,,2,,1.38868,0.99784,2.32690,0.85845,0.67785,3.86320,3.42718,1.85341,0.62054,0.72183,3.19579,3.07376,2025-09-17,15,15,11,68,1,0,68,2024-06-27,15,5,10,84,1,0,84,72.000,0,3,19663.00,0,3,"4801 Randolph Road,Charlotte,NC,28211",35.1721,-80.797,,2026-04-01
345137,The Lodge at Rocky Mount Health and Rehabilitation,3322 Village Road,Rocky Mount,NC,27804,2524424156,320,Edgecombe,Y,For profit - Limited Liability company,100,85.1,,Medicare and Medicaid,N,"ROCKY MOUNT HEALTH AND REHABILITATION, LLC",1976-01-01,SANSTONE HEALTH & REHABILITATION,465,17,4.1,3.6,2.8,4.5,N,,N,N,N,Resident,Yes,2,,2,,4,,5,,4,,2,,,,2.83525,0.95629,0.41716,1.37345,4.20870,3.83400,0.12479,0.07089,48.2,,72.7,,0,,1.58912,1.14186,2.66276,0.98236,0.77569,4.42081,3.92185,2.46567,0.83163,0.36278,3.66009,3.33424,2025-02-12,7,5,4,72,1,0,72,2023-12-13,7,6,1,44,1,0,44,65.000,,3,31505.00,0,3,"3322 Village Road,Rocky Mount,NC,27804",35.9776,-77.87,,2026-04-01
345138,Lenoir Health and Rehabilitation Center,322 Nuway Circle,Lenoir,NC,28645,8287587326,130,Caldwell,Y,For profit - Corporation,120,113.4,,Medicare and Medicaid,N,Legal Business Name Not Available,1977-02-01,,,,,,,,N,,N,N,N,Both,Yes,2,,1,,5,,5,,5,,1,,,,2.92490,0.53502,0.23938,0.77440,3.69930,3.11822,0.11576,0.06263,67.3,,83.3,,2,,1.51303,1.08719,2.53527,0.93532,0.73855,4.20914,3.73407,2.67156,0.48868,0.21865,3.37888,2.84813,2025-11-24,17,11,10,108,1,0,108,2024-08-08,20,6,18,112,2,56,168,123.000,2,4,169270.00,2,6,"322 Nuway Circle,Lenoir,NC,28645",35.9438,-81.537,,2026-04-01
345140,Piedmont Health & Rehab Center,610 West Fisher Street,Salisbury,NC,28145,7046332781,790,Rowan,Y,For profit - Corporation,58,49.4,,Medicare and Medicaid,N,"PIEDMONT HEALTH & REHAB CENTER, LLC",1975-03-01,SABER HEALTHCARE GROUP,461,126,3.0,2.7,2.3,4.0,N,,N,N,N,Resident,Yes,3,,3,,4,,5,,3,,3,,,,2.02895,0.77131,0.54628,1.31759,3.34653,3.09812,0.43210,0.10566,37.8,,60.0,,1,,1.28445,0.92294,2.15225,0.79402,0.62697,3.57324,3.16994,2.18300,0.82987,0.58776,3.60063,3.33335,2025-09-11,5,5,0,24,1,0,24,2024-07-23,7,4,5,48,1,0,48,30.000,,1,8512.00,0,1,"610 West Fisher Street,Salisbury,NC,28145",35.6711,-80.476,,2026-04-01
345142,University Place Nursing and Rehabilitation Center,9200 Glenwater Drive,Charlotte,NC,28262,7045490807,590,Mecklenburg,Y,For profit - Corporation,207,158.3,,Medicare and Medicaid,N,"GRANITE FALLS LTC, LLC",1974-07-01,PRINCIPLE LONG TERM CARE,423,44,3.1,3.0,3.0,3.4,N,,N,N,N,Resident,Yes,1,,2,,1,,4,,1,,3,,,,2.44835,0.80467,0.44076,1.24542,3.69377,3.41148,0.22979,0.08734,62.4,,80.0,,3,,1.17828,0.84665,1.97435,0.72839,0.57514,3.27788,2.90792,2.87161,0.94377,0.51696,4.33235,4.00125,2025-07-24,5,5,1,20,1,0,20,2024-03-13,24,16,19,176,2,88,264,81.000,,2,276401.00,1,3,"9200 Glenwater Drive,Charlotte,NC,28262",35.317,-80.75,,2026-04-01
345143,Siler City Center,900 W Dolphin Street,Siler City,NC,27344,9196633431,180,Chatham,Y,For profit - Limited Liability company,150,135.8,,Medicare and Medicaid,N,"SUNBRIDGE REGENCY - NORTH CAROLINA, LLC",1980-01-01,GENESIS HEALTHCARE,237,191,2.4,2.3,2.6,3.6,N,,Y,N,N,Resident,Yes,1,,1,,1,,2,,1,,3,,,,1.95812,0.84539,0.43084,1.27623,3.23435,2.93676,0.30439,0.02275,39.7,,18.2,,1,,1.31911,0.94785,2.21033,0.81545,0.64389,3.66966,3.25548,2.05144,0.88568,0.45137,3.38849,3.07672,2024-11-07,7,6,2,95,1,0,95,2023-08-02,11,9,7,214,1,0,214,124.750,,3,84571.00,1,4,"900 W Dolphin Street,Siler City,NC,27344",35.7175,-79.472,,2026-04-01
345144,Pine Ridge Health and Rehabilitation Center,706 Pineywood Road,Thomasville,NC,27360,3364759116,280,Davidson,Y,For profit - Corporation,140,93.4,,Medicare and Medicaid,N,"SPRUCE LTC GROUP, LLC",1975-04-16,PRINCIPLE LONG TERM CARE,423,44,3.1,3.0,3.0,3.4,N,,N,N,N,Resident,Yes,3,,3,,4,,4,,,2,3,,,,2.66472,0.93864,0.64741,1.58605,4.25077,3.80268,0.42805,0.03030,69.5,,68.4,,3,,1.34644,0.96749,2.25612,0.83234,0.65723,3.74569,3.32293,2.73505,0.96341,0.66450,4.36297,3.90305,2025-06-05,7,7,2,28,1,0,28,2024-04-13,8,8,2,36,1,0,36,30.000,,0,0.00,0,0,"706 Pineywood Road,Thomasville,NC,27360",35.8953,-80.102,,2026-04-01
345145,The Carrolton of Williamston,119 Gatling Street,Williamston,NC,27892,2527921616,580,Martin,N,For profit - Corporation,154,117.6,,Medicare and Medicaid,N,"WILLIAMSTON NURSING FACILITY OPERATIONS COMPANY, LLC",1980-11-01,CARROLTON NURSING HOMES,749,6,2.2,2.2,2.2,2.2,N,,N,N,N,Resident,Yes,2,,2,,3,,4,,2,,2,,,,1.90497,0.46395,0.30695,0.77089,2.67586,2.51926,0.20626,0.02071,33.8,,22.2,,1,,1.16070,0.83403,1.94490,0.71752,0.56657,3.22899,2.86455,2.26812,0.55239,0.36546,3.18598,2.99952,2025-07-03,7,5,4,28,1,0,28,2024-03-13,23,19,10,176,1,0,176,65.000,,1,45102.00,0,1,"119 Gatling Street,Williamston,NC,27892",35.7317,-77.114,22,2026-04-01
345146,Bethany Woods Nursing and Rehabilitation Center,33426 Old Salisbury Road,Albemarle,NC,28002,7049831195,830,Stanly,Y,For profit - Corporation,180,105.3,,Medicare and Medicaid,N,"SPRUCE LTC GROUP, LLC",1975-03-19,PRINCIPLE LONG TERM CARE,423,44,3.1,3.0,3.0,3.4,N,,N,N,N,Resident,Yes,4,,3,,5,,5,,4,,2,,,,2.16094,0.87932,0.37397,1.25329,3.41423,3.04300,0.14927,0.00857,52.6,,66.7,,2,,1.31093,0.94197,2.19662,0.81039,0.63990,3.64691,3.23529,2.27806,0.92697,0.39424,3.59927,3.20791,2024-12-19,3,3,3,20,1,0,20,2023-09-01,10,10,2,36,1,0,36,24.000,,0,0.00,0,0,"33426 Old Salisbury Road,Albemarle,NC,28002",35.3897,-80.222,,2026-04-01
345148,Friends Homes at Guilford,925 New Garden Road,Greensboro,NC,27410,3362928187,400,Guilford,Y,Non profit - Corporation,69,60.4,,Medicare and Medicaid,N,FRIENDS HOMES INC.,1976-05-01,,,,,,,,Y,,N,N,N,Resident,Yes,5,,5,,5,,3,,5,,5,,,,2.45171,0.43539,0.88136,1.31676,3.76847,3.04662,0.35199,0.08309,42.9,,11.1,,0,,1.12319,0.80707,1.88204,0.69433,0.54825,3.12462,2.77196,3.01659,0.53571,1.08443,4.63674,3.74858,2026-01-08,0,0,0,0,0,0,0,2024-10-24,2,2,0,8,1,0,8,2.000,,0,0.00,0,0,"925 New Garden Road,Greensboro,NC,27410",36.0928,-79.89,,2026-04-01
345149,Mill Creek Center for Nursing and Rehabilitation,4911 Brian Center Lane,Winston-Salem,NC,27106,3367445674,330,Forsyth,Y,For profit - Limited Liability company,66,67.0,,Medicare and Medicaid,N,"BRIAN CENTER LANE OPERATING COMPANY, LLC",1980-10-01,ALLIANCE HEALTH GROUP,714,11,1.3,1.5,1.6,1.6,N,,N,N,N,Resident,Yes,1,,1,,1,,2,,1,,1,,,,1.83576,1.00400,0.34325,1.34725,3.18302,2.84794,0.27044,0.00875,69.6,,57.1,,1,,1.39269,1.00072,2.33362,0.86093,0.67981,3.87436,3.43708,1.82164,0.99627,0.34061,3.15853,2.82602,2025-04-14,14,14,3,60,1,0,60,2023-11-16,15,9,10,260,1,0,260,110.000,,2,29876.00,0,2,"4911 Brian Center Lane,Winston-Salem,NC,27106",36.1598,-80.294,,2026-04-01
345150,Kenansville Rehabilitation and Healthcare Center,209 Beasley Street,Kenansville,NC,28349,9102961561,300,Duplin,N,For profit - Limited Liability company,92,81.4,,Medicare and Medicaid,N,KENANSVILLE OPCO LLC,1979-11-29,YAD HEALTHCARE,640,13,1.7,2.2,1.5,2.9,N,,N,N,N,Resident,Yes,4,,5,,2,,3,,1,,1,,,,2.19087,0.73642,0.31804,1.05446,3.24533,2.95135,0.25036,0.05459,62.7,,62.5,,2,,1.52524,1.09597,2.55574,0.94288,0.74451,4.24312,3.76422,1.98507,0.66724,0.28816,2.94048,2.67412,2025-06-16,2,2,1,4,1,0,4,2024-03-28,3,1,2,4,0,0,4,4.000,,0,0.00,0,0,"209 Beasley Street,Kenansville,NC,28349",34.9641,-77.958,,2026-04-01
345151,White Oak Manor-Kings Mountain,716 Sipes Street,Kings Mountain,NC,28086,7047398132,220,Cleveland,N,For profit - Corporation,154,137.1,,Medicare and Medicaid,N,Legal Business Name Not Available,1976-02-27,WHITE OAK MANAGEMENT,564,14,3.1,2.9,3.6,3.6,N,,Y,N,N,Resident,Yes,2,,2,,2,,2,,3,,4,,,,2.70888,0.81930,0.43076,1.25006,3.95894,3.55437,0.12784,0.03873,47.8,,33.3,,0,,1.27309,0.91479,2.13323,0.78700,0.62143,3.54166,3.14193,2.94055,0.88937,0.46760,4.29752,3.85835,2025-08-12,9,9,3,119,1,0,119,2024-05-02,3,3,0,12,1,0,12,92.250,,1,52852.00,0,1,"716 Sipes Street,Kings Mountain,NC,28086",35.2428,-81.356,,2026-04-01
345152,Trinity Village,1265 21 Street NE,Hickory,NC,28601,8283282006,170,Catawba,Y,Non profit - Corporation,104,97.2,,Medicare and Medicaid,N,"LUTHERAN HOME-HICKORY, INC.",1976-07-01,LUTHERAN SERVICES CAROLINAS,327,9,4.3,3.7,4.7,3.0,N,,N,N,N,Both,Yes,5,,4,,3,,3,,3,,5,,,,4.83399,0.67305,1.08724,1.76029,6.59428,5.90339,0.72354,0.04031,29.7,,14.8,,0,,1.34121,0.96373,2.24736,0.82911,0.65468,3.73115,3.31003,4.98092,0.69351,1.12028,6.79471,6.08282,2025-01-15,0,0,0,0,0,0,0,2023-10-31,2,0,2,24,0,0,24,6.000,,1,8512.00,0,1,"1265 21 Street NE,Hickory,NC,28601",35.7536,-81.325,22,2026-04-01
345153,Trinity Oaks,820 Klumac Road,Salisbury,NC,28144,7046373784,790,Rowan,Y,Non profit - Corporation,115,107.9,,Medicare and Medicaid,N,"LUTHERAN HOME AT TRINITY OAKS, INC.",1976-04-01,LUTHERAN SERVICES CAROLINAS,327,9,4.3,3.7,4.7,3.0,Y,,N,N,N,Resident,Yes,4,,3,,3,,3,,3,,5,,,,3.33705,0.74443,0.76876,1.51320,4.85025,4.25491,0.53214,0.01815,29.2,,19.0,,0,,1.18275,0.84987,1.98185,0.73115,0.57733,3.29033,2.91896,3.89915,0.86983,0.89825,5.66722,4.97161,2025-02-24,6,6,2,28,1,0,28,2023-10-26,9,8,1,56,1,0,56,35.000,,0,0.00,0,0,"820 Klumac Road,Salisbury,NC,28144",35.6457,-80.484,,2026-04-01
345155,Alpine Health and Rehabilitation of Asheboro,230 East Presnell Street,Asheboro,NC,27203,3366291447,750,Randolph,Y,For profit - Individual,238,132.8,,Medicare and Medicaid,N,ALPINE HEALTH AND REHABILITATION OF ASHEBORO,1976-05-21,,,,,,,,N,,N,N,N,Resident,Yes,5,,5,,5,,5,,4,,3,,,,2.25115,0.95250,0.22997,1.18247,3.43362,3.09756,0.26141,0.03454,23.0,,0.0,,0,,1.36441,0.98040,2.28624,0.84345,0.66600,3.79569,3.36729,2.28012,0.96477,0.23293,3.47782,3.13743,2025-04-02,0,0,0,0,0,0,0,2024-02-22,1,1,1,0,0,0,0,0.000,,0,0.00,0,0,"230 East Presnell Street,Asheboro,NC,27203",35.7146,-79.809,,2026-04-01
345156,Harmony Hall Nursing and Rehabilitation Center,312 Warren Avenue,Kinston,NC,28501,2525230082,530,Lenoir,N,For profit - Corporation,175,106.9,,Medicare and Medicaid,N,"REDWOOD LTC GROUP, LLC",1976-05-12,PRINCIPLE LONG TERM CARE,423,44,3.1,3.0,3.0,3.4,N,,N,N,N,Resident,Yes,3,,3,,3,,4,,3,,4,,,,2.40594,0.46618,0.70171,1.16789,3.57383,3.17982,0.40877,0.03450,27.3,,21.4,,0,,1.34200,0.96430,2.24869,0.82960,0.65506,3.73334,3.31198,2.47761,0.48007,0.72261,3.68028,3.27454,2026-02-27,5,3,3,20,1,0,20,2024-10-30,7,4,5,64,1,0,64,31.000,,2,15593.00,0,2,"312 Warren Avenue,Kinston,NC,28501",35.2723,-77.584,,2026-04-01
345159,Lincolnton Rehabilitation Center,1410 East Gaston Street,Lincolnton,NC,28092,7047321138,540,Lincoln,Y,For profit - Limited Liability company,120,100.3,,Medicare and Medicaid,N,LINCOLNTON REHABILITATION CENTER LLC,1976-10-11,SOVEREIGN HEALTHCARE HOLDINGS,482,43,3.7,3.2,3.0,4.5,N,,N,N,N,Resident,Yes,3,,2,,5,,5,,5,,3,,,,2.22181,0.80873,0.68989,1.49862,3.72043,3.22432,0.52818,0.16620,54.8,,50.0,,1,,1.43376,1.03024,2.40245,0.88632,0.69986,3.98863,3.53845,2.14155,0.77952,0.66496,3.58604,3.10785,2025-07-02,4,3,1,20,1,0,20,2024-04-13,15,7,12,156,1,0,156,54.000,,1,71117.00,0,1,"1410 East Gaston Street,Lincolnton,NC,28092",35.473,-81.235,,2026-04-01
345160,Davis Health Care Center,1011 Porters Neck Road,Wilmington,NC,28411,9106867195,640,New Hanover,Y,Non profit - Corporation,115,97.6,,Medicare and Medicaid,N,"CORNELIA NIXON DAVIS, INC.",1976-04-01,,,,,,,,N,,N,N,N,Resident,Yes,2,,2,,3,,4,,2,,3,,,,2.40161,1.23240,0.55679,1.78920,4.19080,3.87227,0.49599,0.12991,62.1,,47.8,,,26,1.18087,0.84851,1.97869,0.72999,0.57641,3.28508,2.91431,2.81061,1.44229,0.65162,4.90452,4.53174,2025-04-17,5,4,1,103,1,0,103,2024-02-08,7,7,1,44,1,0,44,88.250,,3,67141.00,0,3,"1011 Porters Neck Road,Wilmington,NC,28411",34.2922,-77.772,,2026-04-01
345161,Abernathy Laurels,102 Leonard Avenue,Newton,NC,28658,8284648260,170,Catawba,Y,Non profit - Corporation,174,167.0,,Medicare and Medicaid,N,EVERYAGE,1977-01-17,EVERYAGE SENIOR LIVING,675,4,4.8,4.5,5.0,3.3,Y,,N,N,N,Resident,Yes,5,,5,,4,,4,,3,,5,,,,2.85308,0.55636,0.76908,1.32544,4.17852,3.79068,0.27578,0.02501,35.1,,26.5,,0,,1.28467,0.92310,2.15262,0.79416,0.62708,3.57386,3.17049,3.06918,0.59850,0.82733,4.49501,4.07780,2025-09-05,1,1,0,4,1,0,4,2024-07-11,2,2,0,12,1,0,12,6.000,,0,0.00,0,0,"102 Leonard Avenue,Newton,NC,28658",35.6447,-81.185,,2026-04-01
345162,Accordius Health at Gastonia,416 N Highland Street,Gastonia,NC,28052,7048640371,350,Gaston,Y,For profit - Corporation,118,87.8,,Medicare and Medicaid,N,ACCORDIUS HEALTH AT GASTONIA LLC,1976-11-01,SIMCHA HYMAN & NAFTALI ZANZIPER,580,94,2.4,2.5,2.4,3.4,N,,N,N,N,Resident,Yes,3,,2,,5,,5,,5,,2,,,,1.75083,0.74189,0.54727,1.28916,3.03999,2.87811,0.51716,0.06468,61.5,,78.6,,0,,1.30054,0.93451,2.17922,0.80397,0.63483,3.61801,3.20966,1.86045,0.78834,0.58154,3.23033,3.05832,2025-01-17,7,7,2,44,1,0,44,2023-10-06,11,11,11,68,1,0,68,50.000,,0,0.00,0,0,"416 N Highland Street,Gastonia,NC,28052",35.2691,-81.194,,2026-04-01
345163,Glenbridge Health And Rehabilitation,211 Milton Brown Heirs Road,Boone,NC,28607,8282646720,940,Watauga,N,For profit - Limited Liability company,134,107.7,,Medicare and Medicaid,N,GLENBRIDGE HEALTH AND REHABILTATION SNF LLC,1977-05-04,BRIGHTON HEALTHCARE,848,7,1.1,1.3,1.9,2.1,N,,N,N,N,Both,Yes,1,,1,,3,,3,,2,,1,,,,2.24067,0.75130,0.40448,1.15579,3.39646,3.02272,0.17883,0.03359,60.9,,66.7,,0,,1.45749,1.04728,2.44221,0.90099,0.71144,4.05464,3.59701,2.12458,0.71237,0.38352,3.22048,2.86610,2025-02-06,21,16,10,158,2,79,237,2023-10-05,10,6,7,80,2,40,120,207.750,,3,31948.00,1,4,"211 Milton Brown Heirs Road,Boone,NC,28607",36.1884,-81.633,,2026-04-01
345164,Chowan River Nursing and Rehabilitation Center,1341 Paradise Road,Edenton,NC,27932,2524827481,200,Chowan,N,For profit - Limited Liability company,130,65.3,,Medicare and Medicaid,N,"TAR RIVER LTC GROUP, LLC",1977-05-01,PRINCIPLE LONG TERM CARE,423,44,3.1,3.0,3.0,3.4,N,,N,N,N,Resident,Yes,4,,4,,4,,5,,4,,3,,,,1.98034,0.98565,0.40869,1.39435,3.37469,3.02511,0.15230,0.07768,32.7,,50.0,,3,,1.26045,0.90570,2.11205,0.77919,0.61526,3.50649,3.11073,2.17127,1.08068,0.44810,3.70004,3.31676,2025-04-02,5,5,0,20,1,0,20,2024-02-22,3,1,2,12,1,0,12,18.000,,0,0.00,0,0,"1341 Paradise Road,Edenton,NC,27932",36.0784,-76.599,,2026-04-01
345165,Autumn Care of Marion,1264 Airport Road,Marion,NC,28752,8286526701,550,Mc Dowell,N,For profit - Corporation,110,103.3,,Medicare and Medicaid,N,AUTUMN CORPORATION,1980-08-01,SABER HEALTHCARE GROUP,461,126,3.0,2.7,2.3,4.0,N,,N,N,N,Resident,Yes,4,,4,,4,,5,,4,,3,,,,1.81971,0.73700,0.57196,1.30896,3.12867,2.72046,0.25754,0.05007,33.7,,35.3,,0,,1.32902,0.95497,2.22693,0.82157,0.64873,3.69723,3.27994,1.89222,0.76637,0.59475,3.25333,2.82886,2026-02-26,5,5,0,24,0,0,24,2024-12-05,1,0,1,4,0,0,4,19.000,,0,0.00,0,0,"1264 Airport Road,Marion,NC,28752",35.7018,-82.019,,2026-04-01
345166,Stokes County Nursing Home,1570 NC 8 and 89 Highway,Danbury,NC,27016,3365932831,840,Stokes,Y,For profit - Limited Liability company,40,37.7,,Medicare and Medicaid,Y,LIFEBRITE HOSPITAL GROUP OF STOKES LLC,1977-06-13,LIFEBRITE HOSPITAL GROUP,654,2,2.0,2.0,2.5,3.0,N,,N,N,N,Resident,Yes,3,,3,,4,,4,,,2,4,,,,2.01284,0.82598,0.80498,1.63096,3.64379,3.09199,0.50459,0.00626,26.5,,60.0,,,27,1.25002,0.89820,2.09456,0.77274,0.61016,3.47746,3.08497,2.22532,0.91317,0.88995,4.02844,3.41839,2025-11-21,7,7,0,36,1,0,36,2024-08-12,2,2,0,32,1,0,32,35.000,,0,0.00,0,0,"1570 NC 8 and 89 Highway,Danbury,NC,27016",36.4165,-80.226,,2026-04-01
345167,Yadkin Nursing and Care Center,903 W Main Street,Yadkinville,NC,27055,3366798863,980,Yadkin,Y,For profit - Limited Liability company,147,115.1,,Medicare and Medicaid,N,LIBERTY HEALTHCARE GROUP LLC,1977-07-01,LIBERTY SENIOR LIVING,310,37,2.6,2.9,2.1,3.0,N,,N,N,N,Resident,Yes,4,,4,,4,,3,,5,,2,,,,2.00427,0.85492,0.38167,1.23659,3.24086,2.83709,0.18905,0.06823,57.3,,58.3,,0,,1.24482,0.89447,2.08585,0.76952,0.60763,3.46300,3.07214,2.22510,0.94912,0.42372,3.59794,3.14968,2024-12-19,1,1,1,20,0,0,20,2023-08-16,0,0,0,0,0,0,0,15.000,,1,8018.00,0,1,"903 W Main Street,Yadkinville,NC,27055",36.1354,-80.677,,2026-04-01
345168,Macgregor Downs Health Center by Harborview,2910 Macgregor Downs Road,Greenville,NC,27834,2527584121,730,Pitt,Y,For profit - Limited Liability company,152,137.6,,Medicare and Medicaid,N,"MACGREGOR DOWNS HEALTH CENTER BY HARBORVIEW, LLC",1980-11-01,HARBORVIEW HEALTH SYSTEMS,246,21,1.9,2.1,2.3,2.3,N,,N,N,N,Both,Yes,2,,2,,2,,4,,1,,2,,,,2.25876,0.70196,0.57878,1.28073,3.53949,2.97533,0.32323,0.04324,55.4,,52.4,,1,,1.44196,1.03613,2.41619,0.89139,0.70386,4.01144,3.55868,2.16479,0.67275,0.55470,3.39224,2.85155,2025-02-13,12,12,2,52,1,0,52,2023-12-22,10,8,5,140,1,0,140,74.000,,1,10023.00,0,1,"2910 Macgregor Downs Road,Greenville,NC,27834",35.6116,-77.422,,2026-04-01
345169,The Greens at Gastonia,969 Cox Road,Gastonia,NC,28054,7048668596,350,Gaston,Y,For profit - Corporation,162,109.5,,Medicare and Medicaid,N,GREENS AT GASTONIA LLC,1977-09-01,CCH HEALTHCARE,124,32,2.5,2.4,2.4,3.8,N,,Y,N,N,Resident,Yes,1,,1,,2,,2,,2,,1,,,,1.92040,1.02382,0.40958,1.43340,3.35380,2.90836,0.29317,0.05915,72.0,,64.3,,2,,1.29741,0.93226,2.17397,0.80203,0.63330,3.60929,3.20193,2.04558,1.09055,0.43628,3.57241,3.09793,2025-05-05,15,15,9,151,1,0,151,2024-02-01,31,11,27,211,2,106,317,192.500,0,3,146417.00,1,4,"969 Cox Road,Gastonia,NC,28054",35.2761,-81.135,,2026-04-01
345170,Crystal Bluffs Rehabilitation and Health Care Cent,4010 Bridges Street Extension,Morehead City,NC,28557,2527260031,150,Carteret,N,For profit - Limited Liability company,92,87.1,,Medicare and Medicaid,N,"CENTURY CARE OF THE CRYSTAL COAST, INC",1977-08-15,CENTURY CARE MANAGEMENT,131,7,4.1,4.1,2.9,3.6,N,,N,N,N,Resident,Yes,5,,5,,3,,3,,4,,3,,,,2.19691,1.01626,0.65417,1.67043,3.86734,2.97980,0.30598,0.10319,35.7,,41.7,,0,,1.50456,1.08111,2.52108,0.93009,0.73441,4.18559,3.71318,2.01791,0.93346,0.60087,3.55224,2.73701,2026-01-07,1,1,1,0,0,0,0,2024-09-18,0,0,0,0,0,0,0,0.000,,0,0.00,0,0,"4010 Bridges Street Extension,Morehead City,NC,28557",34.7255,-76.758,22,2026-04-01
345171,White Oak Manor-Shelby,401 N Morgan Street,Shelby,NC,28150,7044827326,220,Cleveland,N,For profit - Corporation,160,98.5,,Medicare and Medicaid,N,Legal Business Name Not Available,1977-10-26,WHITE OAK MANAGEMENT,564,14,3.1,2.9,3.6,3.6,N,,N,N,N,Resident,Yes,2,,2,,3,,4,,2,,3,,,,2.46174,1.11205,0.47523,1.58728,4.04902,3.64314,0.32480,0.04293,62.3,,66.7,,0,,1.29121,0.92781,2.16359,0.79820,0.63027,3.59207,3.18664,2.63477,1.19021,0.50863,4.33362,3.89921,2025-08-28,4,2,2,36,1,0,36,2024-05-23,10,7,4,92,1,0,92,50.000,,4,32104.00,1,5,"401 N Morgan Street,Shelby,NC,28150",35.2962,-81.542,,2026-04-01
345172,Meridian Center,707 North Elm Street,High Point,NC,27262,3368850141,400,Guilford,Y,For profit - Limited Liability company,199,166.0,,Medicare and Medicaid,N,"SUNBRIDGE REGENCY - NORTH CAROLINA, LLC",1977-11-14,GENESIS HEALTHCARE,237,191,2.4,2.3,2.6,3.6,N,,N,N,N,Resident,Yes,1,,1,,3,,4,,2,,1,,,,1.69672,0.88913,0.34694,1.23607,2.93279,2.74589,0.36311,0.03111,58.3,,57.1,,1,,1.36749,0.98262,2.29141,0.84536,0.66751,3.80427,3.37490,1.71469,0.89854,0.35062,2.96384,2.77497,2025-08-20,9,9,2,102,1,0,102,2024-05-17,9,8,8,68,1,0,68,93.500,,5,88566.00,0,5,"707 North Elm Street,High Point,NC,27262",35.9641,-80.013,,2026-04-01
345173,Emerald Health & Rehab Center,54 Red Mulberry Way,Lillington,NC,27546,9108148030,420,Harnett,N,For profit - Limited Liability company,96,91.1,,Medicare and Medicaid,N,"HARNETT HEALTHCARE GROUP, LLC",1978-01-01,SABER HEALTHCARE GROUP,461,126,3.0,2.7,2.3,4.0,N,,N,N,N,Resident,Yes,1,,2,,4,,5,,3,,1,,,,1.93246,1.00262,0.33613,1.33875,3.27120,2.77602,0.18623,0.05325,49.0,,64.3,,0,,1.40224,1.00758,2.34962,0.86683,0.68447,3.90092,3.46064,1.90453,0.98813,0.33127,3.22393,2.73590,2025-07-24,7,5,2,52,1,0,52,2024-05-28,11,11,4,60,1,0,60,54.000,,0,0.00,0,0,"54 Red Mulberry Way,Lillington,NC,27546",35.3972,-78.813,22,2026-04-01
345174,Elevate Health and Rehabilitation,91 Victoria Road,Asheville,NC,28801,8282550076,100,Buncombe,Y,For profit - Limited Liability company,120,97.6,,Medicare and Medicaid,N,ASHEVILLE VICTORIA NC OPCO LLC,1979-02-01,ASCENT HEALTHCARE MANAGEMENT,799,6,2.3,2.7,2.0,2.0,N,,N,N,N,Resident,Yes,1,,1,,3,,5,,1,,1,,,,2.05951,0.62787,0.33035,0.95822,3.01773,2.68739,0.22401,0.02871,75.9,,76.9,,2,,1.28564,0.92380,2.15425,0.79476,0.62755,3.57656,3.17289,2.21383,0.67491,0.35510,3.24385,2.88876,2025-09-02,4,3,2,36,1,0,36,2024-08-07,26,11,26,531,1,0,531,159.750,,3,174346.00,0,3,"91 Victoria Road,Asheville,NC,28801",35.5766,-82.552,,2026-04-01
345175,Smithfield Manor Rehabilitation and Healthcare Cen,902 Berkshire Road,Smithfield,NC,27577,9199343171,500,Johnston,Y,For profit - Corporation,160,136.6,,Medicare and Medicaid,N,SMITHFIELD SNF OPERATIONS LLC,1977-12-01,VENZA CARE MANAGEMENT,614,22,2.4,2.5,3.3,2.4,N,,N,N,N,Resident,Yes,1,,2,,1,,1,,3,,2,,,,2.18591,0.77346,0.49958,1.27304,3.45895,3.03478,0.29146,0.08852,57.4,,55.0,,1,,1.35248,0.97183,2.26626,0.83608,0.66018,3.76251,3.33785,2.23357,0.79032,0.51047,3.53436,3.10095,2025-01-24,8,6,2,72,1,0,72,2023-09-28,3,1,2,154,1,0,154,92.500,,3,263607.00,0,3,"902 Berkshire Road,Smithfield,NC,27577",35.5176,-78.328,,2026-04-01
345177,The Greens at Pinehurst Rehabilitation & Living Ce,205 Rattlesnake Trail,Pinehurst,NC,28374,9102951781,620,Moore,Y,For profit - Corporation,120,87.1,,Medicare and Medicaid,N,"PINEHURST OPCO, LLC",1977-10-01,CCH HEALTHCARE,124,32,2.5,2.4,2.4,3.8,N,,N,N,N,Resident,Yes,3,,3,,4,,5,,3,,2,,,,2.12298,0.88812,0.53330,1.42142,3.54440,3.18309,0.34815,0.05762,56.8,,60.0,,1,,1.44931,1.04140,2.42849,0.89593,0.70744,4.03187,3.57681,2.02435,0.84686,0.50852,3.37973,3.03520,2024-12-05,4,4,0,20,1,0,20,2023-09-28,11,10,4,76,1,0,76,34.000,,1,41844.00,0,1,"205 Rattlesnake Trail,Pinehurst,NC,28374",35.2058,-79.465,,2026-04-01
345179,Accordius Health at Mooresville,752 E Center Avenue,Mooresville,NC,28115,7048000570,480,Iredell,Y,For profit - Limited Liability company,131,82.3,,Medicare and Medicaid,N,ACCORDIUS HEALTH AT MOORESVILLE LLC,1978-05-01,SIMCHA HYMAN & NAFTALI ZANZIPER,580,94,2.4,2.5,2.4,3.4,N,SFF Candidate,N,N,N,Resident,Yes,1,,1,,2,,2,,,2,1,,,,1.52459,1.22710,0.43550,1.66260,3.18719,2.68051,0.15963,0.06106,84.2,,90.0,,2,,1.27826,0.91850,2.14189,0.79019,0.62395,3.55603,3.15467,1.64829,1.32667,0.47083,3.44579,2.89800,2025-09-11,8,5,3,60,1,0,60,2024-06-13,26,22,14,544,2,272,816,249.000,,4,144008.00,2,6,"752 E Center Avenue,Mooresville,NC,28115",35.5784,-80.799,,2026-04-01
345180,Wesley Pines Retirement Community,1000 Wesley Pines Road,Lumberton,NC,28358,9107389691,770,Robeson,N,For profit - Corporation,62,58.4,,Medicare and Medicaid,N,"THE UNITED METHODIST RETIREMENT HOMES, INCORPORATED",1980-12-01,LIFE CARE SERVICES,312,22,4.2,3.8,4.5,4.3,Y,,N,N,N,Resident,Yes,3,,3,,4,,4,,4,,4,,,,2.70125,0.85101,0.45508,1.30610,4.00735,3.68321,0.20727,0.01730,24.2,,44.4,,0,,1.28053,0.92013,2.14569,0.79160,0.62506,3.56235,3.16028,2.91524,0.91843,0.49114,4.32481,3.97499,2026-01-30,7,7,1,36,1,0,36,2024-11-14,2,1,2,8,0,0,8,29.000,,0,0.00,0,0,"1000 Wesley Pines Road,Lumberton,NC,28358",34.6569,-78.995,,2026-04-01
345181,Greenville Health and Rehabilitation Center,2578 West Fifth Street,Greenville,NC,27834,2527587100,730,Pitt,Y,For profit - Corporation,120,113.7,,Medicare and Medicaid,N,Legal Business Name Not Available,1978-07-26,,,,,,,,N,,N,N,N,Resident,Yes,1,,1,,2,,2,,2,,1,,,,2.01203,0.83117,0.48157,1.31274,3.32477,2.95591,0.40124,0.11426,66.4,,72.2,,1,,1.52373,1.09488,2.55319,0.94194,0.74377,4.23890,3.76047,1.82485,0.75385,0.43677,3.01546,2.68092,2025-06-11,10,10,1,111,1,0,111,2024-05-31,15,10,8,88,1,0,88,105.250,,2,64002.00,0,2,"2578 West Fifth Street,Greenville,NC,27834",35.6182,-77.413,,2026-04-01
345182,Pruitthealth-Crystal Coast,2416 US Highway 70 East,Beaufort,NC,28516,2522250112,150,Carteret,N,For profit - Limited Liability company,104,90.5,,Medicare and Medicaid,N,"PRUITTHEALTH - CRYSTAL COAST, LLC",1978-04-01,PRUITTHEALTH,434,96,2.9,2.8,2.4,3.7,N,,N,N,N,Resident,Yes,4,,4,,2,,3,,2,,3,,,,1.59104,0.65650,0.87579,1.53229,3.12333,2.58288,0.58205,0.10733,44.1,,36.8,,0,,1.34747,0.96823,2.25786,0.83298,0.65773,3.74857,3.32549,1.63178,0.67331,0.89821,3.20330,2.64902,2026-01-22,1,1,1,4,1,0,4,2024-10-03,8,5,3,48,1,0,48,15.000,,1,3728.00,1,2,"2416 US Highway 70 East,Beaufort,NC,28516",34.7602,-76.527,,2026-04-01
345183,Cabarrus Health and Rehabilitation Center,430 Brookwood Avenue NE,Concord,NC,28025,7047884115,120,Cabarrus,Y,For profit - Corporation,120,108.3,,Medicare and Medicaid,N,"UNIVERSAL HEALTH CARE CONCORD, INC",1979-05-01,LIFEWORKS REHAB,768,62,2.1,2.1,1.5,4.0,N,SFF Candidate,N,N,N,Resident,Yes,1,,1,,2,,2,,2,,1,,,,1.90883,0.96638,0.33663,1.30301,3.21184,2.93894,0.28802,0.20008,73.9,,66.7,,2,,1.47540,1.06015,2.47222,0.91206,0.72018,4.10446,3.64121,1.78796,0.90519,0.31531,3.00846,2.75284,2025-06-27,23,16,15,227,2,114,341,2024-04-18,27,14,14,242,1,0,242,316.250,,8,140956.00,3,11,"430 Brookwood Avenue NE,Concord,NC,28025",35.4311,-80.58,,2026-04-01
345184,Laurel Park Rehabilitation and Healthcare Center,901 Halstead Boulevard,Elizabeth City,NC,27909,2523380137,690,Pasquotank,N,For profit - Corporation,108,98.2,,Medicare and Medicaid,N,LAUREL PARK OPCO LLC,1978-08-01,YAD HEALTHCARE,640,13,1.7,2.2,1.5,2.9,N,,N,N,N,Resident,Yes,1,,2,,3,,4,,3,,1,,,,1.78372,0.65443,0.38236,1.03679,2.82051,2.43371,0.17509,0.00000,70.5,,58.3,,1,,1.34616,0.96729,2.25566,0.83217,0.65709,3.74493,3.32225,1.83117,0.67184,0.39254,2.89555,2.49845,2025-05-21,12,12,4,76,1,0,76,2024-05-22,6,6,1,32,1,0,32,65.000,,1,10868.00,0,1,"901 Halstead Boulevard,Elizabeth City,NC,27909",36.2881,-76.242,,2026-04-01
345185,Premier Living and Rehab Center,106 Cameron Street,Lake Waccamaw,NC,28450,9106463132,230,Columbus,N,For profit - Individual,127,69.5,,Medicare and Medicaid,N,PREMIER LIVING AND REHAB CENTER,1978-09-29,,,,,,,,N,SFF Candidate,Y,N,N,Resident,Yes,1,,1,,1,,1,,1,,1,23,23,23,,,,,,,,,,26,,26,,26,,,,,,,,,,,,,2025-06-26,20,20,3,172,1,0,172,2024-07-02,29,29,12,751,2,376,1127,410.750,,2,381817.00,2,4,"106 Cameron Street,Lake Waccamaw,NC,28450",34.3215,-78.518,,2026-04-01
345186,Five Oaks Rehabilitation and Care Center,413 Winecoff School Road,Concord,NC,28027,7047882131,120,Cabarrus,Y,For profit - Limited Liability company,160,151.5,,Medicare and Medicaid,N,FIVE OAKS SNF OPERATIONS LLC,1978-12-01,VENZA CARE MANAGEMENT,614,22,2.4,2.5,3.3,2.4,N,,N,N,N,Both,Yes,2,,2,,3,,3,,4,,2,,,,2.30139,1.14987,0.34507,1.49494,3.79633,3.40549,0.11934,0.10189,57.4,,45.5,,0,,1.46093,1.04976,2.44797,0.90312,0.71312,4.06421,3.60550,2.17701,1.08772,0.32642,3.59116,3.22143,2026-03-16,2,2,0,12,0,0,12,2025-03-05,9,8,3,159,1,0,159,48.750,,1,17345.00,0,1,"413 Winecoff School Road,Concord,NC,28027",35.4468,-80.621,,2026-04-01
345187,Grace Heights Health & Rehabilitation,109 Foothills Drive,Morganton,NC,28655,8285807000,110,Burke,Y,For profit - Limited Liability company,120,66.0,,Medicare and Medicaid,N,GRACE HEIGHTS REHABILITATION AND SKILLED NURSING CENTER LLC,1980-06-01,SANSTONE HEALTH & REHABILITATION,465,17,4.1,3.6,2.8,4.5,N,,N,N,N,Resident,Yes,5,,5,,5,,5,,4,,3,,,,2.82859,1.03900,0.67139,1.71039,4.53898,3.98989,0.31460,0.05994,,26,,26,1,,1.33403,0.95857,2.23533,0.82467,0.65117,3.71117,3.29231,2.93025,1.07634,0.69552,4.70211,4.13329,2026-01-23,0,0,0,0,0,0,0,2024-09-11,3,1,2,16,1,0,16,4.000,,0,0.00,0,0,"109 Foothills Drive,Morganton,NC,28655",35.7271,-81.652,,2026-04-01
345190,Murphy Rehabilitation & Nursing,230 NC HWY 141,Murphy,NC,28906,8288357580,190,Cherokee,N,For profit - Corporation,134,111.0,,Medicare and Medicaid,N,MURPHY REHABILITATION INC,1979-01-15,,,,,,,,N,,N,N,N,Resident,Yes,4,,4,,4,,3,,5,,4,,,,2.25385,0.70291,0.46332,1.16623,3.42008,2.99800,0.14686,0.05304,34.4,,20.0,,0,,1.22512,0.88031,2.05284,0.75735,0.59801,3.40820,3.02353,2.54241,0.79291,0.52264,3.85795,3.38183,2026-03-05,0,0,0,0,0,0,0,2024-12-19,9,9,0,56,1,0,56,14.000,,0,0.00,0,0,"230 NC HWY 141,Murphy,NC,28906",35.0673,-84.126,22,2026-04-01
345191,Surry Community Health Center by Harborview,542 Allred Mill Road,Mount Airy,NC,27030,3367895076,850,Surry,N,For profit - Corporation,120,109.3,,Medicare and Medicaid,N,"SURRY COMMUNITY HEALTH CENTER BY HARBORVIEW, LLC",1981-05-01,HARBORVIEW HEALTH SYSTEMS,246,21,1.9,2.1,2.3,2.3,N,,N,N,N,Resident,Yes,1,,1,,2,,2,,2,,2,,,,2.49853,0.43153,0.34372,0.77525,3.27378,2.79043,0.11813,0.00139,37.8,,44.4,,0,,1.31271,0.94325,2.19961,0.81149,0.64077,3.65187,3.23970,2.63036,0.45430,0.36186,3.44652,2.93766,2025-06-11,5,5,2,20,1,0,20,2024-03-27,21,18,14,905,1,0,905,241.250,,1,145262.00,0,1,"542 Allred Mill Road,Mount Airy,NC,27030",36.5234,-80.618,,2026-04-01
345192,Longleaf Neuro-Medical Treatment Center,4761 Ward Boulevard,Wilson,NC,27893,2523992112,970,Wilson,N,Government - State,248,85.2,,Medicare and Medicaid,N,Legal Business Name Not Available,1979-01-08,,,,,,,,N,,N,N,N,Resident,Yes,3,,2,,2,,2,,,2,5,,,,9.49919,1.71990,2.16186,3.88176,13.38095,10.81223,1.21009,0.00000,26.3,,15.4,,,26,1.30121,0.93499,2.18034,0.80438,0.63515,3.61988,3.21131,10.08878,1.82665,2.29604,14.21147,11.48332,2025-06-18,1,0,1,20,0,0,20,2024-03-14,6,5,5,161,1,0,161,55.250,,2,144935.00,1,3,"4761 Ward Boulevard,Wilson,NC,27893",35.7251,-77.896,,2026-04-01
345193,Mountain View Manor Nursing Center,410 Buckner Branch Road,Bryson City,NC,28713,8284882101,860,Swain,N,For profit - Limited Liability company,120,73.6,,Medicare and Medicaid,N,Legal Business Name Not Available,1979-03-02,,,,,,,,N,,N,N,N,Resident,Yes,1,,2,,2,,2,,3,,1,,,,1.90262,0.86493,0.53853,1.40345,3.30607,3.02993,0.20873,0.01928,,26,,26,,26,1.30471,0.93750,2.18620,0.80654,0.63686,3.62961,3.21995,2.01529,0.91615,0.57042,3.50186,3.20936,2025-04-17,10,10,2,44,1,0,44,2024-01-26,18,18,18,104,1,0,104,59.000,,1,14131.00,1,2,"410 Buckner Branch Road,Bryson City,NC,28713",35.4194,-83.468,,2026-04-01
345194,Glenflora,5701 Fayetteville Road,Lumberton,NC,28360,9107392821,770,Robeson,N,Non profit - Corporation,52,46.5,,Medicare and Medicaid,N,GLENFLORA,1979-06-11,LUTHERAN SERVICES CAROLINAS,327,9,4.3,3.7,4.7,3.0,N,,N,N,N,Resident,Yes,5,,4,,5,,3,,5,,4,,,,2.82406,1.27110,0.39461,1.66571,4.48977,3.89042,0.23125,0.02509,54.0,,40.0,,0,,1.20566,0.86633,2.02024,0.74532,0.58851,3.35407,2.97551,3.23703,1.45698,0.45232,5.14633,4.45933,2026-02-12,1,1,0,8,1,0,8,2024-12-12,1,0,1,20,0,0,20,11.000,,1,14689.00,0,1,"5701 Fayetteville Road,Lumberton,NC,28360",34.6888,-79.016,,2026-04-01
345195,Edgecombe Health Center by Harborview,1000 Western Boulevard,Tarboro,NC,27886,2528230401,320,Edgecombe,Y,For profit - Individual,159,142.5,,Medicare and Medicaid,N,"EDGECOMBE HEALTH CENTER BY HARBORVIEW, LLC",1979-10-01,HARBORVIEW HEALTH SYSTEMS,246,21,1.9,2.1,2.3,2.3,N,,N,N,N,Resident,Yes,3,,3,,2,,1,,3,,2,,,,2.03145,0.76244,0.39557,1.15801,3.18946,2.92371,0.27041,0.03906,43.7,,43.8,,1,,1.36023,0.97740,2.27924,0.84087,0.66396,3.78407,3.35698,2.06392,0.77462,0.40189,3.24043,2.97044,2025-03-13,6,6,0,28,1,0,28,2024-01-25,6,6,1,24,1,0,24,27.000,,0,0.00,0,0,"1000 Western Boulevard,Tarboro,NC,27886",35.8968,-77.557,,2026-04-01
345196,Mountain Vista Health Park,106 Mountain Vista Health Park Road,Denton,NC,27239,3368592181,280,Davidson,Y,Non profit - Corporation,60,54.0,,Medicare and Medicaid,N,"MOUNTAIN VISTA HEALTH PARK, INC.",1980-02-04,,,,,,,,N,,N,N,N,Resident,Yes,5,,5,,5,,5,,,2,5,,,,2.41460,1.33918,0.74952,2.08870,4.50330,3.79978,0.35640,0.05285,20.9,,20.0,,0,,1.22333,0.87903,2.04984,0.75624,0.59714,3.40322,3.01911,2.72773,1.51285,0.84672,5.08730,4.29255,2025-05-01,0,0,0,0,0,0,0,2024-02-01,0,0,0,0,0,0,0,0.000,,0,0.00,0,0,"106 Mountain Vista Health Park Road,Denton,NC,27239",35.6176,-80.111,22,2026-04-01
345197,Willow Ridge Of NC,237 Tryon Road,Rutherfordton,NC,28139,8282867200,800,Rutherford,N,For profit - Corporation,150,120.8,,Medicare and Medicaid,N,WILLOW RIDGE HEALTHCARE LLC,1980-03-06,CCH HEALTHCARE,124,32,2.5,2.4,2.4,3.8,N,,Y,N,N,Resident,Yes,1,,1,,3,,5,,2,,3,,,,2.17973,0.85551,0.43379,1.28930,3.46903,2.90987,0.28455,0.02206,57.5,,16.7,,0,,1.17606,0.84506,1.97063,0.72701,0.57406,3.27171,2.90244,2.56137,1.00530,0.50975,4.07642,3.41936,2025-02-04,12,12,7,80,1,0,80,2023-11-03,10,8,6,198,2,99,297,134.250,,4,146939.00,1,5,"237 Tryon Road,Rutherfordton,NC,28139",35.3639,-81.97,,2026-04-01
345198,Aston Park Health Care Center,380 Brevard Road,Asheville,NC,28806,8282534437,100,Buncombe,Y,Non profit - Corporation,120,106.9,,Medicare and Medicaid,N,"ASTON PARK HEALTH CARE CENTER, INC.",1980-06-03,LUTHERAN SERVICES CAROLINAS,327,9,4.3,3.7,4.7,3.0,N,,N,N,N,Resident,Yes,5,,4,,3,,2,,3,,5,,,,2.29516,0.57786,1.07898,1.65683,3.95199,3.89410,0.76663,0.04204,35.7,,15.4,,0,,1.22221,0.87822,2.04796,0.75554,0.59659,3.40009,3.01633,2.59518,0.65340,1.22002,4.46860,4.40314,2025-02-20,2,2,0,8,1,0,8,2023-10-12,1,1,1,4,0,0,4,7.000,,0,0.00,0,0,"380 Brevard Road,Asheville,NC,28806",35.5627,-82.595,,2026-04-01
345199,Carol Woods,750 Weaver Dairy Road,Chapel Hill,NC,27514,9199684511,670,Orange,Y,Non profit - Corporation,30,21.8,,Medicare,N,"THE CHAPEL HILL RESIDENTIAL RETIREMENT CENTER, INC.",1980-01-30,,,,,,,,Y,,N,N,N,Both,Yes,5,,4,,5,,4,,5,,5,,,,3.47399,0.49439,2.24227,2.73666,6.21065,5.64688,1.90527,0.06867,32.4,,30.0,,,26,1.25373,0.90087,2.10077,0.77503,0.61197,3.48777,3.09412,3.82935,0.54496,2.47164,6.84596,6.22452,2025-06-26,0,0,0,0,0,0,0,2024-06-06,5,5,0,32,1,0,32,8.000,,0,0.00,0,0,"750 Weaver Dairy Road,Chapel Hill,NC,27514",35.9638,-79.041,,2026-04-01
345201,Pelican Health at Charlotte,2616 East 5th Street,Charlotte,NC,28204,7043335165,590,Mecklenburg,Y,For profit - Corporation,120,75.3,,Medicare and Medicaid,N,PELICAN HEALTH AT CHARLOTTE LLC,1980-12-22,SIMCHA HYMAN & NAFTALI ZANZIPER,580,94,2.4,2.5,2.4,3.4,N,,N,N,N,Resident,Yes,2,,1,,5,,5,,,2,2,,,,1.75913,0.65462,0.80135,1.45597,3.21511,2.91544,0.59059,0.07408,69.1,,70.6,,1,,1.36836,0.98324,2.29285,0.84589,0.66793,3.80667,3.37703,1.77664,0.66114,0.80932,3.24710,2.94445,2025-02-03,9,9,5,115,1,0,115,2023-08-29,22,20,22,344,1,0,344,172.250,1,7,97610.00,0,7,"2616 East 5th Street,Charlotte,NC,28204",35.2058,-80.812,,2026-04-01
345202,Capital Nursing and Rehabilitation Center,3000 Holston Lane,Raleigh,NC,27610,9192316045,910,Wake,Y,For profit - Corporation,125,99.9,,Medicare and Medicaid,N,LIBERTY HEALTHCARE GROUP LLC,1980-10-01,LIBERTY SENIOR LIVING,310,37,2.6,2.9,2.1,3.0,N,,N,N,N,Resident,Yes,4,,4,,4,,5,,3,,3,,,,2.03085,0.85688,0.41698,1.27385,3.30470,2.98593,0.31616,0.05754,40.4,,28.6,,0,,1.34351,0.96538,2.25121,0.83053,0.65580,3.73754,3.31569,2.08900,0.88141,0.42891,3.39933,3.07142,2025-08-07,5,4,1,16,1,0,16,2024-07-18,6,5,5,20,1,0,20,17.000,,0,0.00,0,0,"3000 Holston Lane,Raleigh,NC,27610",35.7858,-78.582,,2026-04-01
345203,Life Care Center of Banner Elk,185 Norwood Hollow Road,Banner Elk,NC,28604,8288985136,050,Avery,N,For profit - Corporation,118,68.3,,Medicare and Medicaid,N,BANNER ELK OPERATIONS LLC,1981-10-01,LIFE CARE CENTERS OF AMERICA,311,194,3.5,2.9,3.3,4.5,N,,N,N,N,Resident,Yes,5,,4,,5,,4,,5,,2,,,,1.60132,0.98053,0.39069,1.37122,2.97255,2.75100,0.20167,0.07970,25.0,,55.6,,0,,1.37010,0.98449,2.29577,0.84697,0.66878,3.81152,3.38133,1.61520,0.98903,0.39408,2.99831,2.77484,2025-08-06,3,3,0,12,1,0,12,2024-08-21,3,3,0,16,1,0,16,13.000,,0,0.00,0,0,"185 Norwood Hollow Road,Banner Elk,NC,28604",36.1349,-81.85,,2026-04-01
345204,StoneCreek Health and Rehabilitation,455 Victoria Road,Asheville,NC,28801,8282520099,100,Buncombe,Y,For profit - Corporation,120,102.2,,Medicare and Medicaid,N,"STONECREEK HEALTH AND REHABILITATION, LLC",1981-06-17,SANSTONE HEALTH & REHABILITATION,465,17,4.1,3.6,2.8,4.5,N,,N,N,N,Resident,Yes,2,,1,,5,,5,,5,,2,,,,2.33840,0.48950,0.50474,0.99424,3.33264,2.77439,0.32820,0.01516,43.8,,52.9,,0,,1.44076,1.03526,2.41418,0.89065,0.70327,4.00810,3.55572,2.24299,0.46953,0.48414,3.19666,2.66118,2025-04-14,5,5,1,141,1,0,141,2023-12-22,7,7,4,44,1,0,44,116.750,0,1,38431.00,0,1,"455 Victoria Road,Asheville,NC,28801",35.5661,-82.556,,2026-04-01
345205,Westwood Hills Nursing and Rehabilitation Center,1016 Fletcher Street,Wilkesboro,NC,28697,3366679261,960,Wilkes,N,For profit - Limited Liability company,176,118.7,,Medicare and Medicaid,N,"EAGLE PEAK LTC GROUP, LLC",1981-07-30,PRINCIPLE LONG TERM CARE,423,44,3.1,3.0,3.0,3.4,N,,N,N,N,Resident,Yes,4,,4,,3,,4,,2,,3,,,,1.94731,0.33406,0.71253,1.04658,2.99389,2.44174,0.39188,0.04340,34.8,,33.3,,2,,1.13612,0.81637,1.90372,0.70233,0.55457,3.16062,2.80389,2.36869,0.40635,0.86671,3.64175,2.97011,2025-11-19,2,2,1,8,1,0,8,2024-08-21,5,3,3,64,1,0,64,22.000,,1,8648.00,0,1,"1016 Fletcher Street,Wilkesboro,NC,28697",36.1357,-81.164,,2026-04-01
345206,Madison Health and Rehabilitation,345 Manor Road,Mars Hill,NC,28754,8286895200,570,Madison,Y,For profit - Limited Liability company,100,88.7,,Medicare and Medicaid,N,"MADISON HEALTH AND REHABILITATION, LLC",1981-05-25,SANSTONE HEALTH & REHABILITATION,465,17,4.1,3.6,2.8,4.5,N,,Y,N,N,Resident,Yes,3,,2,,5,,5,,4,,4,,,,2.31415,0.47162,0.75034,1.22196,3.53612,2.83598,0.39516,0.06666,33.0,,27.8,,0,,1.34803,0.96863,2.25880,0.83333,0.65801,3.75013,3.32687,2.37242,0.48350,0.76923,3.62515,2.90738,2026-02-11,2,1,1,28,1,0,28,2024-11-15,1,1,0,8,1,0,8,23.000,,1,9110.00,0,1,"345 Manor Road,Mars Hill,NC,28754",35.8327,-82.529,,2026-04-01
345207,Liberty Commons Nursing and Rehabilitation Center,1402 Pinckney Street,Whiteville,NC,28472,9106424245,230,Columbus,N,For profit - Corporation,107,99.0,,Medicare and Medicaid,N,LIBERTY HEALTHCARE GROUP LLC,1981-10-01,LIBERTY SENIOR LIVING,310,37,2.6,2.9,2.1,3.0,N,,N,N,N,Resident,Yes,1,,1,,2,,1,,2,,2,,,,2.67439,0.99459,0.38970,1.38429,4.05868,3.72918,0.26610,0.04312,59.0,,58.3,,2,,1.25824,0.90411,2.10834,0.77782,0.61418,3.50034,3.10527,2.93738,1.09239,0.42803,4.45780,4.09589,2025-07-10,5,5,0,28,1,0,28,2024-07-26,16,6,12,405,1,0,405,122.250,,5,135234.00,0,5,"1402 Pinckney Street,Whiteville,NC,28472",34.3463,-78.702,,2026-04-01
345208,Sapphire Ridge Health and Rehabilitation,115 N Country Club Road,Brevard,NC,28712,8288842031,870,Transylvania,N,For profit - Limited Liability company,147,103.2,,Medicare and Medicaid,N,BREVARD NC OPCO LLC,1981-07-17,ASCENT HEALTHCARE MANAGEMENT,799,6,2.3,2.7,2.0,2.0,N,,N,N,N,Resident,Yes,1,,2,,1,,3,,1,,3,,,,2.32387,0.61713,0.48955,1.10668,3.43055,3.15398,0.43480,0.01567,52.7,,66.7,,1,,1.17808,0.84651,1.97402,0.72826,0.57505,3.27733,2.90743,2.72606,0.72394,0.57428,4.02428,3.69985,2025-03-07,12,12,3,68,1,0,68,2023-11-17,13,13,13,76,1,0,76,70.000,,1,22568.00,0,1,"115 N Country Club Road,Brevard,NC,28712",35.2242,-82.738,,2026-04-01
345209,Brookridge Retirement Community,1199 Hayes Forest Drive,Winston-Salem,NC,27106,3367591044,330,Forsyth,Y,Non profit - Corporation,77,66.6,,Medicare and Medicaid,N,BAPTIST RETIREMENT HOMES OF NORTH CAROLINA INCORPORATED,1981-06-01,,,,,,,,N,,N,N,N,Resident,Yes,5,,4,,5,,5,,5,,4,,,,2.83031,1.11905,0.67360,1.79265,4.62296,4.31203,0.54273,0.04782,58.5,,61.5,,0,,1.31790,0.94698,2.20831,0.81470,0.64330,3.66630,3.25250,2.96791,1.17346,0.70634,4.84771,4.52168,2025-08-01,1,1,0,4,1,0,4,2024-05-09,2,2,0,32,1,0,32,11.000,,0,0.00,0,0,"1199 Hayes Forest Drive,Winston-Salem,NC,27106",36.1439,-80.286,,2026-04-01
345210,Elizabethtown Healthcare & Rehab Center,208 Mercer Mill Road,Elizabethtown,NC,28337,9108628181,080,Bladen,N,For profit - Corporation,94,84.6,,Medicare and Medicaid,N,LIBERTY HEALTHCARE GROUP LLC,1981-10-01,LIBERTY SENIOR LIVING,310,37,2.6,2.9,2.1,3.0,N,,N,N,N,Resident,Yes,3,,3,,3,,3,,3,,3,,,,2.45839,0.44423,0.61058,1.05481,3.51320,3.17882,0.31009,0.02996,52.5,,30.0,,0,,1.45099,1.04262,2.43132,0.89697,0.70827,4.03656,3.58097,2.34145,0.42310,0.58154,3.34609,3.02761,2025-09-16,4,4,0,32,1,0,32,2024-09-26,2,2,2,4,0,0,4,25.000,,1,8788.00,0,1,"208 Mercer Mill Road,Elizabethtown,NC,28337",34.6222,-78.606,,2026-04-01
345211,Riverpoint Crest Nursing and Rehabilitation Center,2600 Old Cherry Point Road,New Bern,NC,28563,2526374730,240,Craven,N,For profit - Corporation,105,92.5,,Medicare and Medicaid,N,"RIVER NEUSE GROUP, LLC",1981-10-01,PRINCIPLE LONG TERM CARE,423,44,3.1,3.0,3.0,3.4,N,,N,N,N,Resident,Yes,3,,3,,3,,5,,1,,4,,,,1.98153,0.82295,0.49582,1.31877,3.30030,2.90798,0.33278,0.05161,13.8,,11.1,,0,,1.27184,0.91389,2.13113,0.78623,0.62082,3.53817,3.13883,2.15311,0.89422,0.53875,3.58608,3.15979,2025-09-18,9,9,2,36,1,0,36,2024-09-26,6,5,1,28,1,0,28,34.000,,0,0.00,0,0,"2600 Old Cherry Point Road,New Bern,NC,28563",35.065,-77.016,,2026-04-01
345212,Bethesda Health Care Facility,3532 Dunn Road,Eastover,NC,28301,9103233223,250,Cumberland,Y,For profit - Corporation,85,83.4,,Medicare and Medicaid,N,JACTOM INC,1981-10-01,,,,,,,,N,,N,N,N,Resident,Yes,4,,4,,2,,2,,3,,3,,,,2.28644,0.58041,0.37959,0.96001,3.24645,2.98329,0.27812,0.00366,38.2,,28.6,,0,,1.35193,0.97143,2.26533,0.83574,0.65991,3.76097,3.33649,2.33726,0.59331,0.38803,3.31860,3.04958,2026-02-12,3,3,0,12,1,0,12,2024-11-01,1,1,0,4,1,0,4,10.000,,0,0.00,0,0,"3532 Dunn Road,Eastover,NC,28301",35.0639,-78.832,,2026-04-01
345213,Lillington Health and Rehabilitation Center,1995 East Cornelius Harnett Boulevard,Lillington,NC,27546,9109835141,420,Harnett,N,For profit - Corporation,129,126.5,,Medicare and Medicaid,N,Legal Business Name Not Available,1981-10-01,,,,,,,,N,,Y,N,N,Resident,Yes,1,,1,,4,,5,,1,,1,,,,2.68848,0.71934,0.33219,1.05153,3.74001,3.12991,0.14244,0.12076,59.1,,46.2,,0,,1.66788,1.19846,2.79474,1.03105,0.81413,4.63992,4.11623,2.22763,0.59603,0.27524,3.09890,2.59338,2025-05-23,19,15,14,128,1,0,128,2024-04-26,13,7,9,124,1,0,124,127.000,,1,14945.00,0,1,"1995 East Cornelius Harnett Boulevard,Lillington,NC,27546",35.4083,-78.77,,2026-04-01
345215,River Trace Nursing and Rehabilitation Center,250 Lovers Lane,Washington,NC,27889,2529751636,060,Beaufort,N,For profit - Corporation,140,113.3,,Medicare and Medicaid,N,"TAR RIVER LTC GROUP, LLC",1981-10-01,PRINCIPLE LONG TERM CARE,423,44,3.1,3.0,3.0,3.4,N,,N,N,N,Resident,Yes,1,,1,,3,,3,,2,,1,25,25,6,,,,,,,,,66.7,,72.2,,2,,,,,,,,,,,,,,2025-08-22,12,11,4,168,1,0,168,2024-07-26,8,4,4,60,1,0,60,141.000,,2,32991.00,0,2,"250 Lovers Lane,Washington,NC,27889",35.5496,-77.039,22,2026-04-01
345216,Westfield Rehabilitation and Health Center,3100 Tramway Road,Sanford,NC,27330,9197755404,520,Lee,N,For profit - Corporation,83,78.2,,Medicare and Medicaid,N,LIBERTY HEALTHCARE GROUP LLC,1981-11-01,LIBERTY SENIOR LIVING,310,37,2.6,2.9,2.1,3.0,N,,N,N,N,Resident,Yes,4,,4,,4,,5,,3,,2,,,,2.13257,0.87566,0.40594,1.28160,3.41417,3.21266,0.22897,0.06159,42.3,,37.5,,0,,1.36171,0.97846,2.28172,0.84178,0.66469,3.78819,3.36063,2.16430,0.88869,0.41198,3.46497,3.26046,2025-08-21,1,1,0,20,0,0,20,2024-08-23,2,2,2,8,1,0,8,17.000,,1,8278.00,0,1,"3100 Tramway Road,Sanford,NC,27330",35.4376,-79.189,,2026-04-01
345217,Premier Nursing and Rehabilitation Center,225 White Street,Jacksonville,NC,28546,9103537222,660,Onslow,Y,For profit - Limited Liability company,239,133.0,,Medicare and Medicaid,N,"REDWOOD LTC GROUP, LLC",1981-11-25,PRINCIPLE LONG TERM CARE,423,44,3.1,3.0,3.0,3.4,N,,N,N,N,Resident,Yes,3,,3,,2,,2,,2,,3,,,,2.00134,0.68197,0.51475,1.19672,3.19805,2.74238,0.22727,0.06441,44.5,,23.1,,0,,1.26611,0.90977,2.12152,0.78268,0.61802,3.52223,3.12469,2.18448,0.74438,0.56185,3.49071,2.99334,2025-04-24,7,7,0,28,1,0,28,2024-03-27,11,11,6,60,1,0,60,36.000,,1,51984.00,0,1,"225 White Street,Jacksonville,NC,28546",34.7602,-77.388,,2026-04-01
345218,Mary Gran Nursing Center,120 Southwood Drive,Clinton,NC,28329,9105927981,810,Sampson,N,For profit - Corporation,212,101.3,,Medicare and Medicaid,N,LIBERTY HEALTHCARE GROUP LLC,1981-10-01,LIBERTY SENIOR LIVING,310,37,2.6,2.9,2.1,3.0,N,,Y,N,N,Resident,Yes,1,,1,,2,,2,,3,,2,,,,2.13681,0.90689,0.35868,1.26557,3.40238,3.07856,0.22606,0.02061,43.4,,28.6,,0,,1.43857,1.03369,2.41051,0.88930,0.70220,4.00201,3.55032,2.05274,0.87121,0.34457,3.26851,2.95744,2025-08-14,8,8,1,286,1,0,286,2024-08-12,3,2,2,32,1,0,32,222.500,,1,68172.00,0,1,"120 Southwood Drive,Clinton,NC,28329",34.9815,-78.308,,2026-04-01
345219,Magnolia Lane Nursing and Rehabilitation Center,107 Magnolia Drive,Morganton,NC,28655,8284378760,110,Burke,Y,For profit - Limited Liability company,121,66.9,,Medicare and Medicaid,N,"GRANITE FALLS LTC, LLC",1981-10-01,PRINCIPLE LONG TERM CARE,423,44,3.1,3.0,3.0,3.4,N,,N,N,N,Resident,Yes,2,,2,,4,,5,,3,,3,,,,2.35554,0.53802,0.69571,1.23372,3.58926,3.12620,0.33028,0.07641,48.3,,33.3,,1,,1.42309,1.02256,2.38456,0.87972,0.69464,3.95893,3.51210,2.28748,0.52248,0.67561,3.48557,3.03588,2025-12-19,11,10,2,56,1,0,56,2024-09-25,11,11,3,40,1,0,40,52.000,,1,7901.00,0,1,"107 Magnolia Drive,Morganton,NC,28655",35.7247,-81.693,,2026-04-01
345221,The Greens at Weaverville,78 Weaver Boulevard,Weaverville,NC,28787,8286454297,100,Buncombe,Y,For profit - Limited Liability company,122,99.4,,Medicare and Medicaid,N,GREENS AT WEAVERVILLE LLC,1982-02-12,CCH HEALTHCARE,124,32,2.5,2.4,2.4,3.8,N,,N,N,N,Both,Yes,4,,4,,3,,4,,2,,3,,,,1.94625,0.77732,0.99440,1.77172,3.71797,3.34923,0.64821,0.09491,71.9,,69.7,,0,,1.26251,0.90718,2.11549,0.78046,0.61626,3.51221,3.11580,2.13042,0.85087,1.08850,4.06979,3.66615,2025-07-31,2,2,0,12,1,0,12,2024-06-12,9,3,7,48,1,0,48,21.000,,0,0.00,0,0,"78 Weaver Boulevard,Weaverville,NC,28787",35.7038,-82.567,,2026-04-01
345222,Autumn Care of Drexel,307 Oakland Avenue,Morganton,NC,28655,8284336180,110,Burke,Y,For profit - Corporation,100,91.7,,Medicare and Medicaid,N,AUTUMN CORPORATION,1982-07-21,SABER HEALTHCARE GROUP,461,126,3.0,2.7,2.3,4.0,N,,N,N,N,Resident,Yes,3,,2,,5,,5,,4,,3,,,,2.22693,0.93704,0.53961,1.47665,3.70358,3.48260,0.26561,0.00030,57.3,,45.5,,0,,1.31399,0.94417,2.20176,0.81228,0.64139,3.65543,3.24285,2.34215,0.98552,0.56753,3.89520,3.66278,2025-04-24,5,5,2,52,1,0,52,2024-02-14,9,8,3,60,1,0,60,54.000,,2,27872.00,0,2,"307 Oakland Avenue,Morganton,NC,28655",35.7592,-81.601,,2026-04-01
345223,Valley Hill Health & Rehab Center,1510 Hebron Road,Hendersonville,NC,28739,8286938461,440,Henderson,Y,For profit - Corporation,150,82.7,,Medicare and Medicaid,N,"VALLEY HILL HEALTH & REHAB CENTER, LLC",1982-06-16,SABER HEALTHCARE GROUP,461,126,3.0,2.7,2.3,4.0,N,,N,N,N,Resident,Yes,2,,2,,3,,5,,1,,2,,,,2.19174,0.69493,0.47391,1.16884,3.36058,3.01361,0.29601,0.00556,56.3,,72.7,,3,,1.22402,0.87952,2.05099,0.75666,0.59747,3.40513,3.02081,2.47458,0.78461,0.53506,3.79425,3.40251,2025-06-27,6,6,2,28,1,0,28,2024-04-10,10,8,9,200,1,0,200,71.000,,3,58949.00,0,3,"1510 Hebron Road,Hendersonville,NC,28739",35.3068,-82.476,,2026-04-01
345225,Signature Healthcare of Chapel Hill,1602 E Franklin Street,Chapel Hill,NC,27514,9199671418,670,Orange,Y,For profit - Corporation,108,98.2,,Medicare and Medicaid,N,"LP CHAPEL HILL, LLC",1982-08-31,SIGNATURE HEALTHCARE,474,71,3.1,2.9,2.6,3.9,N,,N,N,N,Resident,Yes,3,,3,,2,,2,,3,,3,,,,1.98829,0.52497,0.89807,1.42304,3.41133,2.87451,0.58752,0.12944,56.4,,29.4,,1,,1.28860,0.92593,2.15922,0.79659,0.62900,3.58480,3.18020,2.13236,0.56301,0.96315,3.65851,3.08279,2025-06-19,4,4,2,16,0,0,16,2024-04-11,12,7,7,56,1,0,56,26.000,,0,0.00,0,0,"1602 E Franklin Street,Chapel Hill,NC,27514",35.933,-79.031,,2026-04-01
345226,Peak Resources-Outer Banks,430  West Health Center Drive,Nags Head,NC,27959,2524413116,270,Dare,N,For profit - Corporation,126,95.4,,Medicare and Medicaid,N,PEAK RESOURCES OUTER BANKS INC,1982-10-19,"PEAK RESOURCES, INC.",397,9,3.4,3.6,2.4,3.0,N,,N,N,N,Resident,Yes,3,,4,,1,,1,,2,,2,,,,1.76346,0.73472,0.48722,1.22195,2.98541,2.72944,0.29416,0.07473,59.5,,30.8,,0,,1.28065,0.92022,2.14589,0.79167,0.62512,3.56268,3.16057,1.90298,0.79285,0.52577,3.22161,2.94538,2025-03-27,4,4,1,28,1,0,28,2024-01-25,3,2,1,4,0,0,4,22.000,,0,0.00,0,0,"430  West Health Center Drive,Nags Head,NC,27959",35.9776,-75.648,,2026-04-01
345227,Cypress Valley Center for Nursing and Rehabilitati,543 Maple Avenue,REIDSVILLE,NC,27320,3363421382,780,Rockingham,Y,For profit - Corporation,110,102.6,,Medicare and Medicaid,N,Legal Business Name Not Available,1982-10-15,SIMCHA HYMAN & NAFTALI ZANZIPER,580,94,2.4,2.5,2.4,3.4,N,,N,N,N,Both,Yes,1,,2,,2,,3,,1,,1,,,,2.01604,0.82481,0.23874,1.06355,3.07959,2.81311,0.13945,0.01471,55.7,,44.4,,0,,1.42435,1.02347,2.38668,0.88050,0.69526,3.96244,3.51522,1.95606,0.80027,0.23164,2.98797,2.72942,2025-06-05,6,6,1,52,1,0,52,2024-06-20,18,8,12,160,1,0,160,79.000,0,5,32911.00,1,6,"543 Maple Avenue,REIDSVILLE,NC,27320",36.352,-79.669,,2026-04-01
345228,Ridgewood Living & Rehabilitation Center,1624 Highland Drive,Washington,NC,27889,2529469570,060,Beaufort,N,For profit - Corporation,128,113.1,,Medicare and Medicaid,N,RIDGEWOOD HEALTHCARE LLC,1982-11-23,CCH HEALTHCARE,124,32,2.5,2.4,2.4,3.8,N,,N,N,N,Resident,Yes,2,,2,,4,,4,,5,,3,,,,2.15694,0.88022,0.40354,1.28377,3.44071,3.20548,0.28949,0.04639,40.0,,30.8,,0,,1.29847,0.93302,2.17575,0.80269,0.63382,3.61226,3.20456,2.29565,0.93683,0.42949,3.66197,3.41161,2025-09-05,11,11,1,64,1,0,64,2024-06-12,12,10,6,60,1,0,60,63.000,,1,10868.00,0,1,"1624 Highland Drive,Washington,NC,27889",35.5547,-77.024,,2026-04-01
345229,Peak Resources- Shelby,726 South Battleground Ave,GROVER,NC,28073,7044825396,220,Cleveland,N,For profit - Corporation,100,85.2,,Medicare and Medicaid,N,CENTURY CARE OF SHELBY,1982-10-06,"PEAK RESOURCES, INC.",397,9,3.4,3.6,2.4,3.0,N,,N,N,N,Resident,Yes,2,,3,,2,,2,,1,,1,,,,2.03073,0.60843,0.33913,0.94756,2.97829,2.64266,0.27220,0.02531,41.5,,75.0,,0,,1.35910,0.97658,2.27734,0.84017,0.66341,3.78091,3.35417,2.06491,0.61867,0.34484,3.02842,2.68715,2026-02-11,7,7,3,28,0,0,28,2024-11-21,2,2,0,16,1,0,16,25.000,,0,0.00,0,0,"726 South Battleground Ave,GROVER,NC,28073",35.18,-81.423,,2026-04-01
345232,The Greens at Hickory,3031 Tate Boulevard SE,Hickory,NC,28602,8283223343,170,Catawba,Y,For profit - Limited Liability company,150,118.2,,Medicare and Medicaid,N,GREENS AT HICKORY LLC,1982-12-01,CCH HEALTHCARE,124,32,2.5,2.4,2.4,3.8,N,,N,N,N,Resident,Yes,2,,2,,3,,4,,3,,3,,,,2.11685,0.95257,0.41557,1.36815,3.48500,3.12713,0.33562,0.01806,47.5,,33.3,,3,,1.27508,0.91621,2.13655,0.78823,0.62240,3.54718,3.14682,2.29432,1.03243,0.45041,3.77716,3.38929,2026-01-28,11,11,6,48,1,0,48,2024-11-15,10,6,4,52,1,0,52,49.000,,0,0.00,0,0,"3031 Tate Boulevard SE,Hickory,NC,28602",35.728,-81.3,,2026-04-01
345233,Deer Park Health and Rehabilitation,306 Deer Park Road,Nebo,NC,28761,8286523032,550,Mc Dowell,N,For profit - Limited Liability company,140,119.5,,Medicare and Medicaid,N,DEER PARK HEALTH AND REHABILITATION SNF LLC,1983-03-03,BRIGHTON HEALTHCARE,848,7,1.1,1.3,1.9,2.1,N,SFF Candidate,Y,N,N,Resident,Yes,1,,1,,1,,1,,1,,3,,,,2.31994,0.35850,0.82014,1.17863,3.49857,3.14958,0.63104,0.03535,78.5,,66.7,,0,,1.32556,0.95249,2.22115,0.81944,0.64704,3.68762,3.27142,2.41866,0.37375,0.85504,3.64745,3.28362,2025-06-24,20,17,11,454,2,227,681,2024-04-25,16,14,14,215,1,0,215,564.500,,5,273467.00,0,5,"306 Deer Park Road,Nebo,NC,28761",35.6522,-81.886,,2026-04-01
345234,Harborview Lumberton,1555 Willis Avenue,Lumberton,NC,28358,9107396048,770,Robeson,N,For profit - Limited Liability company,122,109.5,,Medicare and Medicaid,N,"HARBORVIEW LUMBERTON, LLC",1983-02-22,HARBORVIEW HEALTH SYSTEMS,246,21,1.9,2.1,2.3,2.3,N,,N,N,N,Resident,Yes,2,,2,,3,,4,,3,,3,,,,2.33112,0.80960,0.42181,1.23141,3.56252,3.12584,0.44362,0.02274,43.4,,12.5,,0,,1.27643,0.91718,2.13882,0.78906,0.62306,3.55094,3.15016,2.52387,0.87654,0.45669,3.85709,3.38430,2025-04-10,10,10,6,56,1,0,56,2024-01-25,8,8,2,44,1,0,44,53.000,,0,0.00,0,0,"1555 Willis Avenue,Lumberton,NC,28358",34.629,-78.992,,2026-04-01
345235,Twin Lakes Community,3802 Wade Coble Drive,Burlington,NC,27215,3365381400,000,Alamance,Y,Non profit - Corporation,104,97.5,,Medicare and Medicaid,N,"LUTHERAN RETIREMENT MINISTRIES OF ALAMANCE COUNTY, NORTH CAROLINA",1983-10-04,,,,,,,,Y,,N,N,N,Resident,Yes,5,,4,,3,,3,,4,,5,,,,3.58859,1.00312,0.71149,1.71462,5.30321,4.53963,0.42984,0.04526,39.3,,27.8,,0,,1.18131,0.84884,1.97944,0.73026,0.57663,3.28633,2.91541,4.19816,1.17351,0.83235,6.20402,5.31074,2025-01-09,0,0,0,0,0,0,0,2023-09-15,4,0,4,24,0,0,24,6.000,,1,6152.00,0,1,"3802 Wade Coble Drive,Burlington,NC,27215",36.0814,-79.524,,2026-04-01
345236,August Healthcare at Wilmington,820 Wellington Avenue,Wilmington,NC,28401,9103430425,640,New Hanover,Y,For profit - Corporation,120,87.4,,Medicare and Medicaid,N,WILMINGTON NC OPCO LLC,1983-10-04,AUGUST HEALTHCARE,833,5,3.0,3.2,1.8,2.6,N,,N,N,N,Resident,Yes,3,,3,,2,,1,,4,,2,,,,1.90352,0.77932,0.49965,1.27897,3.18249,2.80340,0.29608,0.02225,55.4,,35.7,,1,,1.28311,0.92198,2.15001,0.79319,0.62632,3.56952,3.16664,2.05018,0.83937,0.53814,3.42770,3.01940,2025-05-15,5,5,1,20,1,0,20,2024-05-02,15,12,5,104,1,0,104,41.000,,1,27378.00,0,1,"820 Wellington Avenue,Wilmington,NC,28401",34.1952,-77.932,,2026-04-01
345237,Barbour Court Nursing and Rehabilitation Center,515 Barbour Road,Smithfield,NC,27577,9199346017,500,Johnston,Y,For profit - Limited Liability company,165,133.7,,Medicare and Medicaid,N,"BIRCH LTC GROUP, LLC",1983-12-01,PRINCIPLE LONG TERM CARE,423,44,3.1,3.0,3.0,3.4,N,,N,N,N,Resident,Yes,4,,4,,2,,2,,2,,3,,,,1.90404,0.92485,0.47787,1.40272,3.30676,3.00271,0.26956,0.02317,39.8,,43.8,,2,,1.23186,0.88516,2.06413,0.76151,0.60130,3.42694,3.04016,2.13607,1.03755,0.53610,3.70972,3.36862,2026-02-26,3,3,0,12,1,0,12,2024-11-15,7,5,4,36,1,0,36,18.000,,0,0.00,0,0,"515 Barbour Road,Smithfield,NC,27577",35.5405,-78.359,,2026-04-01
345238,White Oak Manor - Charlotte,4009 Craig Avenue,Charlotte,NC,28211,7043652620,590,Mecklenburg,Y,For profit - Limited Liability company,180,147.3,,Medicare and Medicaid,N,Legal Business Name Not Available,1983-11-15,WHITE OAK MANAGEMENT,564,14,3.1,2.9,3.6,3.6,N,,N,N,N,Resident,Yes,3,,2,,5,,5,,5,,3,,,,2.15702,0.90130,0.41126,1.31256,3.46958,3.02673,0.19007,0.03166,44.2,,26.7,,1,,1.23589,0.88805,2.07088,0.76400,0.60327,3.43815,3.05010,2.41198,1.00783,0.45987,3.87969,3.38450,2025-03-27,10,5,6,115,1,0,115,2023-12-08,6,6,5,36,1,0,36,95.250,,2,40250.00,0,2,"4009 Craig Avenue,Charlotte,NC,28211",35.1859,-80.783,,2026-04-01
345240,Warren Hills Nursing Center,864 US HWY 158 Business West,Warrenton,NC,27589,2522572011,920,Warren,N,For profit - Corporation,140,87.5,,Medicare and Medicaid,N,LIBERTY HEALTHCARE GROUP LLC,1983-12-01,LIBERTY SENIOR LIVING,310,37,2.6,2.9,2.1,3.0,N,,N,N,N,Resident,Yes,4,,4,,2,,4,,1,,3,,,,2.40262,0.94802,0.45889,1.40691,3.80953,3.45950,0.36868,0.01650,55.2,,,27,1,,1.29757,0.93237,2.17424,0.80213,0.63338,3.60974,3.20233,2.55891,1.00969,0.48874,4.05733,3.68453,2024-11-21,5,5,0,20,1,0,20,2023-09-14,5,5,1,28,1,0,28,22.000,,0,0.00,0,0,"864 US HWY 158 Business West,Warrenton,NC,27589",36.3972,-78.152,22,2026-04-01
345241,Eden Rehabilitation and Healthcare Center,226 N Oakland Avenue,Eden,NC,27288,3366231750,780,Rockingham,Y,For profit - Corporation,112,102.3,,Medicare and Medicaid,N,EDEN OPCO LLC,1984-01-04,SIMCHA HYMAN & NAFTALI ZANZIPER,580,94,2.4,2.5,2.4,3.4,N,,N,N,N,Resident,Yes,4,,4,,4,,3,,4,,3,,,,2.07075,0.80612,0.50183,1.30795,3.37870,3.07362,0.30284,0.05336,44.7,,33.3,,0,,1.36163,0.97841,2.28159,0.84173,0.66465,3.78797,3.36043,2.10169,0.81816,0.50933,3.42918,3.11953,2024-11-15,6,5,2,20,1,0,20,2023-07-27,1,1,0,8,1,0,8,17.000,,0,0.00,0,0,"226 N Oakland Avenue,Eden,NC,27288",36.5074,-79.779,,2026-04-01
345243,Accordius Health at Charlotte,5939 Reddman Road,Charlotte,NC,28212,7047036060,590,Mecklenburg,Y,For profit - Corporation,116,94.0,,Medicare and Medicaid,N,ACCORDIUS HEALTH AT CHARLOTTE LLC,1984-02-02,SIMCHA HYMAN & NAFTALI ZANZIPER,580,94,2.4,2.5,2.4,3.4,N,,N,N,N,Resident,Yes,3,,3,,2,,4,,1,,2,,,,1.84152,1.02691,0.44357,1.47048,3.31200,3.13308,0.18574,0.05453,51.2,,36.4,,2,,1.38413,0.99457,2.31929,0.85564,0.67563,3.85056,3.41597,1.83865,1.02531,0.44288,3.30683,3.12818,2025-04-24,8,7,1,36,1,0,36,2024-01-17,4,4,0,24,1,0,24,33.000,,2,7742.00,0,2,"5939 Reddman Road,Charlotte,NC,28212",35.2011,-80.751,,2026-04-01
345246,Hickory Falls Health and Rehabilitation,100 Sunset Street,Granite Falls,NC,28630,8283962387,130,Caldwell,Y,For profit - Limited Liability company,120,115.3,,Medicare and Medicaid,N,"GRANITE FALLS HEALTH AND REHABILITATION, LLC",1985-12-03,SANSTONE HEALTH & REHABILITATION,465,17,4.1,3.6,2.8,4.5,N,,N,N,N,Resident,Yes,4,,4,,4,,5,,3,,3,,,,2.70184,0.51670,0.41596,0.93266,3.63450,3.06106,0.24025,0.09689,31.3,,35.7,,1,,1.36799,0.98297,2.29224,0.84566,0.66775,3.80565,3.37612,2.72946,0.52198,0.42021,3.67166,3.09235,2025-05-21,2,2,0,8,1,0,8,2024-01-18,1,0,1,20,0,0,20,11.000,,1,51188.00,0,1,"100 Sunset Street,Granite Falls,NC,28630",35.8011,-81.447,,2026-04-01
345247,Valley Nursing and Rehabilitation Center,581 NC Highway 16 South,Taylorsville,NC,28681,8286328146,010,Alexander,Y,For profit - Corporation,183,107.4,,Medicare and Medicaid,N,VALLEY NURSING HEALTHCARE LLC,1986-01-06,CCH HEALTHCARE,124,32,2.5,2.4,2.4,3.8,N,,N,N,N,Resident,Yes,1,,1,,2,,3,,1,,2,,,,2.69652,1.19065,0.63753,1.82818,4.52470,4.24380,0.48328,0.04530,66.5,,50.0,,2,,1.74754,1.25570,2.92823,1.08030,0.85302,4.86154,4.31284,2.13243,0.94158,0.50417,3.57817,3.35604,2026-01-08,5,4,4,20,1,0,20,2024-10-08,22,15,15,538,1,0,538,149.500,,3,88557.00,0,3,"581 NC Highway 16 South,Taylorsville,NC,28681",35.8724,-81.213,22,2026-04-01
345249,UNC Rockingham Rehab & Nursing Care Center,205 East Kings Highway,Eden,NC,27288,3366239711,780,Rockingham,Y,Non profit - Corporation,121,58.3,,Medicare and Medicaid,N,UNC ROCKINGHAM HEALTH CARE INC,1986-04-09,,,,,,,,N,,N,N,N,Resident,Yes,5,,4,,3,,2,,4,,5,,,,2.69557,1.62318,1.10553,2.72871,5.42428,4.82889,0.40742,0.07533,38.9,,7.7,,0,,1.32281,0.95051,2.21654,0.81774,0.64570,3.67997,3.26462,2.81613,1.69577,1.15498,5.66688,5.04486,2025-06-19,4,4,0,28,1,0,28,2024-05-22,1,1,0,0,0,0,0,21.000,,0,0.00,0,0,"205 East Kings Highway,Eden,NC,27288",36.4937,-79.738,,2026-04-01
345250,The Greens at Lincolnton,515 S Generals Boulevard,Lincolnton,NC,28093,7047358065,540,Lincoln,Y,For profit - Corporation,117,108.8,,Medicare and Medicaid,N,GREENS AT LINCOLNTON LLC,1986-05-27,CCH HEALTHCARE,124,32,2.5,2.4,2.4,3.8,N,,N,N,N,Resident,Yes,2,,2,,2,,3,,2,,2,,,,2.09291,1.17232,0.38253,1.55485,3.64776,3.11648,0.15379,0.04883,53.4,,62.5,,0,,1.30978,0.94115,2.19471,0.80968,0.63934,3.64373,3.23247,2.20826,1.23693,0.40362,3.84881,3.28824,2026-02-12,4,4,1,28,1,0,28,2024-11-07,12,2,10,128,1,0,128,53.000,2,4,32387.00,0,4,"515 S Generals Boulevard,Lincolnton,NC,28093",35.4573,-81.242,,2026-04-01
345252,Warsaw Rehabilitation and Healthcare Center,214 Lanefield Road,Warsaw,NC,28398,9102933144,300,Duplin,N,For profit - Limited Liability company,100,86.4,,Medicare and Medicaid,N,WARSAW OPCO LLC,1986-10-23,YAD HEALTHCARE,640,13,1.7,2.2,1.5,2.9,N,,Y,N,N,Resident,Yes,1,,2,,4,,4,,3,,1,,,,1.94285,0.87152,0.30867,1.18020,3.12305,2.77874,0.17355,0.06818,,26,,26,1,,1.26857,0.91153,2.12564,0.78420,0.61922,3.52906,3.13075,2.11654,0.94944,0.33627,3.40225,3.02715,2025-03-21,7,7,2,48,1,0,48,2024-04-22,7,2,7,123,1,0,123,66.750,,4,43924.00,1,5,"214 Lanefield Road,Warsaw,NC,28398",34.9936,-78.076,,2026-04-01
345253,The Lodge at Mills River,5593 Old Haywood Road,Mills River,NC,28759,8286844857,440,Henderson,Y,For profit - Limited Liability company,50,45.4,,Medicare and Medicaid,N,BEYSTONE HEALTH AND REHABILITATION CO,1986-12-19,SANSTONE HEALTH & REHABILITATION,465,17,4.1,3.6,2.8,4.5,N,,N,N,N,Resident,Yes,5,,5,,5,,4,,5,,3,,,,2.78924,0.83513,0.77571,1.61084,4.40007,3.68225,0.57190,0.08350,54.3,,58.3,,0,,1.60023,1.14985,2.68138,0.98923,0.78111,4.45172,3.94927,2.40881,0.72123,0.66991,3.79995,3.18003,2025-06-03,1,1,0,0,0,0,0,2024-03-14,0,0,0,0,0,0,0,0.000,,0,0.00,0,0,"5593 Old Haywood Road,Mills River,NC,28759",35.4263,-82.574,,2026-04-01
345254,Monroe Rehabilitation Center,1212 Sunset Drive East,Monroe,NC,28112,7042838548,890,Union,Y,For profit - Limited Liability company,147,113.2,,Medicare and Medicaid,N,MONROE REHABILITATION CENTER LLC,1986-12-30,SOVEREIGN HEALTHCARE HOLDINGS,482,43,3.7,3.2,3.0,4.5,N,,Y,N,N,Resident,Yes,2,,2,,3,,4,,2,,2,,,,2.11437,0.90705,0.42042,1.32747,3.44184,3.09605,0.46679,0.17844,53.4,,53.3,,0,,1.26199,0.90681,2.11463,0.78014,0.61601,3.51078,3.11453,2.31539,0.99328,0.46039,3.76906,3.39040,2025-01-08,13,9,8,104,1,0,104,2023-06-08,7,7,1,32,1,0,32,86.000,,4,61174.00,1,5,"1212 Sunset Drive East,Monroe,NC,28112",34.97,-80.53,,2026-04-01
345255,Carolina Care Health and Rehabilitation,111 Harrelson Street,Cherryville,NC,28021,7044354161,350,Gaston,Y,For profit - Limited Liability company,107,102.2,,Medicare and Medicaid,N,CAROLINA CARE HEALTH AND REHABILITATION LLC,1986-08-19,SANSTONE HEALTH & REHABILITATION,465,17,4.1,3.6,2.8,4.5,N,,N,N,N,None,Yes,5,,4,,5,,5,,5,,2,,,,2.62044,0.89563,0.46541,1.36104,3.98148,3.21355,0.21886,0.03659,41.5,,54.5,,0,,1.51500,1.08861,2.53857,0.93654,0.73951,4.21462,3.73893,2.39035,0.81699,0.42454,3.63188,2.93138,2025-02-27,6,6,0,20,1,0,20,2024-01-05,3,3,0,16,1,0,16,19.000,,0,0.00,0,0,"111 Harrelson Street,Cherryville,NC,28021",35.3943,-81.393,,2026-04-01
345258,Kannapolis Health and Rehabilitation,1810 Concord Lake Road,Kannapolis,NC,28083,7049333781,120,Cabarrus,Y,For profit - Corporation,107,89.5,,Medicare and Medicaid,N,1810 CONCORD LAKE ROAD OPCO LLC,1987-04-30,AVARDIS HEALTH,843,33,2.1,2.1,2.4,3.3,N,,N,N,N,Resident,Yes,1,,1,,4,,4,,3,,3,,,,2.12185,0.58453,0.46578,1.05030,3.17215,2.72118,0.29006,0.01020,48.8,,37.5,,0,,1.24278,0.89300,2.08243,0.76826,0.60663,3.45732,3.06710,2.35951,0.65000,0.51794,3.52745,3.02596,2025-01-16,8,8,2,44,1,0,44,2023-08-10,23,17,12,233,2,117,350,120.500,0,3,160549.00,1,4,"1810 Concord Lake Road,Kannapolis,NC,28083",35.4644,-80.6,,2026-04-01
345260,Rocky Mount Rehabilitation Center,160 S Winstead Avenue,Rocky Mount,NC,27804,2524437666,630,Nash,Y,For profit - Limited Liability company,117,100.3,,Medicare and Medicaid,N,ROCKY MOUNT REHABILITATION CENTER LLC,1987-07-01,SOVEREIGN HEALTHCARE HOLDINGS,482,43,3.7,3.2,3.0,4.5,N,,N,N,N,Resident,Yes,2,,2,,2,,4,,1,,2,,,,2.25791,0.98583,0.54187,1.52770,3.78561,3.34129,0.24913,0.02710,45.4,,70.6,,1,,1.43257,1.02938,2.40045,0.88559,0.69927,3.98531,3.53550,2.17817,0.95101,0.52274,3.65191,3.22327,2025-11-21,13,13,3,52,1,0,52,2024-08-01,12,6,7,131,1,0,131,71.750,,2,27872.00,0,2,"160 S Winstead Avenue,Rocky Mount,NC,27804",35.9606,-77.849,,2026-04-01
345261,Lotus Village Center for Nursing and Rehabilitatio,179 Combs Street,Sparta,NC,28675,3363722441,020,Alleghany,N,For profit - Limited Liability company,90,78.9,,Medicare and Medicaid,N,COMBS STREET OPERATING COMPANY LLC,1987-06-23,SIMCHA HYMAN & NAFTALI ZANZIPER,580,94,2.4,2.5,2.4,3.4,N,,N,N,N,Resident,Yes,1,,1,,2,,1,,3,,1,,,,2.07125,0.52050,0.27217,0.79267,2.86391,2.83628,0.21034,0.01612,58.7,,63.6,,1,,1.25610,0.90257,2.10475,0.77649,0.61313,3.49437,3.09998,2.27881,0.57266,0.29944,3.15091,3.12051,2025-05-22,10,6,5,76,1,0,76,2024-02-22,29,16,29,744,1,0,744,243.000,,4,418422.00,1,5,"179 Combs Street,Sparta,NC,28675",36.5053,-81.125,,2026-04-01
345262,Hertford Rehabilitation and Healthcare Center,1300 Don Juan Road,Hertford,NC,27944,2524265391,710,Perquimans,N,For profit - Limited Liability company,78,62.5,,Medicare and Medicaid,N,HERTFORD OPCO LLC,1987-07-24,SIMCHA HYMAN & NAFTALI ZANZIPER,580,94,2.4,2.5,2.4,3.4,N,,N,N,N,Resident,Yes,1,,2,,2,,4,,1,,1,,,,1.82326,0.83700,0.37965,1.21665,3.03991,2.60567,0.25782,0.01983,76.6,,84.6,,4,,1.41959,1.02005,2.37871,0.87756,0.69294,3.94921,3.50347,1.77494,0.81482,0.36959,2.95935,2.53662,2025-06-05,8,8,1,52,1,0,52,2024-05-16,12,11,2,48,1,0,48,51.000,,0,0.00,0,0,"1300 Don Juan Road,Hertford,NC,27944",36.2021,-76.493,,2026-04-01
345263,Macon Valley Nursing and Rehabilitation Center,3195 Old Murphy Road,Franklin,NC,28734,8285247806,560,Macon,N,For profit - Corporation,200,85.9,,Medicare and Medicaid,N,"GRANITE FALLS LTC, LLC",1987-07-14,PRINCIPLE LONG TERM CARE,423,44,3.1,3.0,3.0,3.4,N,,Y,N,N,Resident,Yes,2,,2,,2,,2,,3,,2,,,,2.51015,0.73436,0.45262,1.18697,3.69713,3.39066,0.28448,0.05466,78.9,,86.7,,2,,1.22812,0.88247,2.05787,0.75920,0.59948,3.41655,3.03094,2.82461,0.82635,0.50932,4.16027,3.81542,2025-06-05,3,3,1,28,1,0,28,2024-02-16,9,6,9,64,1,0,64,37.000,,1,5689.00,0,1,"3195 Old Murphy Road,Franklin,NC,28734",35.167,-83.434,,2026-04-01
345264,Stanley Total Living Center,514 Old Mount Holly Road,Stanley,NC,28164,7042631986,350,Gaston,Y,For profit - Corporation,106,88.1,,Medicare and Medicaid,N,"STANLEY TOTAL LIVING CENTER, INC",1987-07-23,,,,,,,,Y,,N,N,N,Resident,Yes,2,,1,,4,,3,,4,,5,,,,3.32216,0.81682,1.10229,1.91912,5.24128,4.31275,0.67288,0.09863,40.9,,21.7,,0,,1.35713,0.97517,2.27404,0.83895,0.66245,3.77544,3.34932,3.38298,0.83178,1.12247,5.33722,4.39169,2026-01-08,1,1,0,4,1,0,4,2024-10-25,9,6,6,482,1,0,482,123.500,,2,74828.00,0,2,"514 Old Mount Holly Road,Stanley,NC,28164",35.3551,-81.085,,2026-04-01
345265,Yanceyville Rehabilitation and Healthcare Center,1086 Main Street North,Yanceyville,NC,27379,3366945916,160,Caswell,N,For profit - Limited Liability company,157,145.9,,Medicare and Medicaid,N,YANCEYVILLE OPCO LLC,1987-07-13,SIMCHA HYMAN & NAFTALI ZANZIPER,580,94,2.4,2.5,2.4,3.4,N,,N,N,N,Resident,Yes,2,,2,,3,,4,,2,,2,,,,2.09499,0.75212,0.23374,0.98586,3.08085,2.78765,0.13877,0.03838,48.7,,40.0,,0,,1.25151,0.89927,2.09706,0.77366,0.61089,3.48161,3.08865,2.31338,0.83053,0.25810,3.40202,3.07825,2025-02-27,11,11,5,72,1,0,72,2023-11-17,6,6,1,44,1,0,44,65.000,,0,0.00,0,0,"1086 Main Street North,Yanceyville,NC,27379",36.413,-79.348,,2026-04-01
345266,The Carrolton of Plymouth,1084 US 64 East,Plymouth,NC,27962,2527932100,930,Washington,N,For profit - Limited Liability company,114,73.0,,Medicare and Medicaid,N,"THE CARROLTON OF PLYMOUTH, LLC",1987-11-11,CARROLTON NURSING HOMES,749,6,2.2,2.2,2.2,2.2,N,,N,N,N,Resident,Yes,2,,2,,3,,4,,3,,3,,,,1.93222,0.82333,0.36799,1.19132,3.12354,2.83394,0.19374,0.03141,24.5,,20.0,,0,,1.25129,0.89912,2.09669,0.77352,0.61078,3.48099,3.08811,2.13403,0.90932,0.40642,3.44977,3.12992,2025-03-27,11,11,2,56,1,0,56,2024-02-22,9,9,1,48,1,0,48,54.000,,0,0.00,0,0,"1084 US 64 East,Plymouth,NC,27962",35.8593,-76.745,22,2026-04-01
345267,Bladen East Health And Rehab,804 S Poplar Street,Elizabethtown,NC,28337,9108628100,080,Bladen,N,For profit - Limited Liability company,90,63.5,,Medicare and Medicaid,N,BLADEN EAST HEALTH AND REHAB LLC,1987-11-15,,,,,,,,N,,N,N,N,Resident,Yes,2,,4,,1,,1,,1,,1,25,25,6,,,,,,,,,61.3,,0.0,,0,,,,,,,,,,,,,,2025-03-06,3,2,1,12,1,0,12,2024-02-29,5,3,4,32,1,0,32,17.000,,2,13130.00,0,2,"804 S Poplar Street,Elizabethtown,NC,28337",34.6205,-78.611,,2026-04-01
345268,Autumn Care of Marshville,311 W Phifer Street,Marshville,NC,28103,7046246643,890,Union,Y,For profit - Corporation,110,81.5,,Medicare and Medicaid,N,AUTUMN CORPORATION,1987-12-01,SABER HEALTHCARE GROUP,461,126,3.0,2.7,2.3,4.0,N,,N,N,N,Resident,Yes,3,,2,,5,,5,,4,,2,,,,2.03983,0.76271,0.36781,1.13052,3.17034,2.80227,0.18944,0.04897,55.1,,37.5,,1,,1.34179,0.96415,2.24833,0.82947,0.65496,3.73276,3.31146,2.10091,0.78555,0.37882,3.26529,2.88619,2024-11-20,6,2,4,36,1,0,36,2023-06-22,8,3,5,112,1,0,112,55.000,,4,44751.00,0,4,"311 W Phifer Street,Marshville,NC,28103",34.991,-80.372,,2026-04-01
345269,Autumn Care of Salisbury,1505 Bringle Ferry Road,Salisbury,NC,28146,7046375885,790,Rowan,Y,For profit - Corporation,97,89.9,,Medicare and Medicaid,N,AUTUMN CORPORATION,1988-01-06,SABER HEALTHCARE GROUP,461,126,3.0,2.7,2.3,4.0,N,,N,N,N,Resident,Yes,3,,3,,4,,5,,3,,2,,,,1.69032,0.95189,0.58978,1.54167,3.23199,2.76361,0.36067,0.05861,69.6,,50.0,,1,,1.32359,0.95107,2.21785,0.81822,0.64608,3.68215,3.26656,1.76487,0.99387,0.61580,3.37454,2.88550,2025-03-06,11,10,7,48,1,0,48,2023-11-09,5,4,1,36,1,0,36,45.000,1,1,8738.00,0,1,"1505 Bringle Ferry Road,Salisbury,NC,28146",35.6629,-80.446,,2026-04-01
345270,The Greens at Spruce Pines,218 Laurel Creek Court,Spruce Pine,NC,28777,8287657312,600,Mitchell,N,For profit - Corporation,127,104.2,,Medicare and Medicaid,N,GREENS AT SPRUCE PINES LLC,1987-12-18,CCH HEALTHCARE,124,32,2.5,2.4,2.4,3.8,N,,N,N,N,Resident,Yes,1,,2,,4,,5,,2,,1,25,25,6,,,,,,,,,65.6,,66.7,,0,,,,,,,,,,,,,,2025-02-11,8,8,8,86,1,0,86,2023-09-28,3,2,1,16,1,0,16,68.500,0,3,153439.00,0,3,"218 Laurel Creek Court,Spruce Pine,NC,28777",35.9065,-82.088,,2026-04-01
345273,Kindred Hospital East Greensboro,2401 South Side Boulevard,Greensboro,NC,27406,3362712800,400,Guilford,Y,For profit - Corporation,23,20.3,,Medicare and Medicaid,N,KINDRED HOSPITALS EAST LLC,1988-02-19,KINDRED HEALTHCARE,300,4,3.5,3.0,3.3,3.8,N,,N,N,N,Resident,Yes,3,,3,,3,,3,,,2,2,,,,3.22712,2.19316,1.23644,3.42960,6.65672,5.99599,0.67368,0.15237,39.4,,44.4,,0,,3.40001,2.44309,5.69715,2.10182,1.65963,9.45859,8.39104,1.31170,0.89144,0.50257,2.70570,2.43714,2025-12-19,7,7,0,28,1,0,28,2024-09-18,7,7,2,36,1,0,36,30.000,,0,0.00,0,0,"2401 South Side Boulevard,Greensboro,NC,27406",36.0493,-79.772,,2026-04-01
345277,Asheboro Rehabilitation and Healthcare Center,400 Vision Drive,Asheboro,NC,27203,3366725450,750,Randolph,Y,For profit - Limited Liability company,100,93.3,,Medicare and Medicaid,N,ASHEBORO OPCO LLC,1988-03-24,YAD HEALTHCARE,640,13,1.7,2.2,1.5,2.9,N,,N,N,N,Resident,Yes,2,,3,,2,,1,,3,,1,,,,1.82867,0.98334,0.30445,1.28779,3.11647,2.68346,0.16104,0.05416,62.5,,45.5,,1,,1.31836,0.94731,2.20908,0.81498,0.64352,3.66759,3.25364,1.91691,1.03079,0.31914,3.26684,2.81294,2025-08-13,8,8,0,24,1,0,24,2024-09-06,11,5,6,76,1,0,76,37.000,,1,32273.00,0,1,"400 Vision Drive,Asheboro,NC,27203",35.7353,-79.816,,2026-04-01
345278,NORTHERN REGIONAL HOSPITAL,830 ROCKFORD STREET,MOUNT AIRY,NC,27030,3367197000,850,Surry,N,Government - Hospital district,33,31.1,,Medicare and Medicaid,Y,NORTHERN HOSPITAL OF SURRY COUNTY,1988-05-25,,,,,,,,N,,N,N,N,Resident,Yes,5,,5,,4,,4,,4,,5,,,,2.75499,0.31934,1.65152,1.97086,4.72586,4.04627,1.13416,0.00471,31.1,,9.1,,,26,1.18928,0.85456,1.99279,0.73519,0.58052,3.30850,2.93508,3.20137,0.37108,1.91911,5.49156,4.70187,2025-03-28,1,1,0,8,1,0,8,2024-01-05,0,0,0,0,0,0,0,6.000,,0,0.00,0,0,"830 ROCKFORD STREET,MOUNT AIRY,NC,27030",36.4884,-80.611,,2026-04-01
345279,The Carrolton of Nash,7369 Hunter Hill Road,Rocky Mount,NC,27804,2524430867,630,Nash,Y,For profit - Partnership,141,119.5,,Medicare and Medicaid,N,"THE CARROLTON OF NASH, LLC",1988-06-21,CARROLTON NURSING HOMES,749,6,2.2,2.2,2.2,2.2,N,,N,N,N,Resident,Yes,4,,4,,2,,2,,1,,2,,,,2.77583,0.69031,0.27909,0.96940,3.74523,3.38823,0.14493,0.03973,39.5,,70.0,,1,,1.41999,1.02034,2.37937,0.87781,0.69313,3.95032,3.50446,2.70151,0.67183,0.27162,3.64496,3.29752,2026-01-15,2,2,0,12,1,0,12,2024-10-24,8,8,2,36,1,0,36,18.000,,0,0.00,0,0,"7369 Hunter Hill Road,Rocky Mount,NC,27804",35.9853,-77.84,,2026-04-01
345280,Autumn Care of Raeford,1206 N Fulton Street,Raeford,NC,28376,9108754280,460,Hoke,Y,For profit - Corporation,132,126.5,,Medicare and Medicaid,N,AUTUMN CORPORATION,1988-06-16,SABER HEALTHCARE GROUP,461,126,3.0,2.7,2.3,4.0,N,,N,N,N,Resident,Yes,2,,3,,4,,5,,2,,1,,,,1.94410,0.71417,0.39170,1.10587,3.04997,2.92114,0.24489,0.04134,47.0,,50.0,,0,,1.45979,1.04893,2.44606,0.90241,0.71256,4.06102,3.60267,1.84047,0.67610,0.37082,2.88739,2.76543,2026-02-26,2,1,1,24,1,0,24,2024-10-18,2,1,1,24,1,0,24,24.000,,2,41776.00,0,2,"1206 N Fulton Street,Raeford,NC,28376",34.9921,-79.228,,2026-04-01
345281,Stanly Manor,625 Bethany Church Road,Albemarle,NC,28001,9803237373,830,Stanly,Y,Non profit - Corporation,90,57.4,,Medicare and Medicaid,N,"AHSNF, INC.",1988-06-23,ATRIUM HEALTH,55,6,3.5,3.2,3.2,3.8,N,,N,N,N,Resident,Yes,2,,2,,3,,4,,2,,2,,,,2.33627,0.43722,0.62403,1.06125,3.39752,2.72422,0.31892,0.04453,67.1,,80.0,,0,,1.36128,0.97815,2.28099,0.84151,0.66447,3.78697,3.35955,2.37179,0.44387,0.63352,3.44918,2.76564,2026-01-08,1,1,0,8,1,0,8,2024-10-24,9,8,8,178,1,0,178,50.500,,2,12054.00,0,2,"625 Bethany Church Road,Albemarle,NC,28001",35.3438,-80.226,22,2026-04-01
345282,Cleveland Pines,1404 N Lafayette Street,Shelby,NC,28150,9804871500,220,Cleveland,N,For profit - Corporation,120,101.8,,Medicare and Medicaid,N,"AHSNF, INC.",1988-06-30,ATRIUM HEALTH,55,6,3.5,3.2,3.2,3.8,N,,N,N,N,Resident,Yes,3,,3,,4,,5,,3,,2,,,,2.02700,0.76266,0.36748,1.13014,3.15714,2.09167,0.12509,0.04634,34.4,,23.1,,0,,1.30317,0.93639,2.18362,0.80559,0.63611,3.62531,3.21614,2.14958,0.80878,0.38971,3.34807,2.21816,2025-11-18,6,6,0,32,1,0,32,2024-07-18,4,4,0,20,1,0,20,29.000,,0,0.00,0,0,"1404 N Lafayette Street,Shelby,NC,28150",35.3177,-81.538,,2026-04-01
345283,The Citadel Mooresville,550 Glenwood Drive,Mooresville,NC,28115,7046647494,480,Iredell,Y,For profit - Limited Liability company,130,100.7,,Medicare and Medicaid,N,CITADEL MOORESVILLE LLC,1988-06-23,SIMCHA HYMAN & NAFTALI ZANZIPER,580,94,2.4,2.5,2.4,3.4,N,,Y,N,N,Resident,Yes,1,,1,,3,,4,,2,,3,,,,1.71713,0.86925,0.62182,1.49106,3.20820,2.92107,0.42577,0.04233,51.9,,65.4,,0,,1.20942,0.86903,2.02654,0.74764,0.59035,3.36453,2.98479,1.96212,0.99326,0.71053,3.66591,3.33782,2025-05-15,8,5,3,177,1,0,177,2024-02-01,17,17,5,288,1,0,288,204.750,,2,200335.00,1,3,"550 Glenwood Drive,Mooresville,NC,28115",35.5701,-80.808,,2026-04-01
345284,The Oaks,901 Bethesda Road,Winston-Salem,NC,27103,3367682211,330,Forsyth,Y,For profit - Corporation,131,121.2,,Medicare and Medicaid,N,LIBERTY HEALTHCARE GROUP LLC,1988-06-30,LIBERTY SENIOR LIVING,310,37,2.6,2.9,2.1,3.0,N,,N,N,N,Both,Yes,1,,2,,2,,5,,1,,1,,,,2.11404,0.90588,0.30251,1.20840,3.32244,3.11803,0.18517,0.04035,72.2,,81.8,,0,,1.29065,0.92740,2.16264,0.79785,0.63000,3.59049,3.18524,2.26363,0.96999,0.32392,3.55753,3.33866,2025-08-22,11,11,0,88,1,0,88,2024-07-24,5,5,1,28,1,0,28,73.000,,0,0.00,0,0,"901 Bethesda Road,Winston-Salem,NC,27103",36.0777,-80.294,,2026-04-01
345285,Orchard Valley Health and Rehabilitation,200 Heritage Circle,Hendersonville,NC,28791,8286935849,440,Henderson,Y,For profit - Corporation,134,101.1,,Medicare and Medicaid,N,HENDERSONVILLE NC OPCO LLC,1988-06-30,ASCENT HEALTHCARE MANAGEMENT,799,6,2.3,2.7,2.0,2.0,N,,N,N,N,Resident,Yes,1,,2,,1,,3,,1,,1,,,,2.09208,0.55779,0.47265,1.03044,3.12252,2.86091,0.22542,0.02084,,26,,26,,26,1.23823,0.88973,2.07480,0.76545,0.60441,3.44466,3.05587,2.33495,0.62254,0.52752,3.48502,3.19304,2026-02-20,9,7,4,40,0,0,40,2024-12-06,32,26,27,180,1,0,180,75.000,,1,16452.00,0,1,"200 Heritage Circle,Hendersonville,NC,28791",35.3646,-82.491,,2026-04-01
345288,"Compass Healthcare and Rehab Rowan, LLC",1404 S Salisbury Avenue,Spencer,NC,28159,7046333892,790,Rowan,Y,For profit - Individual,70,58.9,,Medicare and Medicaid,N,"COMPASS HEALTHCARE AND REHAB ROWAN, LLC",1988-08-11,,,,,,,,N,,N,N,N,Resident,Yes,3,,3,,3,,3,,,2,2,,,,1.93492,0.91905,0.41894,1.33798,3.27291,2.73339,0.28067,0.04813,44.1,,20.0,,0,,1.47663,1.06104,2.47429,0.91283,0.72078,4.10789,3.64425,1.81088,0.86013,0.39208,3.06309,2.55816,2025-12-10,2,2,0,8,1,0,8,2024-08-21,3,3,1,87,1,0,87,27.750,,1,10039.00,0,1,"1404 S Salisbury Avenue,Spencer,NC,28159",35.6823,-80.445,,2026-04-01
345289,Currituck Health & Rehab Center,3907 Caratoke Highway,Barco,NC,27917,2524570500,251,Currituck,Y,For profit - Limited Liability company,100,74.7,,Medicare and Medicaid,N,CURRITUCK HEALTH & REHAB CENTER LLC,1988-09-29,SABER HEALTHCARE GROUP,461,126,3.0,2.7,2.3,4.0,N,,Y,N,N,Resident,Yes,1,,1,,3,,4,,1,,1,,,,1.87987,0.98552,0.38580,1.37133,3.25120,2.81788,0.43046,0.01532,55.8,,50.0,,2,,1.46933,1.05579,2.46205,0.90831,0.71722,4.08758,3.62623,1.76811,0.92693,0.36287,3.05790,2.65034,2025-12-04,4,4,1,16,1,0,16,2024-08-30,16,15,7,346,1,0,346,98.500,,2,130293.00,0,2,"3907 Caratoke Highway,Barco,NC,27917",36.3852,-75.975,,2026-04-01
345291,Oxford Health and Rehabilitation Center,500 Prospect Avenue,Oxford,NC,27565,9196931531,380,Granville,N,For profit - Corporation,160,156.7,,Medicare and Medicaid,N,Legal Business Name Not Available,1988-12-15,LIFEWORKS REHAB,768,62,2.1,2.1,1.5,4.0,N,,N,N,N,Resident,Yes,1,,3,,1,,3,,1,,1,,,,2.12644,0.92565,0.20223,1.12788,3.25432,2.68647,0.14373,0.10086,57.6,,57.9,,0,,1.37087,0.98504,2.29706,0.84744,0.66915,3.81366,3.38322,2.14367,0.93315,0.20387,3.28068,2.70823,2025-11-21,8,8,4,48,1,0,48,2024-07-03,7,6,2,44,1,0,44,47.000,,0,0.00,0,0,"500 Prospect Avenue,Oxford,NC,27565",36.3272,-78.599,,2026-04-01
345292,Grantsbrook Nursing and Rehabilitation Center,290 Keel Road,Grantsboro,NC,28529,2527455005,680,Pamlico,N,For profit - Limited Liability company,96,71.3,,Medicare and Medicaid,N,"RIVER NEUSE GROUP, LLC",1988-10-13,PRINCIPLE LONG TERM CARE,423,44,3.1,3.0,3.0,3.4,N,,N,N,N,Resident,Yes,5,,4,,5,,5,,5,,3,,,,2.09943,0.51967,0.67376,1.19343,3.29285,2.73968,0.39263,0.06328,37.5,,38.5,,0,,1.37716,0.98956,2.30761,0.85133,0.67223,3.83117,3.39876,2.10676,0.52149,0.67611,3.30436,2.74925,2025-05-12,3,3,1,12,1,0,12,2024-04-04,7,6,2,28,1,0,28,16.000,0,0,0.00,0,0,"290 Keel Road,Grantsboro,NC,28529",35.139,-76.821,,2026-04-01
345293,Richmond Pines Healthcare and Rehabilitation Cente,Highway 177 S,Hamlet,NC,28345,9105820021,760,Richmond,N,For profit - Corporation,105,89.1,,Medicare and Medicaid,N,"SPRUCE LTC GROUP, LLC",1989-01-18,PRINCIPLE LONG TERM CARE,423,44,3.1,3.0,3.0,3.4,N,,N,N,N,Both,Yes,3,,3,,3,,4,,2,,4,,,,2.37819,0.67705,0.59317,1.27022,3.64841,3.16545,0.40537,0.06802,,27,,27,,27,1.18305,0.85008,1.98234,0.73134,0.57747,3.29115,2.91969,2.77807,0.79090,0.69291,4.26188,3.69771,2025-12-18,5,5,0,32,1,0,32,2024-09-18,1,0,1,0,0,0,0,24.000,,0,0.00,0,0,"Highway 177 S,Hamlet,NC,28345",34.8995,-79.69,,2026-04-01
345294,Autumn Care of Shallotte,237 Mulberry Street,Shallotte,NC,28459,9107548858,090,Brunswick,Y,For profit - Corporation,100,93.7,,Medicare and Medicaid,N,AUTUMN CORPORATION,1989-01-24,SABER HEALTHCARE GROUP,461,126,3.0,2.7,2.3,4.0,N,,N,N,N,Resident,Yes,3,,3,,4,,3,,4,,4,,,,1.68766,0.56271,1.10052,1.66323,3.35089,2.87209,0.90523,0.04565,53.6,,31.6,,0,,1.29373,0.92962,2.16781,0.79976,0.63150,3.59908,3.19286,1.80277,0.60109,1.17558,3.57944,3.06798,2025-07-25,3,3,1,24,1,0,24,2024-08-29,11,6,7,88,1,0,88,40.000,,3,51348.00,0,3,"237 Mulberry Street,Shallotte,NC,28459",33.9769,-78.389,,2026-04-01
345296,Margate Health and Rehab Center,540 Waugh Street,Jefferson,NC,28640,3362465581,040,Ashe,N,For profit - Limited Liability company,210,123.4,,Medicare and Medicaid,N,Legal Business Name Not Available,1989-03-02,,,,,,,,N,,N,N,N,Resident,Yes,3,,2,,5,,3,,5,,2,,,,2.05171,0.87400,0.39294,1.26694,3.31866,3.18257,0.20971,0.09456,55.2,,50.0,,1,,1.29081,0.92752,2.16292,0.79795,0.63008,3.59095,3.18565,2.19661,0.93573,0.42069,3.55303,3.40734,2026-02-13,5,3,2,20,0,0,20,2024-11-20,13,11,3,166,2,83,249,77.250,0,4,28973.00,1,5,"540 Waugh Street,Jefferson,NC,28640",36.4238,-81.456,,2026-04-01
345297,Scotia Village - SNF,2200 Elm Drive,Laurinburg,NC,28352,9102772000,820,Scotland,N,Non profit - Corporation,58,55.2,,Medicare and Medicaid,N,"PRESBYTERIAN HOMES, INC",1989-02-27,,,,,,,,Y,,N,N,N,Resident,Yes,5,,5,,3,,4,,3,,5,,,,3.20316,1.37235,0.72059,2.09295,5.29610,4.73117,0.23319,0.05269,42.0,,20.0,,0,,1.11358,0.80016,1.86594,0.68839,0.54356,3.09789,2.74825,3.97519,1.70312,0.89427,6.57257,5.87148,2025-12-31,0,0,0,0,0,0,0,2024-11-07,3,3,0,12,1,0,12,3.000,,0,0.00,0,0,"2200 Elm Drive,Laurinburg,NC,28352",34.736,-79.488,,2026-04-01
345298,The Laurels of Pender,311 S Campbell Street,Burgaw,NC,28425,9102596007,700,Pender,Y,For profit - Limited Liability company,98,89.7,,Medicare and Medicaid,N,"THE LAURELS OF PENDER, LLC",1989-03-06,CIENA HEALTHCARE/LAUREL HEALTH CARE,144,84,2.9,2.6,3.2,4.0,N,,N,N,N,Resident,Yes,4,,3,,5,,5,,4,,3,,,,2.36809,0.95761,0.54000,1.49761,3.86569,3.37327,0.23540,0.05753,43.6,,45.5,,0,,1.47279,1.05828,2.46784,0.91045,0.71890,4.09719,3.63475,2.22207,0.89856,0.50670,3.62733,3.16527,2026-01-15,9,8,2,44,1,0,44,2024-09-20,0,0,0,0,0,0,0,33.000,,0,0.00,0,0,"311 S Campbell Street,Burgaw,NC,28425",34.5498,-77.92,,2026-04-01
345301,White Oak Manor - Burlington,323 Baldwin Road,Burlington,NC,27217,3362295571,000,Alamance,Y,For profit - Corporation,160,117.7,,Medicare and Medicaid,N,Legal Business Name Not Available,1989-04-27,WHITE OAK MANAGEMENT,564,14,3.1,2.9,3.6,3.6,N,,N,N,N,Resident,Yes,1,,1,,4,,5,,4,,4,,,,2.32390,1.21958,0.38723,1.60681,3.93072,3.45396,0.17411,0.03326,45.8,,25.0,,0,,1.29218,0.92850,2.16522,0.79880,0.63075,3.59476,3.18904,2.48538,1.30433,0.41414,4.20385,3.69396,2025-11-18,3,3,0,8,1,0,8,2024-08-01,18,7,15,613,1,0,613,159.250,,4,148522.00,1,5,"323 Baldwin Road,Burlington,NC,27217",36.1008,-79.42,,2026-04-01
345302,Vero Health & Rehab of Sylva,417 Cloverdale Road,Sylva,NC,28779,8286311600,490,Jackson,N,For profit - Limited Liability company,106,86.3,,Medicare and Medicaid,N,SYLVA OPERATIONS LLC,1989-05-10,REGIONAL HEALTH PROPERTIES,856,5,1.2,1.6,1.2,1.8,N,SFF Candidate,N,N,N,Resident,Yes,1,,1,,2,,1,,2,,1,,,,2.28577,0.51243,0.59925,1.11168,3.39745,3.02689,0.37028,0.04962,,26,,26,,26,1.42585,1.02455,2.38920,0.88143,0.69599,3.96662,3.51893,2.21543,0.49666,0.58080,3.29290,2.93374,2025-08-14,7,7,0,32,1,0,32,2024-07-30,57,17,57,893,1,0,893,247.250,19,4,359818.00,2,6,"417 Cloverdale Road,Sylva,NC,28779",35.3777,-83.212,22,2026-04-01
345303,The Laurels Of Greentree Ridge,70 Sweeten Creek Road,Asheville,NC,28803,8282747646,100,Buncombe,Y,For profit - Corporation,90,85.4,,Medicare and Medicaid,N,"THE LAURELS OF GREENTREE RIDGE, INC",1989-05-17,CIENA HEALTHCARE/LAUREL HEALTH CARE,144,84,2.9,2.6,3.2,4.0,N,,N,N,N,Resident,Yes,5,,4,,5,,5,,5,,3,,,,2.12154,0.79635,0.86615,1.66250,3.78403,3.23980,0.46360,0.05940,42.1,,11.8,,0,,1.58990,1.14242,2.66407,0.98284,0.77607,4.42298,3.92377,1.84409,0.69221,0.75287,3.28917,2.81611,2025-05-07,2,2,0,12,1,0,12,2024-02-27,11,9,4,36,1,0,36,18.000,,0,0.00,0,0,"70 Sweeten Creek Road,Asheville,NC,28803",35.5636,-82.532,,2026-04-01
345304,"Accordius Health at Midwood, LLC",2727 Shamrock Drive,Charlotte,NC,28205,7045192400,590,Mecklenburg,Y,For profit - Limited Liability company,100,66.8,,Medicare and Medicaid,N,Legal Business Name Not Available,1989-06-09,SIMCHA HYMAN & NAFTALI ZANZIPER,580,94,2.4,2.5,2.4,3.4,N,,N,N,N,Resident,Yes,2,,1,,5,,5,,,2,2,,,,1.47778,0.94654,0.50912,1.45565,2.93344,2.64293,0.38577,0.08756,78.6,,76.9,,0,,1.20137,0.86325,2.01304,0.74266,0.58642,3.34212,2.96490,1.69995,1.08883,0.58565,3.37443,3.04025,2025-08-07,5,5,1,20,1,0,20,2024-05-07,15,15,12,564,1,0,564,156.000,,1,144199.00,0,1,"2727 Shamrock Drive,Charlotte,NC,28205",35.2381,-80.781,,2026-04-01
345305,Smoky Ridge Health and Rehabilitation,310 Pensacola Road,Burnsville,NC,28714,8286829759,981,Yancey,N,For profit - Limited Liability company,140,100.6,,Medicare and Medicaid,N,SMOKEY RIDGE HEALTH AND REHABILITATION SNF LLC,1989-06-29,BRIGHTON HEALTHCARE,848,7,1.1,1.3,1.9,2.1,N,,N,N,N,Resident,Yes,2,,2,,2,,2,,2,,3,,,,1.94231,0.55749,0.78640,1.34389,3.28620,3.00525,0.57743,0.04618,48.1,,18.8,,0,,1.38636,0.99617,2.32302,0.85702,0.67672,3.85676,3.42146,1.93616,0.55573,0.78391,3.27580,2.99574,2025-03-20,5,5,1,20,1,0,20,2023-12-01,16,14,16,136,1,0,136,49.000,0,1,59631.00,0,1,"310 Pensacola Road,Burnsville,NC,28714",35.9099,-82.292,,2026-04-01
345306,IREDELL MEMORIAL HOSPITAL INC,557 BROOKDALE DRIVE,STATESVILLE,NC,28677,7048784541,480,Iredell,Y,Non profit - Other,48,30.6,,Medicare and Medicaid,Y,IREDELL MEMORIAL HOSPITAL INCORPORATED,1989-07-13,,,,,,,,N,,N,N,N,Resident,Yes,5,,5,,3,,,2,3,,5,,,,2.22384,1.85154,2.27297,4.12451,6.34835,5.17386,2.00444,0.07982,47.5,,36.8,,,26,1.30266,0.93603,2.18277,0.80528,0.63586,3.62391,3.21489,2.35924,1.96427,2.41136,6.73487,5.48887,2026-03-05,1,1,0,4,0,0,4,2025-01-09,1,1,0,4,1,0,4,4.000,,0,0.00,0,0,"557 BROOKDALE DRIVE,STATESVILLE,NC,28677",35.7996,-80.877,,2026-04-01
345307,Juniper Gardens Center for Nursing and Rehabilitat,4414 Wilkinson Blvd,Gastonia,NC,28056,7048245550,350,Gaston,Y,For profit - Corporation,50,40.5,,Medicare and Medicaid,N,"WILKINSON BLVD OPERATING COMPANY, LLC",1989-08-09,ALLIANCE HEALTH GROUP,714,11,1.3,1.5,1.6,1.6,N,,N,N,N,Resident,Yes,3,,3,,2,,2,,1,,3,,,,1.66493,0.97421,0.81812,1.79233,3.45726,2.88181,0.62683,0.06032,56.1,,37.5,,0,,1.39667,1.00358,2.34029,0.86339,0.68175,3.88544,3.44690,1.64741,0.96396,0.80951,3.42088,2.85148,2025-11-21,4,4,0,8,1,0,8,2024-08-27,7,7,2,68,1,0,68,23.000,,4,60781.00,2,6,"4414 Wilkinson Blvd,Gastonia,NC,28056",35.2561,-81.103,,2026-04-01
345309,Liberty Commons Nursing and Rehabilitation Center,101 Caroline Avenue,Weldon,NC,27890,2525364817,410,Halifax,N,For profit - Limited Liability company,50,44.7,,Medicare and Medicaid,N,LIBERTY HEALTHCARE GROUP LLC,1989-09-25,LIBERTY SENIOR LIVING,310,37,2.6,2.9,2.1,3.0,N,,N,N,N,Resident,Yes,4,,4,,3,,2,,3,,3,,,,1.78144,0.87955,0.56955,1.44910,3.23054,2.93725,0.36811,0.12645,54.7,,25.0,,0,,1.26613,0.90978,2.12155,0.78269,0.61803,3.52227,3.12473,1.94444,0.96002,0.62167,3.52613,3.20600,2025-11-25,1,1,0,4,1,0,4,2024-10-09,2,2,0,20,1,0,20,8.000,,0,0.00,0,0,"101 Caroline Avenue,Weldon,NC,27890",36.4165,-77.607,,2026-04-01
345310,Piedmont Crossing,100 Hedrick Drive,Thomasville,NC,27360,3364722017,280,Davidson,Y,Non profit - Corporation,104,77.0,,Medicare and Medicaid,N,EVERYAGE,1989-11-01,EVERYAGE SENIOR LIVING,675,4,4.8,4.5,5.0,3.3,Y,,N,N,N,Resident,Yes,5,,5,,4,,3,,5,,5,,,,3.27554,1.02745,0.84859,1.87604,5.15157,4.70197,0.47847,0.01305,33.3,,46.2,,0,,1.13395,0.81480,1.90007,0.70098,0.55351,3.15457,2.79852,3.99198,1.25218,1.03420,6.27836,5.73042,2025-02-14,2,2,2,4,1,0,4,2023-10-13,1,1,0,8,1,0,8,5.000,,0,0.00,0,0,"100 Hedrick Drive,Thomasville,NC,27360",35.8435,-80.107,,2026-04-01
345311,Roxboro Healthcare & Rehab Center,901 Ridge Road,Roxboro,NC,27573,3365990106,720,Person,Y,For profit - Corporation,140,94.9,,Medicare and Medicaid,N,LIBERTY HEALTHCARE GROUP LLC,1989-10-18,LIBERTY SENIOR LIVING,310,37,2.6,2.9,2.1,3.0,N,,N,N,N,Resident,Yes,2,,3,,4,,4,,3,,1,,,,2.06635,0.51766,0.44073,0.95840,3.02474,2.75749,0.17113,0.05460,59.6,,61.5,,1,,1.39303,1.00097,2.33420,0.86114,0.67997,3.87532,3.43793,2.04994,0.51355,0.43723,3.00073,2.73560,2025-12-04,3,3,0,20,1,0,20,2024-08-15,12,9,6,84,1,0,84,36.000,0,1,56778.00,1,2,"901 Ridge Road,Roxboro,NC,27573",36.4091,-78.984,,2026-04-01
345312,The Greens at Hendersonville,1870 Pisgah Drive,Hendersonville,NC,28791,8286939796,440,Henderson,Y,For profit - Corporation,120,105.1,,Medicare and Medicaid,N,GREENS AT HENDERSONVILLE LLC,1989-11-17,CCH HEALTHCARE,124,32,2.5,2.4,2.4,3.8,N,,N,N,N,Resident,Yes,3,,3,,4,,5,,3,,3,,,,1.88883,0.66835,0.89520,1.56356,3.45239,3.18967,0.84829,0.04794,60.9,,45.5,,1,,1.23349,0.88633,2.06686,0.76252,0.60210,3.43147,3.04418,2.11620,0.74881,1.00297,3.86798,3.57364,2026-01-16,2,2,0,8,1,0,8,2024-11-01,18,6,14,136,1,0,136,40.000,4,3,106208.00,1,4,"1870 Pisgah Drive,Hendersonville,NC,28791",35.3238,-82.493,,2026-04-01
345313,Northampton Nursing and Rehabilitation Center,HWY 305 North,Jackson,NC,27845,2525340131,650,Northampton,N,For profit - Limited Liability company,80,75.2,,Medicare and Medicaid,N,"TAR RIVER LTC GROUP, LLC",1990-02-27,PRINCIPLE LONG TERM CARE,423,44,3.1,3.0,3.0,3.4,N,,N,N,N,Resident,Yes,3,,4,,3,,4,,3,,1,,,,1.82566,0.76018,0.43074,1.19092,3.01658,2.68078,0.18437,0.07300,58.0,,,27,0,,1.33481,0.95913,2.23663,0.82515,0.65155,3.71333,3.29422,1.89017,0.78704,0.44596,3.12318,2.77551,2025-01-24,6,6,0,28,1,0,28,2023-11-15,0,0,0,0,0,0,0,21.000,,0,0.00,0,0,"HWY 305 North,Jackson,NC,27845",36.3827,-77.39,,2026-04-01
345314,"Fair Haven of Forest City, LLC",830 Bethany Church Road,Forest City,NC,28043,8282452852,800,Rutherford,N,For profit - Partnership,100,82.9,,Medicare and Medicaid,N,FAIR HAVEN OF FOREST CITY LLC,1990-04-06,,,,,,,,N,,N,N,N,Resident,Yes,5,,5,,2,,2,,2,,3,,,,2.33382,0.98965,0.40870,1.39835,3.73217,3.47103,0.19674,0.05740,35.1,,62.5,,1,,1.29845,0.93300,2.17571,0.80267,0.63380,3.61219,3.20450,2.48395,1.05331,0.43499,3.97225,3.69431,2025-02-13,1,1,0,4,1,0,4,2023-11-16,2,2,2,12,1,0,12,6.000,,0,0.00,0,0,"830 Bethany Church Road,Forest City,NC,28043",35.3023,-81.894,,2026-04-01
345315,The Carrolton of Lumberton,1170 Linkhaw Road,Lumberton,NC,28358,9106711163,770,Robeson,N,For profit - Limited Liability company,90,85.7,,Medicare and Medicaid,N,"THE CARROLTON OF LUMBERTON, LLC",1990-04-05,CARROLTON NURSING HOMES,749,6,2.2,2.2,2.2,2.2,N,,Y,N,N,Both,Yes,1,,1,,1,,1,,2,,3,,,,2.56969,0.86778,0.36599,1.23377,3.80346,3.64177,0.12021,0.03269,49.5,,45.5,,1,,1.30232,0.93579,2.18221,0.80507,0.63570,3.62297,3.21406,2.72685,0.92086,0.38837,4.03607,3.86451,2026-02-19,9,9,3,56,1,0,56,2024-11-21,13,11,3,302,1,0,302,117.500,,0,0.00,0,0,"1170 Linkhaw Road,Lumberton,NC,28358",34.6443,-78.988,,2026-04-01
345316,Senior Citizens Home,2275 Ruin Creek Road,Henderson,NC,27537,2524920066,900,Vance,N,For profit - Limited Liability company,60,56.6,,Medicare and Medicaid,N,HENDERSON SCH OPERATING LLC.,1990-05-03,ALLIANCE HEALTH GROUP,714,11,1.3,1.5,1.6,1.6,N,,N,N,N,Resident,Yes,2,,2,,2,,4,,1,,2,,,,2.48536,0.74528,0.58037,1.32566,3.81102,3.20111,0.41774,0.03088,58.9,,66.7,,0,,1.38856,0.99775,2.32670,0.85838,0.67779,3.86286,3.42688,2.47358,0.74175,0.57762,3.79295,3.18594,2024-12-05,6,6,0,48,1,0,48,2023-09-27,17,12,8,120,1,0,120,66.000,,1,55760.00,1,2,"2275 Ruin Creek Road,Henderson,NC,27537",36.3085,-78.456,,2026-04-01
345317,Clayton Rehabilitation and Healthcare Center,204 Dairy Road,Clayton,NC,27520,9195538232,500,Johnston,Y,For profit - Limited Liability company,90,78.8,,Medicare and Medicaid,N,CLT OPCO LLC,1990-04-16,SIMCHA HYMAN & NAFTALI ZANZIPER,580,94,2.4,2.5,2.4,3.4,N,,N,N,N,Resident,Yes,1,,1,,2,,2,,2,,2,,,,1.93955,1.02592,0.51175,1.53767,3.47722,3.01725,0.34949,0.18569,80.2,,86.7,,1,,1.28329,0.92211,2.15031,0.79330,0.62640,3.57001,3.16708,2.08871,1.10481,0.55111,3.74462,3.24929,2024-11-27,25,5,20,227,1,0,227,2023-10-26,9,0,9,40,0,0,40,180.250,,1,255500.00,0,1,"204 Dairy Road,Clayton,NC,27520",35.6369,-78.471,,2026-04-01
345318,Brunswick Cove Nursing Center,1478 River Road,Winnabow,NC,28479,9103719894,090,Brunswick,Y,For profit - Limited Liability company,175,127.1,,Medicare and Medicaid,N,"BRUNSWICK COVE LIVING CENTER, LLC",1990-05-10,,,,,,,,N,,N,N,N,Resident,Yes,3,,3,,2,,1,,3,,4,,,,2.67806,0.88681,0.52667,1.41348,4.09154,3.62842,0.29776,0.06388,81.6,,33.3,,1,,1.20753,0.86767,2.02336,0.74647,0.58942,3.35925,2.98010,3.06495,1.01492,0.60276,4.68263,4.15261,2025-12-04,7,6,2,28,1,0,28,2024-07-25,10,8,4,56,1,0,56,35.000,,14,102444.00,0,14,"1478 River Road,Winnabow,NC,28479",34.1851,-77.989,,2026-04-01
345319,Elderberry Health Care,415 Elderberry Lane,Marshall,NC,28753,8282521790,570,Madison,Y,For profit - Corporation,80,71.9,,Medicare and Medicaid,N,"WILKINSON CARE CENTER, INC.",1990-05-14,,,,,,,,N,,N,N,N,Resident,Yes,3,,3,,2,,2,,2,,2,,,,1.92518,0.57021,0.45494,1.02515,2.95033,2.55483,0.21649,0.06663,38.7,,44.4,,0,,1.25757,0.90363,2.10722,0.77741,0.61385,3.49847,3.10361,2.11562,0.62662,0.49994,3.24219,2.80755,2025-11-19,3,3,0,16,1,0,16,2024-08-28,15,8,9,84,1,0,84,33.000,,0,0.00,0,0,"415 Elderberry Lane,Marshall,NC,28753",35.7962,-82.65,,2026-04-01
345321,Kerr Lake Nursing and Rehabilitation Center,1245 Park Avenue,Henderson,NC,27536,2524927021,900,Vance,N,For profit - Corporation,92,68.8,,Medicare and Medicaid,N,"EAGLE PEAK LTC GROUP, LLC",1990-07-13,PRINCIPLE LONG TERM CARE,423,44,3.1,3.0,3.0,3.4,N,,N,N,N,Resident,Yes,4,,4,,3,,3,,3,,4,,,,2.51613,1.07203,0.61619,1.68822,4.20435,3.79952,0.39604,0.13492,20.9,,22.2,,1,,1.45325,1.04424,2.43510,0.89837,0.70937,4.04283,3.58653,2.39273,1.01945,0.58597,3.99815,3.61317,2026-02-12,2,2,1,12,1,0,12,2024-11-06,5,2,3,40,1,0,40,19.000,,1,19620.00,0,1,"1245 Park Avenue,Henderson,NC,27536",36.3231,-78.417,,2026-04-01
345322,The Laurels of Hendersonville,290 Clear Creek Road,Hendersonville,NC,28792,8286926000,440,Henderson,Y,For profit - Corporation,100,92.4,,Medicare and Medicaid,N,"LAUREL HEALTH CARE COMPANY OF NORTH CAROLINA, INC.",1990-06-27,CIENA HEALTHCARE/LAUREL HEALTH CARE,144,84,2.9,2.6,3.2,4.0,N,,N,N,N,Resident,Yes,3,,2,,5,,5,,5,,4,,,,2.21275,0.64045,0.73956,1.38001,3.59276,2.67618,0.39234,0.12278,46.5,,37.5,,0,,1.25818,0.90407,2.10825,0.77778,0.61415,3.50018,3.10513,2.43045,0.70347,0.81232,3.94624,2.93948,2025-03-20,3,2,1,8,1,0,8,2024-01-05,17,11,17,226,1,0,226,62.500,,4,36257.00,1,5,"290 Clear Creek Road,Hendersonville,NC,28792",35.3437,-82.458,,2026-04-01
345323,Wallace Rehabilitation and Healthcare Center,647 S East Railroad Street,Wallace,NC,28466,9102859700,300,Duplin,N,For profit - Limited Liability company,80,75.9,,Medicare and Medicaid,N,WLC OPCO LLC,1990-08-16,SIMCHA HYMAN & NAFTALI ZANZIPER,580,94,2.4,2.5,2.4,3.4,N,,N,N,N,Resident,Yes,4,,5,,4,,5,,3,,1,25,25,6,,,,,,,,,39.1,,40.0,,2,,,,,,,,,,,,,,2025-02-27,0,0,0,0,0,0,0,2024-02-08,3,3,1,4,1,0,4,1.000,,0,0.00,0,0,"647 S East Railroad Street,Wallace,NC,28466",34.7263,-77.993,,2026-04-01
345325,The Carrolton of Dunn,711 Susan Tart Road,Dunn,NC,28335,9108928843,420,Harnett,N,For profit - Limited Liability company,100,93.3,,Medicare and Medicaid,N,"THE CARROLTON OF DUNN, LLC",1990-09-05,CARROLTON NURSING HOMES,749,6,2.2,2.2,2.2,2.2,N,,N,N,N,Resident,Yes,1,,1,,2,,2,,1,,1,,,,1.83448,0.78710,0.19938,0.98649,2.82097,2.57284,0.13007,0.04969,56.2,,66.7,,0,,1.29182,0.92824,2.16461,0.79858,0.63057,3.59376,3.18814,1.96250,0.84203,0.21330,3.01783,2.75239,2025-11-18,8,5,3,169,1,0,169,2024-10-08,17,13,7,205,1,0,205,178.000,,5,61389.00,1,6,"711 Susan Tart Road,Dunn,NC,28335",35.3041,-78.628,,2026-04-01
345326,Willowbrooke Court SC Ctr at Matthews Glen,740 Pavilion View Drive,Matthews,NC,28105,7048456220,590,Mecklenburg,Y,Non profit - Corporation,15,12.2,,Medicare,N,ACTS RETIREMENT-LIFE COMMUNITIES INC,1990-09-06,ACTS RETIREMENT-LIFE COMMUNITIES,9,27,4.7,4.3,4.8,4.4,Y,,N,N,N,Resident,Yes,5,,4,,4,,,2,4,,5,,,,2.69784,0.96495,0.96699,1.93194,4.62978,4.37325,0.84858,1.40012,,27,,27,,27,1.18125,0.84879,1.97932,0.73022,0.57659,3.28614,2.91525,3.15628,1.12892,1.13131,5.41651,5.11639,2025-07-08,3,3,0,12,1,0,12,2024-05-30,3,3,0,12,1,0,12,12.000,,0,0.00,0,0,"740 Pavilion View Drive,Matthews,NC,28105",35.1143,-80.694,22,2026-04-01
345328,Givens Health Center,600 Barrett Lane,Asheville,NC,28803,8287712900,100,Buncombe,Y,Non profit - Corporation,70,57.4,,Medicare and Medicaid,N,"GIVENS ESTATES, INC.",1990-12-01,,,,,,,,Y,,N,N,N,Resident,Yes,5,,4,,3,,1,,5,,5,,,,3.14697,0.78031,0.98358,1.76390,4.91087,4.12813,0.65251,0.12853,34.7,,38.9,,1,,1.19052,0.85545,1.99486,0.73595,0.58112,3.31194,2.93813,3.65305,0.90580,1.14176,5.70061,4.79200,2026-03-18,1,1,0,4,0,0,4,2025-02-06,5,5,0,24,1,0,24,9.000,,0,0.00,0,0,"600 Barrett Lane,Asheville,NC,28803",35.5042,-82.511,,2026-04-01
345329,Hibriten Mountain Nursing and Rehabilitation,2030 Harper Avenue NW,Lenoir,NC,28645,8287543888,130,Caldwell,Y,Non profit - Other,100,75.4,,Medicare and Medicaid,N,2030 HARPER AVENUE OPCO LLC,1990-10-03,AVARDIS HEALTH,843,33,2.1,2.1,2.4,3.3,N,,Y,N,N,Resident,Yes,1,,1,,4,,4,,4,,3,,,,2.27655,0.60806,0.60047,1.20853,3.48508,3.07538,0.37363,0.04291,50.0,,40.0,,2,,1.29590,0.93117,2.17144,0.80110,0.63256,3.60510,3.19821,2.42776,0.64845,0.64035,3.71656,3.27964,2026-02-26,15,11,6,80,0,0,80,2024-12-17,26,8,21,200,1,0,200,110.000,,2,53110.00,0,2,"2030 Harper Avenue NW,Lenoir,NC,28645",35.9011,-81.563,,2026-04-01
345330,The Graybrier Nursing and Retirement Center,116 Lane Drive,Trinity,NC,27370,3364318888,750,Randolph,Y,For profit - Corporation,128,103.3,,Medicare and Medicaid,N,ARCHDALE NURSING CENTER INC,1990-11-08,,,,,,,,N,,N,N,N,Resident,Yes,3,,4,,1,,2,,1,,3,,,,2.55618,1.11993,0.46460,1.58453,4.14071,3.81032,0.42368,0.03158,62.9,,56.5,,0,,1.25508,0.90184,2.10304,0.77586,0.61263,3.49153,3.09746,2.81463,1.23317,0.51157,4.55937,4.19557,2026-01-22,1,1,0,4,1,0,4,2024-10-17,4,2,3,32,1,0,32,11.000,,1,8512.00,0,1,"116 Lane Drive,Trinity,NC,27370",35.883,-79.945,,2026-04-01
345331,Sardis Oaks,5151 Sardis Road,Charlotte,NC,28270,7043654202,590,Mecklenburg,Y,Non profit - Other,124,92.5,,Medicare and Medicaid,N,"AHSNF, INC.",1990-11-16,ATRIUM HEALTH,55,6,3.5,3.2,3.2,3.8,N,,N,N,N,Resident,Yes,4,,4,,4,,3,,5,,3,,,,2.01807,0.62878,0.55761,1.18639,3.20446,2.62671,0.39119,0.05157,40.8,,21.4,,0,,1.25128,0.89911,2.09667,0.77351,0.61078,3.48096,3.08808,2.22885,0.69445,0.61585,3.53916,2.90108,2025-12-18,4,4,0,16,1,0,16,2024-09-27,8,7,4,40,1,0,40,22.000,,0,0.00,0,0,"5151 Sardis Road,Charlotte,NC,28270",35.1579,-80.791,,2026-04-01
345332,Wilson Healthcare and Rehabilitation Center,2501 Downing St SW,Wilson,NC,27893,2522376300,970,Wilson,N,For profit - Limited Liability company,81,92.0,,Medicare and Medicaid,N,WILSON OPCO LLC,1990-11-09,SIMCHA HYMAN & NAFTALI ZANZIPER,580,94,2.4,2.5,2.4,3.4,N,,N,N,N,Resident,Yes,4,,4,,3,,5,,1,,3,,,,2.02630,1.07555,0.34600,1.42155,3.44785,3.13141,0.13152,0.15078,45.3,,50.0,,0,,1.24587,0.89522,2.08761,0.77017,0.60814,3.46592,3.07473,2.24766,1.19305,0.38380,3.82451,3.47350,2025-01-13,1,1,0,4,1,0,4,2023-09-20,3,2,1,16,1,0,16,7.000,,0,0.00,0,0,"2501 Downing St SW,Wilson,NC,27893",35.7108,-77.941,,2026-04-01
345333,Abbotts Creek Center,877 Hill Everhart Road,Lexington,NC,27295,3362486644,280,Davidson,Y,For profit - Corporation,64,58.5,,Medicare and Medicaid,N,"SUNBRIDGE REGENCY - NORTH CAROLINA, LLC",1990-11-15,GENESIS HEALTHCARE,237,191,2.4,2.3,2.6,3.6,N,,N,N,N,Resident,Yes,4,,4,,4,,3,,4,,3,,,,1.83103,0.83605,0.90951,1.74556,3.57659,2.97830,0.57399,0.11118,54.1,,38.5,,0,,1.44427,1.03778,2.42005,0.89282,0.70498,4.01784,3.56437,1.75205,0.79999,0.87028,3.42233,2.84984,2026-01-07,5,5,1,16,1,0,16,2024-09-27,2,2,2,8,1,0,8,14.000,,0,0.00,0,0,"877 Hill Everhart Road,Lexington,NC,27295",35.8515,-80.227,,2026-04-01
345335,Franklin Oaks Nursing and Rehabilitation Center,1704 NC Highway 39 N,Louisburg,NC,27549,9194967222,340,Franklin,Y,For profit - Corporation,166,142.4,,Medicare and Medicaid,N,"EAGLE PEAK LTC GROUP, LLC",1990-11-02,PRINCIPLE LONG TERM CARE,423,44,3.1,3.0,3.0,3.4,N,,N,N,N,Resident,Yes,4,,3,,5,,5,,4,,3,,,,2.36343,0.66346,0.39680,1.06025,3.42368,3.22591,0.18558,0.06441,28.9,,23.1,,0,,1.25871,0.90445,2.10912,0.77811,0.61441,3.50164,3.10642,2.59487,0.72843,0.43565,3.75896,3.54182,2025-05-08,3,3,0,24,1,0,24,2024-04-18,10,10,0,56,1,0,56,32.000,,0,0.00,0,0,"1704 NC Highway 39 N,Louisburg,NC,27549",36.0898,-78.3,22,2026-04-01
345336,Signature Healthcare of Roanoke Rapids,305 East Fourteenth Street,Roanoke Rapids,NC,27870,2525376181,410,Halifax,N,For profit - Limited Liability company,108,76.8,,Medicare and Medicaid,N,LP ROANOKE RAPIDS LLC,1990-12-05,SIGNATURE HEALTHCARE,474,71,3.1,2.9,2.6,3.9,N,,N,N,N,Resident,Yes,2,,2,,5,,4,,5,,1,,,,2.15821,0.67059,0.47786,1.14845,3.30666,2.80635,0.38404,0.13115,73.8,,70.0,,2,,1.34952,0.96970,2.26130,0.83425,0.65874,3.75428,3.33055,2.21011,0.68672,0.48935,3.38617,2.87383,2025-01-08,13,10,3,96,1,0,96,2023-11-09,3,3,0,12,1,0,12,75.000,,1,9110.00,0,1,"305 East Fourteenth Street,Roanoke Rapids,NC,27870",36.4482,-77.657,,2026-04-01
345337,"Peak Resources - Alamance, Inc",215 College Street,Graham,NC,27253,3362288394,000,Alamance,Y,For profit - Corporation,142,131.9,,Medicare and Medicaid,N,"PEAK RESOURCES-ALAMANCE, INC.",1990-11-08,"PEAK RESOURCES, INC.",397,9,3.4,3.6,2.4,3.0,N,,N,N,N,Resident,Yes,5,,5,,3,,2,,4,,2,,,,2.26944,0.86817,0.28326,1.15143,3.42087,3.16002,0.13271,0.05342,55.3,,53.8,,1,,1.26872,0.91164,2.12590,0.78430,0.61929,3.52949,3.13113,2.47202,0.94566,0.30855,3.72623,3.44210,2024-10-31,0,0,0,0,0,0,0,2023-08-11,5,2,4,24,1,0,24,6.000,,1,3728.00,0,1,"215 College Street,Graham,NC,27253",36.0763,-79.405,,2026-04-01
345339,Windsor Rehabilitation and Healthcare Center,1306 South King Street,Windsor,NC,27983,2527945146,070,Bertie,N,For profit - Corporation,82,66.5,,Medicare and Medicaid,N,WINDSOR OPCO LLC,1990-12-18,SIMCHA HYMAN & NAFTALI ZANZIPER,580,94,2.4,2.5,2.4,3.4,N,,Y,N,N,Resident,Yes,1,,1,,1,,1,,1,,1,,,,1.69855,0.88671,0.39492,1.28163,2.98018,2.53018,0.32139,0.01214,75.0,,76.9,,1,,1.50724,1.08303,2.52556,0.93174,0.73572,4.19303,3.71978,1.55738,0.81302,0.36210,2.73250,2.31990,2026-01-13,22,12,15,156,1,0,156,2024-10-15,22,13,15,207,1,0,207,168.750,,2,249991.00,1,3,"1306 South King Street,Windsor,NC,27983",35.9895,-76.93,,2026-04-01
345340,The Greens at Maple Leaf,1101 Maple Care Lane,Statesville,NC,28625,7048710705,480,Iredell,Y,For profit - Limited Liability company,94,84.0,,Medicare and Medicaid,N,GREENS AT MAPLE LEAF LLC,1990-11-13,CCH HEALTHCARE,124,32,2.5,2.4,2.4,3.8,N,,N,N,N,Resident,Yes,4,,3,,5,,5,,3,,3,,,,2.79259,0.81477,0.37869,1.19346,3.98605,3.43526,0.27927,0.06917,32.1,,33.3,,0,,1.39231,1.00045,2.33299,0.86070,0.67962,3.87332,3.43615,2.77186,0.80871,0.37588,3.95645,3.40975,2025-07-03,4,3,1,36,1,0,36,2024-05-15,6,5,1,40,1,0,40,37.000,,2,23835.00,0,2,"1101 Maple Care Lane,Statesville,NC,28625",35.8112,-80.844,,2026-04-01
345341,Silver Bluff,100 Silver Bluff Drive,Canton,NC,28716,8286482044,430,Haywood,N,For profit - Corporation,131,117.2,,Medicare and Medicaid,N,LIBERTY COMMONS OF HAYWOOD COUNTY LLC,1990-09-24,LIBERTY SENIOR LIVING,310,37,2.6,2.9,2.1,3.0,N,,N,N,N,Resident,Yes,3,,3,,3,,3,,2,,2,,,,2.36136,0.40399,0.58123,0.98522,3.34657,2.93885,0.21420,0.01498,44.9,,40.0,,,26,1.35858,0.97621,2.27646,0.83984,0.66315,3.77946,3.35289,2.40202,0.41095,0.59124,3.40421,2.98946,2026-01-08,5,5,0,24,1,0,24,2024-11-07,4,3,4,20,1,0,20,23.000,,1,34902.00,0,1,"100 Silver Bluff Drive,Canton,NC,28716",35.4825,-82.879,,2026-04-01
345342,Big Elm Retirement and Nursing Centers,1285 West A Street,Kannapolis,NC,28081,7049320000,790,Rowan,Y,For profit - Individual,50,45.4,,Medicare and Medicaid,N,SENIOR VENTURES & MANAGEMENT INC,1991-01-01,,,,,,,,N,,N,N,N,Resident,Yes,4,,4,,3,,1,,4,,4,,,,3.71753,0.92791,0.58094,1.50884,5.22637,4.18048,0.38223,0.08417,43.8,,28.6,,1,,1.34202,0.96431,2.24872,0.82961,0.65507,3.73340,3.31203,3.82821,0.95553,0.59823,5.38197,4.30495,2025-08-28,4,4,0,12,1,0,12,2024-07-11,5,5,0,24,1,0,24,15.000,,0,0.00,0,0,"1285 West A Street,Kannapolis,NC,28081",35.513,-80.632,,2026-04-01
345343,Goldsboro Rehabilitation and Healthcare Center,1700 Wayne Memorial Drive,Goldsboro,NC,27534,9197312805,950,Wayne,Y,For profit - Corporation,130,128.1,,Medicare and Medicaid,N,GOLDSBORO OPCO LLC,1991-01-03,SIMCHA HYMAN & NAFTALI ZANZIPER,580,94,2.4,2.5,2.4,3.4,N,,N,N,N,Resident,Yes,3,,3,,2,,3,,2,,3,,,,2.01744,0.86807,0.52238,1.39045,3.40789,3.10041,0.35913,0.07993,38.8,,13.3,,0,,1.36688,0.98217,2.29037,0.84498,0.66721,3.80256,3.37338,2.03972,0.87766,0.52815,3.44553,3.13465,2025-12-17,3,3,1,28,1,0,28,2024-09-06,3,1,2,16,1,0,16,25.000,0,1,24850.00,0,1,"1700 Wayne Memorial Drive,Goldsboro,NC,27534",35.3939,-77.973,,2026-04-01
345344,Camellia Gardens Center for Nursing and Rehab,280 South Beckford Drive,Henderson,NC,27536,2524386141,900,Vance,N,For profit - Corporation,78,62.8,,Medicare and Medicaid,N,BECKFORD DRIVE OPERATING COMPANY LLC,1991-01-08,ALLIANCE HEALTH GROUP,714,11,1.3,1.5,1.6,1.6,N,,N,N,N,Resident,Yes,1,,1,,2,,2,,2,,1,,,,2.27089,0.79478,0.22331,1.01809,3.28898,3.03191,0.14511,0.06486,54.4,,100.0,,2,,1.25679,0.90307,2.10592,0.77692,0.61347,3.49631,3.10170,2.49708,0.87394,0.24555,3.61657,3.33390,2026-01-30,7,4,3,119,1,0,119,2024-08-29,26,14,13,160,1,0,160,129.250,,3,119656.00,2,5,"280 South Beckford Drive,Henderson,NC,27536",36.3372,-78.417,,2026-04-01
345345,Accordius Health at Monroe,204 Old Highway 74 East,Monroe,NC,28112,7048000601,890,Union,Y,For profit - Limited Liability company,60,48.3,,Medicare and Medicaid,N,Legal Business Name Not Available,1991-01-30,SIMCHA HYMAN & NAFTALI ZANZIPER,580,94,2.4,2.5,2.4,3.4,N,,N,N,N,Resident,Yes,4,,4,,4,,4,,3,,3,,,,1.69686,0.63634,0.70395,1.34029,3.03715,2.95513,0.80948,0.04198,63.6,,70.0,,1,,1.17213,0.84224,1.96405,0.72459,0.57215,3.26079,2.89276,2.00064,0.75026,0.82997,3.58087,3.48417,2025-04-10,4,4,0,8,1,0,8,2023-11-30,5,3,3,36,1,0,36,15.000,0,0,0.00,0,0,"204 Old Highway 74 East,Monroe,NC,28112",34.9762,-80.495,,2026-04-01
345348,Whispering Pines Nursing & Rehab Center,523 Country Club Drive,Fayetteville,NC,28301,9104880711,250,Cumberland,Y,For profit - Corporation,86,73.0,,Medicare and Medicaid,N,"CUMBERLAND CARE, INC.",1991-01-22,CENTURY CARE MANAGEMENT,131,7,4.1,4.1,2.9,3.6,N,,N,N,N,Resident,Yes,5,,5,,5,,4,,5,,3,,,,3.08243,0.73135,0.39942,1.13077,4.21320,3.34320,0.21576,0.03982,45.3,,37.5,,1,,1.40319,1.00827,2.35122,0.86742,0.68493,3.90358,3.46300,3.03582,0.72029,0.39338,4.14949,3.29265,2025-04-17,0,0,0,0,0,0,0,2024-02-16,2,2,1,24,1,0,24,6.000,,1,8512.00,0,1,"523 Country Club Drive,Fayetteville,NC,28301",35.1042,-78.887,,2026-04-01
345349,Woodbury Wellness Center Inc,2778 Country Club Drive,Hampstead,NC,28443,9102701443,700,Pender,Y,For profit - Corporation,112,104.6,,Medicare and Medicaid,N,"WOODBURY WELLNESS CENTER, INC.",1990-11-07,,,,,,,,N,,N,N,N,Resident,Yes,3,,3,,3,,4,,3,,4,,,,2.87597,1.15848,0.78096,1.93943,4.81540,4.15292,0.44436,0.04498,50.4,,36.4,,0,,1.32716,0.95363,2.22382,0.82042,0.64782,3.69206,3.27535,2.99475,1.20632,0.81321,5.01429,4.32444,2025-11-17,1,1,0,4,1,0,4,2024-07-24,5,5,2,133,1,0,133,36.250,,1,15646.00,0,1,"2778 Country Club Drive,Hampstead,NC,28443",34.3974,-77.645,,2026-04-01
345350,Courtland Terrace,2300 Aberdeen Boulevard,Gastonia,NC,28054,7048344800,350,Gaston,Y,Non profit - Corporation,77,71.0,,Medicare and Medicaid,Y,CAROMONT HEALTH SERVICES INC,1991-01-31,,,,,,,,N,,N,N,N,Resident,Yes,5,,4,,3,,2,,4,,5,,,,2.76433,1.61111,0.59366,2.20477,4.96910,4.46114,0.27456,0.22389,24.7,,25.0,,0,,1.26269,0.90731,2.11579,0.78057,0.61635,3.51270,3.11624,3.02548,1.76332,0.64974,5.43854,4.88259,2026-02-13,4,4,0,20,0,0,20,2024-10-31,2,1,1,8,1,0,8,17.000,,0,0.00,0,0,"2300 Aberdeen Boulevard,Gastonia,NC,28054",35.2685,-81.139,,2026-04-01
345351,Autumn Care of Saluda,501 Esseola Circle,Saluda,NC,28773,8287492261,740,Polk,N,For profit - Corporation,99,90.4,,Medicare and Medicaid,N,AUTUMN CORPORATION,1991-03-01,SABER HEALTHCARE GROUP,461,126,3.0,2.7,2.3,4.0,N,,Y,N,N,Resident,Yes,2,,2,,4,,3,,5,,3,,,,1.93601,0.83785,0.54434,1.38219,3.31820,3.07260,0.41414,0.00700,65.6,,23.1,,0,,1.25053,0.89857,2.09542,0.77305,0.61041,3.47889,3.08624,2.13950,0.92592,0.60155,3.66697,3.39556,2025-02-14,3,2,2,20,1,0,20,2023-11-01,13,7,13,172,1,0,172,58.000,,1,16801.00,0,1,"501 Esseola Circle,Saluda,NC,28773",35.2437,-82.347,,2026-04-01
345353,Highland House Rehabilitation and Healthcare,1700 Pamalee Drive,Fayetteville,NC,28301,9104882295,250,Cumberland,Y,For profit - Corporation,106,89.5,,Medicare and Medicaid,N,LIBERTY COMMONS NURSING AND REHABILITATION CENTER OF HIGHLAND,1991-03-05,LIBERTY SENIOR LIVING,310,37,2.6,2.9,2.1,3.0,N,,N,N,N,None,Yes,2,,3,,2,,2,,1,,1,,,,1.89702,1.11905,0.33605,1.45510,3.35212,3.02885,0.31317,0.01316,65.4,,80.0,,1,,1.37722,0.98961,2.30771,0.85137,0.67226,3.83134,3.39891,1.90357,1.12291,0.33721,3.36368,3.03930,2024-12-19,6,6,6,20,1,0,20,2023-10-25,5,0,5,32,0,0,32,23.000,2,0,0.00,0,0,"1700 Pamalee Drive,Fayetteville,NC,28301",35.0903,-78.921,,2026-04-01
345354,Piney Grove Nursing and Rehabilitation Center,728 Piney Grove Road,Kernersville,NC,27284,3369964038,330,Forsyth,Y,For profit - Limited Liability company,92,86.8,,Medicare and Medicaid,N,"SNOWSHOE LTC GROUP, LLC",1991-03-07,PRINCIPLE LONG TERM CARE,423,44,3.1,3.0,3.0,3.4,N,,N,N,N,Resident,Yes,3,,3,,2,,2,,3,,3,,,,2.47579,0.89891,0.63395,1.53286,4.00865,3.89298,0.36676,0.02346,67.6,,57.1,,0,,1.34999,0.97004,2.26208,0.83454,0.65896,3.75558,3.33170,2.53444,0.92021,0.64897,4.10362,3.98521,2026-01-27,1,1,0,0,0,0,0,2024-10-14,13,13,6,108,1,0,108,27.000,,2,10699.00,1,3,"728 Piney Grove Road,Kernersville,NC,27284",36.1356,-80.071,,2026-04-01
345355,Graham Healthcare and Rehabilitation Center,811 Snowbird Road,Robbinsville,NC,28771,8284798421,370,Graham,N,For profit - Corporation,80,58.1,,Medicare and Medicaid,N,"GRANITE FALLS LTC, LLC",1991-02-05,PRINCIPLE LONG TERM CARE,423,44,3.1,3.0,3.0,3.4,N,,N,N,N,Resident,Yes,3,,3,,4,,4,,3,,3,,,,1.99060,0.68222,0.68390,1.36611,3.35671,2.96589,0.59202,0.05885,63.0,,61.5,,4,,1.14919,0.82575,1.92561,0.71040,0.56095,3.19696,2.83613,2.39383,0.82041,0.82243,4.03667,3.56668,2024-12-19,4,4,0,28,1,0,28,2023-07-20,6,5,6,24,1,0,24,27.000,,0,0.00,0,0,"811 Snowbird Road,Robbinsville,NC,28771",35.3115,-83.816,,2026-04-01
345356,Rich Square Nursing & Rehabilitation Center,300 North Main Street,Rich Square,NC,27869,2525394161,650,Northampton,N,For profit - Limited Liability company,69,59.9,,Medicare and Medicaid,N,RICH SQUARE OPERATIONS LLC,1991-02-19,LIFEWORKS REHAB,768,62,2.1,2.1,1.5,4.0,N,,N,N,N,Resident,Yes,1,,1,,2,,4,,1,,1,24,,,0.88178,0.34753,0.10393,0.45146,1.33324,1.05647,0.04472,0.09066,60.3,,71.4,,2,,1.27931,0.91925,2.14364,0.79084,0.62446,3.55894,3.15726,0.95255,0.37542,0.11227,1.44024,1.14125,2025-07-02,10,10,0,48,1,0,48,2024-06-06,15,6,9,757,1,0,757,225.250,,1,190684.00,0,1,"300 North Main Street,Rich Square,NC,27869",36.2775,-77.281,,2026-04-01
345357,PruittHealth-Neuse,1303 Health Drive,New Bern,NC,28560,2526342560,240,Craven,N,For profit - Limited Liability company,110,89.1,,Medicare and Medicaid,N,"PRUITTHEALTH - NEUSE, LLC",1991-02-15,PRUITTHEALTH,434,96,2.9,2.8,2.4,3.7,N,,N,N,N,Resident,Yes,2,,2,,2,,4,,1,,2,,,,1.91604,0.52875,0.63504,1.16379,3.07983,2.38210,0.37817,0.04407,38.9,,16.7,,2,,1.29898,0.93338,2.17660,0.80300,0.63406,3.61366,3.20580,2.03847,0.56253,0.67562,3.27661,2.53430,2025-12-18,5,2,3,16,1,0,16,2024-09-11,30,7,26,283,1,0,283,82.750,,5,200097.00,3,8,"1303 Health Drive,New Bern,NC,28560",35.1139,-77.069,,2026-04-01
345358,Louisburg Healthcare & Rehabilitation Center,202 Smoketree Way,Louisburg,NC,27549,9194962188,340,Franklin,Y,For profit - Limited Liability company,92,87.9,,Medicare and Medicaid,N,LIBERTY HEALTHCARE GROUP LLC,1991-03-22,LIBERTY SENIOR LIVING,310,37,2.6,2.9,2.1,3.0,N,,N,N,N,Resident,Yes,1,,2,,3,,4,,2,,1,,,,2.01054,0.72229,0.33291,1.05520,3.06575,2.76493,0.19011,0.04829,58.4,,50.0,,0,,1.39383,1.00154,2.33554,0.86164,0.68036,3.87754,3.43989,1.99344,0.71615,0.33008,3.03967,2.74141,2025-03-06,7,7,2,28,1,0,28,2024-03-06,16,8,9,231,1,0,231,78.750,,3,153104.00,2,5,"202 Smoketree Way,Louisburg,NC,27549",36.1137,-78.3,,2026-04-01
345359,Ahoskie Health and Rehabilitation Center,604 Stokes Street East,Ahoskie,NC,27910,2523322126,450,Hertford,N,For profit - Corporation,151,122.7,,Medicare and Medicaid,N,AHOSKIE NC OPCO LLC,1991-04-04,AUGUST HEALTHCARE,833,5,3.0,3.2,1.8,2.6,N,,N,N,N,Resident,Yes,3,,3,,2,,2,,2,,2,,,,2.36554,0.54761,0.38968,0.93729,3.30283,3.18459,0.31336,0.07584,51.4,,60.0,,1,,1.35990,0.97716,2.27869,0.84067,0.66380,3.78316,3.35617,2.40393,0.55650,0.39601,3.35643,3.23627,2025-12-18,9,9,2,28,1,0,28,2024-09-26,10,10,1,60,1,0,60,36.000,,1,11629.00,0,1,"604 Stokes Street East,Ahoskie,NC,27910",36.2777,-76.984,,2026-04-01
345362,The Greens at Cabarrus,250 Bishop Lane,Concord,NC,28025,7047886400,120,Cabarrus,Y,For profit - Corporation,90,82.3,,Medicare and Medicaid,N,GREENS AT CABARRUS LLC,1991-04-30,CCH HEALTHCARE,124,32,2.5,2.4,2.4,3.8,N,,N,N,N,Resident,Yes,5,,4,,5,,5,,5,,2,,,,1.73555,0.92376,0.48524,1.40899,3.14455,2.64734,0.36834,0.10753,41.2,,27.3,,2,,1.37201,0.98586,2.29897,0.84815,0.66971,3.81682,3.38603,1.74816,0.93047,0.48876,3.16739,2.66657,2025-07-24,2,1,1,8,1,0,8,2024-05-23,1,0,1,20,0,0,20,11.000,,1,15269.00,0,1,"250 Bishop Lane,Concord,NC,28025",35.4533,-80.604,,2026-04-01
345363,"Compass Healthcare and Rehab Hawfields, Inc.",2502 S NC 119,Mebane,NC,27302,3365784701,000,Alamance,Y,For profit - Corporation,117,91.4,,Medicare and Medicaid,N,COMPASS HEALTHCARE AND REHAB HAWFIELDS INC,1991-04-23,,,,,,,,N,,N,N,N,Resident,Yes,3,,4,,1,,2,,1,,3,,,,2.61354,1.08622,0.44584,1.53207,4.14561,3.71837,0.48682,0.04799,56.3,,58.3,,0,,1.20704,0.86732,2.02254,0.74617,0.58918,3.35789,2.97890,2.99232,1.24365,0.51046,4.74643,4.25727,2026-01-23,2,2,2,8,1,0,8,2024-10-10,4,3,3,24,1,0,24,12.000,,0,0.00,0,0,"2502 S NC 119,Mebane,NC,27302",36.0899,-79.286,22,2026-04-01
345365,Signature Healthcare of Kinston,907 Cunningham Road,Kinston,NC,28501,2525275146,530,Lenoir,N,For profit - Limited Liability company,106,90.1,,Medicare and Medicaid,N,LP KINSTON LLC,1991-05-02,SIGNATURE HEALTHCARE,474,71,3.1,2.9,2.6,3.9,N,,N,N,N,Resident,Yes,2,,3,,2,,4,,1,,1,,,,2.38682,0.88673,0.45953,1.34626,3.73308,3.12907,0.36259,0.09026,60.5,,69.6,,2,,1.48625,1.06795,2.49039,0.91877,0.72547,4.13463,3.66797,2.21937,0.82452,0.42729,3.47117,2.90954,2025-12-09,8,8,4,40,1,0,40,2024-10-17,9,6,4,56,1,0,56,44.000,,1,11638.00,0,1,"907 Cunningham Road,Kinston,NC,28501",35.2929,-77.563,,2026-04-01
345366,Greendale Forest Nursing and Rehabilitation Center,1304 SE Second Street,Snow Hill,NC,28580,2527478126,390,Greene,N,For profit - Corporation,115,102.4,,Medicare and Medicaid,N,"RIVER NEUSE GROUP, LLC",1991-05-13,PRINCIPLE LONG TERM CARE,423,44,3.1,3.0,3.0,3.4,N,,N,N,N,Resident,Yes,2,,3,,3,,4,,3,,1,,,,2.41669,0.77734,0.28963,1.06697,3.48366,3.06006,0.12718,0.05032,,26,,26,0,,1.29401,0.92981,2.16827,0.79993,0.63164,3.59984,3.19354,2.58097,0.83018,0.30932,3.72047,3.26808,2025-03-27,8,7,3,44,1,0,44,2024-01-08,7,3,4,32,0,0,32,41.000,,2,18132.00,0,2,"1304 SE Second Street,Snow Hill,NC,28580",35.4356,-77.66,,2026-04-01
345367,Liberty Healthcare Services of Golden Years Nursin,7348 North West Street,Falcon,NC,28342,9109801271,250,Cumberland,Y,For profit - Corporation,58,49.9,,Medicare and Medicaid,N,LIBERTY HEALTHCARE GROUP LLC,1991-05-03,LIBERTY SENIOR LIVING,310,37,2.6,2.9,2.1,3.0,N,,N,N,N,Resident,Yes,4,,5,,4,,4,,,2,1,,,,1.95144,0.85655,0.35921,1.21576,3.16720,2.89829,0.31264,0.02970,68.1,,100.0,,1,,1.51082,1.08560,2.53156,0.93396,0.73747,4.20299,3.72861,1.78501,0.78350,0.32857,2.89709,2.65112,2025-11-20,1,1,0,4,1,0,4,2024-08-29,2,1,1,8,1,0,8,5.000,,0,0.00,0,0,"7348 North West Street,Falcon,NC,28342",35.1945,-78.648,,2026-04-01
345369,Rex Rehab & Nursing Care Center,4210 Lake Boone Trail,Raleigh,NC,27607,9197846600,910,Wake,Y,Government - Hospital district,120,97.6,,Medicare and Medicaid,Y,REX HOSPITAL INC,1991-05-21,,,,,,,,N,,N,N,N,Resident,Yes,4,,4,,4,,5,,4,,3,,,,2.36091,1.14010,0.90989,2.04999,4.41090,3.95211,0.72398,0.35727,,26,,26,,26,1.24624,0.89549,2.08824,0.77040,0.60832,3.46696,3.07566,2.61803,1.26427,1.00899,4.89129,4.38254,2025-08-21,1,1,0,4,1,0,4,2024-05-17,5,5,1,40,1,0,40,13.000,,1,15646.00,0,1,"4210 Lake Boone Trail,Raleigh,NC,27607",35.8155,-78.701,,2026-04-01
345370,Pinehurst Healthcare & Rehabilitation Center,300 Blake Boulevard,Pinehurst,NC,28374,9102956158,620,Moore,Y,For profit - Limited Liability company,144,126.0,,Medicare and Medicaid,N,LIBERTY HEALTHCARE GROUP LLC,1991-05-01,LIBERTY SENIOR LIVING,310,37,2.6,2.9,2.1,3.0,N,,N,N,N,Both,Yes,2,,3,,3,,3,,2,,1,,,,2.22236,0.64982,0.39878,1.04861,3.27096,3.06232,0.27788,0.02047,55.5,,82.4,,1,,1.33933,0.96238,2.24422,0.82795,0.65376,3.72593,3.30540,2.29311,0.67051,0.41148,3.37510,3.15981,2025-01-24,4,3,3,32,1,0,32,2023-09-13,6,5,2,36,1,0,36,33.000,,1,9620.00,0,1,"300 Blake Boulevard,Pinehurst,NC,28374",35.1708,-79.465,,2026-04-01
345371,PruittHealth-Trent,836 Hospital Drive,New Bern,NC,28560,2526386001,240,Craven,N,For profit - Corporation,116,98.5,,Medicare and Medicaid,N,"PRUITTHEALTH - TRENT, LLC",1991-05-17,PRUITTHEALTH,434,96,2.9,2.8,2.4,3.7,N,,N,N,N,Resident,Yes,1,,1,,3,,4,,2,,3,,,,2.00257,0.76043,0.51557,1.27599,3.27857,2.72766,0.27087,0.02322,18.8,,38.5,,0,,1.34309,0.96508,2.25052,0.83027,0.65560,3.73638,3.31467,2.06055,0.78244,0.53049,3.37348,2.80662,2025-02-27,10,5,5,165,1,0,165,2024-01-11,5,3,4,24,1,0,24,129.750,,2,24850.00,0,2,"836 Hospital Drive,New Bern,NC,28560",35.1126,-77.066,,2026-04-01
345372,Wilson Pines Nursing and Rehabilitation Center,403 Crestview Avenue,Wilson,NC,27893,2522370724,970,Wilson,N,For profit - Limited Liability company,108,99.1,,Medicare and Medicaid,N,"SPRUCE LTC GROUP, LLC",1991-05-23,PRINCIPLE LONG TERM CARE,423,44,3.1,3.0,3.0,3.4,N,,N,N,N,Resident,Yes,5,,4,,5,,5,,4,,3,,,,2.33708,1.02476,0.30697,1.33173,3.66881,3.09995,0.18804,0.05265,26.8,,0.0,,1,,1.32002,0.94850,2.21185,0.81601,0.64433,3.67220,3.25773,2.44677,1.07286,0.32138,3.84101,3.24545,2025-04-10,3,3,1,12,1,0,12,2024-03-06,3,3,0,20,1,0,20,14.000,,0,0.00,0,0,"403 Crestview Avenue,Wilson,NC,27893",35.7159,-77.943,,2026-04-01
345373,Liberty Commons Nursing & Rehab Center of Southpor,630 Fodale Avenue,Southport,NC,28461,9104579581,090,Brunswick,Y,For profit - Limited Liability company,99,71.3,,Medicare and Medicaid,N,LIBERTY HEALTHCARE GROUP LLC,1991-05-31,LIBERTY SENIOR LIVING,310,37,2.6,2.9,2.1,3.0,N,,N,N,N,Resident,Yes,3,,3,,3,,4,,2,,4,,,,2.02118,1.08022,0.70500,1.78522,3.80640,3.55234,0.64967,0.07339,,27,,27,,27,1.26285,0.90742,2.11606,0.78067,0.61643,3.51316,3.11664,2.21183,1.18212,0.77150,4.16545,3.88742,2025-05-01,6,5,2,24,1,0,24,2024-03-07,7,7,0,40,1,0,40,28.000,,0,0.00,0,0,"630 Fodale Avenue,Southport,NC,28461",33.9299,-78.02,,2026-04-01
345375,Scotland Manor Health and Rehabilitation Center,920 Jr High School Road,Scotland Neck,NC,27874,2528265146,410,Halifax,N,For profit - Corporation,62,53.2,,Medicare and Medicaid,N,SCOTLAND NECK NC OPCO LLC,1991-06-12,AUGUST HEALTHCARE,833,5,3.0,3.2,1.8,2.6,N,,N,N,N,Resident,Yes,4,,4,,4,,4,,4,,2,,,,2.08479,0.73673,0.34590,1.08263,3.16741,2.93430,0.41731,0.01292,43.6,,40.0,,0,,1.36316,0.97951,2.28415,0.84268,0.66539,3.79223,3.36421,2.11355,0.74690,0.35067,3.21112,2.97479,2025-11-20,3,3,0,12,1,0,12,2024-09-11,2,2,0,8,1,0,8,11.000,,2,7361.00,0,2,"920 Jr High School Road,Scotland Neck,NC,27874",36.1269,-77.426,,2026-04-01
345376,The Carrolton of Fayetteville,2461 Legion Road,Fayetteville,NC,28306,9104249417,250,Cumberland,Y,For profit - Corporation,120,115.8,,Medicare and Medicaid,N,"THE CARROLTON OF FAYETTEVILLE, LLC",1991-06-13,CARROLTON NURSING HOMES,749,6,2.2,2.2,2.2,2.2,N,,N,N,N,Resident,Yes,3,,3,,2,,4,,1,,2,,,,2.30844,0.77618,0.23959,1.01577,3.32421,2.99924,0.12324,0.04110,43.2,,50.0,,0,,1.29496,0.93050,2.16987,0.80052,0.63210,3.60249,3.19589,2.46355,0.82833,0.25569,3.54757,3.20076,2025-09-12,4,4,0,28,1,0,28,2024-06-14,10,2,9,40,1,0,40,31.000,,0,0.00,0,0,"2461 Legion Road,Fayetteville,NC,28306",35.013,-78.908,,2026-04-01
345377,East Carolina Health and Rehabilitation Center,2575 W 5th Street,Greenville,NC,27834,2528309100,730,Pitt,Y,For profit - Limited Liability company,130,72.1,,Medicare and Medicaid,N,Legal Business Name Not Available,1991-06-25,,,,,,,,N,,N,N,N,Resident,Yes,1,,2,,2,,2,,2,,1,24,,,1.59222,0.59628,0.39218,0.98847,2.58069,2.13567,0.12875,0.07989,63.3,,58.3,,0,,1.31830,0.94727,2.20897,0.81494,0.64349,3.66741,3.25348,1.66912,0.62509,0.41113,2.70534,2.23883,2024-12-19,10,7,3,64,1,0,64,2023-11-02,24,8,16,132,1,0,132,81.000,,2,61585.00,2,4,"2575 W 5th Street,Greenville,NC,27834",35.6197,-77.415,,2026-04-01
345378,PruittHealth-Rockingham,804 South Long Drive,Rockingham,NC,28379,9109974493,760,Richmond,N,For profit - Corporation,120,75.2,,Medicare and Medicaid,N,"PRUITTHEALTH - ROCKINGHAM, LLC",1991-06-21,PRUITTHEALTH,434,96,2.9,2.8,2.4,3.7,N,,N,N,N,Resident,Yes,2,,2,,3,,4,,2,,2,,,,2.12750,0.53142,0.69858,1.23000,3.35750,2.88340,0.40377,0.01983,47.6,,50.0,,0,,1.41780,1.01876,2.37569,0.87645,0.69206,3.94421,3.49904,2.07375,0.51799,0.68093,3.27267,2.81055,2025-02-24,9,9,4,44,1,0,44,2023-11-16,12,11,1,60,1,0,60,48.000,,0,0.00,0,0,"804 South Long Drive,Rockingham,NC,28379",34.9316,-79.751,,2026-04-01
345380,Village Green Health and Rehabilitation,1601 Purdue Drive,Fayetteville,NC,28304,9104865000,250,Cumberland,Y,For profit - Limited Liability company,170,116.9,,Medicare and Medicaid,N,VILLAGE GREEN HEALTH AND REHABILITATION LLC,1991-07-10,SANSTONE HEALTH & REHABILITATION,465,17,4.1,3.6,2.8,4.5,N,,N,N,N,Resident,Yes,5,,4,,5,,5,,5,,3,,,,2.67455,1.01908,0.44000,1.45908,4.13363,3.39977,0.21457,0.09109,30.1,,35.3,,0,,1.48160,1.06461,2.48261,0.91590,0.72321,4.12172,3.65651,2.49470,0.95055,0.41041,3.85566,3.17115,2025-02-20,4,2,2,20,1,0,20,2024-01-19,1,1,0,0,0,0,0,15.000,,0,0.00,0,0,"1601 Purdue Drive,Fayetteville,NC,28304",35.0417,-78.924,,2026-04-01
345381,Village Care of King,440 Ingram Road,King,NC,27021,3369834900,840,Stokes,Y,For profit - Limited Liability company,96,90.4,,Medicare and Medicaid,N,VILLAGE CARE OF KING LLC,1991-07-11,SABER HEALTHCARE GROUP,461,126,3.0,2.7,2.3,4.0,N,,N,N,N,Resident,Yes,1,,2,,4,,5,,2,,1,,,,2.13319,1.05810,0.33446,1.39256,3.52575,3.13966,0.22389,0.10760,81.6,,93.3,,2,,1.33270,0.95761,2.23310,0.82385,0.65052,3.70746,3.28902,2.21206,1.09723,0.34683,3.65612,3.25575,2026-01-08,6,3,3,52,1,0,52,2024-10-10,8,0,8,110,0,0,110,66.500,,3,110113.00,0,3,"440 Ingram Road,King,NC,27021",36.2676,-80.372,,2026-04-01
345383,Scottish Pines Rehabilitation and Nursing Center,620 Johns Road,Laurinburg,NC,28352,9103614000,820,Scotland,N,For profit - Corporation,149,119.1,,Medicare and Medicaid,N,"CENTURY CARE OF LAURINBURG, INC",1991-07-03,CENTURY CARE MANAGEMENT,131,7,4.1,4.1,2.9,3.6,N,,N,N,N,Both,Yes,4,,4,,3,,2,,3,,3,,,,2.42930,1.07923,0.26143,1.34066,3.76995,3.13598,0.13302,0.08214,30.5,,44.4,,0,,1.38358,0.99417,2.31836,0.85530,0.67536,3.84902,3.41459,2.42648,1.07797,0.26113,3.76558,3.13234,2025-12-18,2,2,0,12,1,0,12,2024-10-24,1,1,0,8,1,0,8,11.000,,0,0.00,0,0,"620 Johns Road,Laurinburg,NC,28352",34.7605,-79.466,,2026-04-01
345384,PruittHealth-Farmville,4351 South Main Street,Farmville,NC,27828,2527535547,730,Pitt,Y,For profit - Limited Liability company,56,50.1,,Medicare and Medicaid,N,"PRUITTHEALTH - FARMVILLE, LLC",1991-07-03,PRUITTHEALTH,434,96,2.9,2.8,2.4,3.7,N,,N,N,N,Resident,Yes,4,,3,,5,,5,,,2,2,,,,1.96293,0.62189,0.60430,1.22619,3.18912,2.93670,0.47053,0.04600,47.1,,55.6,,0,,1.40171,1.00721,2.34875,0.86651,0.68421,3.89947,3.45935,1.93528,0.61313,0.59578,3.14420,2.89534,2025-08-07,6,4,2,44,1,0,44,2024-08-08,4,1,3,20,1,0,20,38.000,,4,36729.00,1,5,"4351 South Main Street,Farmville,NC,27828",35.5784,-77.594,,2026-04-01
345385,Cardinal Healthcare and Rehabilitation,931 N Aspen Street,Lincolnton,NC,28092,7047327055,540,Lincoln,Y,For profit - Limited Liability company,63,60.1,,Medicare and Medicaid,N,931 NORTH ASPEN STREET OPCO LLC,1991-06-24,AVARDIS HEALTH,843,33,2.1,2.1,2.4,3.3,N,,N,N,N,Resident,Yes,5,,4,,5,,5,,4,,3,,,,1.82388,0.65984,0.71957,1.37942,3.20330,2.89060,0.64917,0.08686,44.2,,42.9,,0,,1.32486,0.95198,2.21997,0.81900,0.64670,3.68567,3.26969,1.90250,0.68829,0.75059,3.34138,3.01520,2025-05-08,3,3,0,12,1,0,12,2024-03-14,4,4,0,24,1,0,24,15.000,,0,0.00,0,0,"931 N Aspen Street,Lincolnton,NC,28092",35.481,-81.258,,2026-04-01
345386,WILKES REGIONAL MEDICAL CTR SN,1370 WEST D STREET,NORTH WILKESBORO,NC,28659,3366518100,960,Wilkes,N,Non profit - Other,10,7.1,,Medicare and Medicaid,Y,WRMC HOSPITAL OPERATING CORPORATION,1991-07-09,ATRIUM HEALTH,55,6,3.5,3.2,3.2,3.8,N,,N,N,N,None,Yes,4,,2,,5,,,2,5,,5,,,,3.05686,0.03674,4.02134,4.05808,7.11494,6.22000,2.90389,0.83232,18.2,,14.3,,,26,1.51368,1.08766,2.53636,0.93573,0.73886,4.21095,3.73567,2.79088,0.03354,3.67144,6.49587,5.67880,2025-04-23,11,11,0,72,1,0,72,2024-04-10,3,3,0,12,1,0,12,57.000,,0,0.00,0,0,"1370 WEST D STREET,NORTH WILKESBORO,NC,28659",36.1583,-81.158,,2026-04-01
345388,Crown Haven Health and Rehabilitation,620 Tom Hunter Road,Charlotte,NC,28213,7045985136,590,Mecklenburg,Y,For profit - Limited Liability company,120,87.2,,Medicare and Medicaid,N,620 TOM HUNTER ROAD OPCO LLC,1991-06-26,AVARDIS HEALTH,843,33,2.1,2.1,2.4,3.3,N,,N,N,N,Resident,Yes,1,,1,,4,,4,,,2,2,,,,1.62002,1.08744,0.32931,1.41675,3.03677,2.85162,0.38347,0.03763,61.6,,54.5,,1,,1.20574,0.86639,2.02036,0.74536,0.58855,3.35427,2.97569,1.85681,1.24639,0.37745,3.48064,3.26843,2025-07-03,6,6,1,70,1,0,70,2024-02-12,38,15,25,339,1,0,339,137.250,,7,98762.00,2,9,"620 Tom Hunter Road,Charlotte,NC,28213",35.2789,-80.774,,2026-04-01
345389,The Laurels of Forest Glenn,1101 Hartwell Street,Garner,NC,27529,9197728888,910,Wake,Y,For profit - Limited Liability company,120,106.5,,Medicare and Medicaid,N,"OAK HEALTH CARE INVESTORS OF NORTH CAROLINA, INC",1991-06-28,CIENA HEALTHCARE/LAUREL HEALTH CARE,144,84,2.9,2.6,3.2,4.0,N,,N,N,N,Resident,Yes,2,,2,,4,,4,,4,,2,,,,2.13602,0.79033,0.44549,1.23581,3.37183,2.89372,0.20920,0.16633,38.1,,33.3,,0,,1.40733,1.01124,2.35816,0.86998,0.68695,3.91510,3.47322,2.09753,0.77609,0.43746,3.31107,2.84158,2025-05-12,3,3,1,28,1,0,28,2024-04-04,8,2,7,236,1,0,236,80.000,0,3,182083.00,1,4,"1101 Hartwell Street,Garner,NC,27529",35.7072,-78.624,,2026-04-01
345390,Countryside,7700 US Highway 158,Stokesdale,NC,27357,3366436301,400,Guilford,Y,For profit - Limited Liability company,60,54.7,,Medicare and Medicaid,N,Legal Business Name Not Available,1991-07-22,,,,,,,,N,,N,N,N,Both,Yes,4,,4,,2,,1,,3,,3,,,,2.45063,1.08505,0.43638,1.52143,3.97206,3.58542,0.20955,0.09093,38.5,,42.9,,0,,1.37436,0.98755,2.30292,0.84960,0.67086,3.82338,3.39185,2.46420,1.09106,0.43880,3.99405,3.60527,2025-05-02,2,2,2,8,1,0,8,2024-04-18,2,1,1,4,0,0,4,7.000,,0,0.00,0,0,"7700 US Highway 158,Stokesdale,NC,27357",36.2342,-79.963,,2026-04-01
345391,Heartland Living & Rehab at the Moses H Cone Memor,1131 North Church Street,Greensboro,NC,27401,3363585100,400,Guilford,Y,For profit - Corporation,107,92.3,,Medicare and Medicaid,N,"HEARTLAND OF GREENSBORO, INC",1991-07-11,CENTURY CARE MANAGEMENT,131,7,4.1,4.1,2.9,3.6,N,,N,N,N,Resident,Yes,4,,4,,3,,2,,4,,3,,,,2.86143,0.69045,0.24169,0.93214,3.79357,3.42494,0.10843,0.07960,43.0,,37.5,,1,,1.29497,0.93050,2.16988,0.80052,0.63210,3.60251,3.19591,3.05369,0.73683,0.25793,4.04846,3.65506,2025-02-26,3,3,0,16,1,0,16,2023-09-28,8,8,0,40,1,0,40,22.000,,0,0.00,0,0,"1131 North Church Street,Greensboro,NC,27401",36.0914,-79.784,,2026-04-01
345392,Wadesboro Health & Rehab Center,2051 Country Club Road,Wadesboro,NC,28170,7046944106,030,Anson,Y,For profit - Corporation,66,60.7,,Medicare and Medicaid,N,WADESBORO HEALTH & REHAB CENTER LLC,1991-07-12,SABER HEALTHCARE GROUP,461,126,3.0,2.7,2.3,4.0,N,,N,N,N,Resident,Yes,3,,3,,3,,4,,2,,3,,,,1.93201,0.74798,0.52598,1.27396,3.20598,2.84736,0.25528,0.09311,26.0,,25.0,,0,,1.42971,1.02732,2.39565,0.88382,0.69787,3.97734,3.52843,1.86751,0.72301,0.50842,3.09894,2.75230,2025-05-07,4,4,0,20,1,0,20,2024-06-26,8,6,2,44,1,0,44,26.000,,0,0.00,0,0,"2051 Country Club Road,Wadesboro,NC,28170",34.9438,-80.052,,2026-04-01
345393,Pisgah Manor Health Care Center,104 Holcombe Cove Road,Candler,NC,28715,8286679851,100,Buncombe,Y,For profit - Corporation,118,102.7,,Medicare and Medicaid,N,LIBERTY HEALTHCARE GROUP LLC,1991-07-16,LIBERTY SENIOR LIVING,310,37,2.6,2.9,2.1,3.0,Y,,N,N,N,Resident,Yes,1,,1,,2,,2,,1,,2,,,,1.73074,0.55150,0.61715,1.16864,2.89939,2.68084,0.38833,0.06284,51.9,,50.0,,0,,1.37923,0.99105,2.31108,0.85261,0.67324,3.83693,3.40387,1.73418,0.55259,0.61837,2.90515,2.68616,2025-04-01,2,2,0,158,1,0,158,2023-12-06,9,9,4,48,1,0,48,130.500,,1,58516.00,0,1,"104 Holcombe Cove Road,Candler,NC,28715",35.5707,-82.674,,2026-04-01
345394,Brook Stone Living Center,8990 Highway 17 South,Pollocksville,NC,28573,2522240112,510,Jones,N,For profit - Corporation,80,66.5,,Medicare and Medicaid,N,"AM HEALTH CARE SERVICES, INC",1991-08-02,,,,,,,,N,,N,N,N,Resident,Yes,2,,3,,2,,1,,3,,1,24,,,1.99549,0.84106,0.37051,1.21157,3.20706,2.71525,0.09281,0.01671,38.5,,57.1,,0,,1.29070,0.92743,2.16272,0.79788,0.63002,3.59063,3.18537,2.13661,0.90054,0.39671,3.43386,2.90727,2025-06-04,3,3,2,8,1,0,8,2024-05-01,9,8,1,111,1,0,111,33.750,,1,18600.00,0,1,"8990 Highway 17 South,Pollocksville,NC,28573",35,-77.224,,2026-04-01
345395,Peak Resources-Cherryville,7615 Dallas Cherryville Highway,Cherryville,NC,28021,7044356029,350,Gaston,Y,For profit - Corporation,70,66.3,,Medicare and Medicaid,N,"CENTURY CARE OF CHERRYVILLE, INC",1991-08-01,"PEAK RESOURCES, INC.",397,9,3.4,3.6,2.4,3.0,N,,N,N,N,Resident,Yes,5,,4,,5,,5,,5,,4,,,,2.18532,0.92108,0.66979,1.59087,3.77619,3.32722,0.49848,0.05537,38.1,,22.2,,0,,1.30472,0.93751,2.18623,0.80655,0.63687,3.62965,3.21998,2.31471,0.97561,0.70945,3.99977,3.52421,2025-06-05,0,0,0,0,0,0,0,2024-04-18,15,14,1,72,1,0,72,18.000,,0,0.00,0,0,"7615 Dallas Cherryville Highway,Cherryville,NC,28021",35.3862,-81.349,,2026-04-01
345396,Smoky Mountain Health and Rehabilitation Center,1349 Crabtree Road,Waynesville,NC,28785,8284549260,430,Haywood,N,For profit - Corporation,50,45.6,,Medicare and Medicaid,N,"SNOWSHOE LTC GROUP, LLC",1991-08-26,PRINCIPLE LONG TERM CARE,423,44,3.1,3.0,3.0,3.4,N,,N,N,N,Resident,Yes,5,,4,,5,,4,,5,,4,,,,1.99120,0.72818,0.79579,1.52398,3.51517,3.08265,0.40654,0.12919,68.8,,69.2,,0,,1.15478,0.82977,1.93498,0.71386,0.56368,3.21252,2.84994,2.38294,0.87145,0.95236,4.20675,3.68913,2025-02-05,4,4,4,16,1,0,16,2023-09-28,3,3,3,16,1,0,16,16.000,,0,0.00,0,0,"1349 Crabtree Road,Waynesville,NC,28785",35.5409,-82.956,,2026-04-01
345397,Shoreland Health Care and Retirement Center Inc,200 Flower-Pridgen Drive,Whiteville,NC,28472,9106424300,230,Columbus,N,For profit - Limited Liability company,89,86.9,,Medicare and Medicaid,N,SHORELAND HEALTHCARE & RETIREMENT CENTER INC,1991-09-10,LIBERTY SENIOR LIVING,310,37,2.6,2.9,2.1,3.0,N,,N,N,N,Resident,Yes,3,,4,,2,,1,,3,,1,,,,2.06940,0.83926,0.36063,1.19989,3.26928,2.99316,0.20391,0.03564,73.7,,62.5,,1,,1.35997,0.97721,2.27880,0.84070,0.66383,3.78333,3.35632,2.10288,0.85284,0.36647,3.32218,3.04159,2026-02-26,4,4,2,16,1,0,16,2024-12-19,1,1,1,4,0,0,4,13.000,0,1,5077.00,0,1,"200 Flower-Pridgen Drive,Whiteville,NC,28472",34.3343,-78.703,22,2026-04-01
345400,Skyland Care Center,193 Asheville Highway,Sylva,NC,28779,8285868935,490,Jackson,N,For profit - Corporation,94,89.9,,Medicare and Medicaid,N,"BT2, INC.",1991-09-03,,,,,,,,N,,N,N,N,Both,Yes,2,,2,,2,,1,,4,,3,,,,2.13906,0.79093,0.54523,1.33616,3.47522,2.78943,0.47560,0.08561,51.9,,42.1,,0,,1.29675,0.93178,2.17286,0.80162,0.63297,3.60745,3.20029,2.27965,0.84292,0.58106,3.70363,2.97277,2026-01-23,0,0,0,0,0,0,0,2024-11-21,10,3,10,194,1,0,194,48.500,0,2,15593.00,0,2,"193 Asheville Highway,Sylva,NC,28779",35.3768,-83.213,,2026-04-01
345401,Wilkesboro Health and Rehabilitation,204 Old Brickyard Road,North Wilkesboro,NC,28659,3366672020,960,Wilkes,N,For profit - Corporation,111,97.6,,Medicare and Medicaid,N,WILKESBORO HEALTH AND REHABILITATION LLC,1991-09-12,SANSTONE HEALTH & REHABILITATION,465,17,4.1,3.6,2.8,4.5,N,,N,N,N,Resident,Yes,4,,4,,3,,2,,4,,4,,,,3.90832,0.46554,0.64576,1.11129,5.01961,4.58387,0.29318,0.06782,32.1,,33.3,,0,,1.37101,0.98514,2.29730,0.84753,0.66922,3.81405,3.38357,3.93958,0.46926,0.65092,5.05976,4.62053,2025-12-11,3,3,1,12,1,0,12,2024-09-11,6,6,0,32,1,0,32,17.000,,0,0.00,0,0,"204 Old Brickyard Road,North Wilkesboro,NC,28659",36.1561,-81.174,,2026-04-01
345403,Highfield Nursing and Rehabilitation,6590 Tryon Road,Cary,NC,27518,9198518000,910,Wake,Y,For profit - Limited Liability company,120,94.9,,Medicare and Medicaid,N,6590 TRYON ROAD OPCO LLC,1991-09-24,AVARDIS HEALTH,843,33,2.1,2.1,2.4,3.3,N,,N,N,N,Resident,Yes,1,,1,,4,,4,,3,,2,,,,1.78827,0.96435,0.35408,1.31843,3.10670,2.70037,0.25832,0.03578,41.1,,50.0,,1,,1.25923,0.90482,2.10999,0.77843,0.61466,3.50308,3.10770,1.96259,1.05836,0.38859,3.40954,2.96359,2024-11-22,5,5,3,208,1,0,208,2023-11-08,15,1,14,184,1,0,184,202.000,1,3,201978.00,0,3,"6590 Tryon Road,Cary,NC,27518",35.7427,-78.766,,2026-04-01
345404,Three Rivers Health and Rehabilitation Center,1403 Conner Drive,Windsor,NC,27983,2527944441,070,Bertie,N,For profit - Limited Liability company,60,53.1,,Medicare and Medicaid,N,LIBERTY HEALTHCARE GROUP LLC,1992-03-12,LIBERTY SENIOR LIVING,310,37,2.6,2.9,2.1,3.0,N,,N,N,N,Resident,Yes,4,,4,,4,,4,,4,,2,,,,2.01534,0.96036,0.49798,1.45834,3.47368,3.16711,0.39335,0.05390,54.4,,42.9,,0,,1.40537,1.00983,2.35487,0.86877,0.68599,3.90963,3.46837,1.98179,0.94437,0.48969,3.41585,3.11438,2026-01-30,3,3,0,16,1,0,16,2024-11-01,3,3,2,16,1,0,16,16.000,,0,0.00,0,0,"1403 Conner Drive,Windsor,NC,27983",35.9878,-76.929,,2026-04-01
345405,Charlotte Health & Rehabilitation Center,1735 Toddville Road,Charlotte,NC,28214,7043944001,590,Mecklenburg,Y,For profit - Limited Liability company,90,85.3,,Medicare and Medicaid,N,CHARLOTTE OPERATOR LLC,1991-10-10,LIFEWORKS REHAB,768,62,2.1,2.1,1.5,4.0,N,,N,N,N,Resident,Yes,1,,1,,2,,2,,1,,2,,,,2.00328,0.95462,0.57301,1.52763,3.53091,3.08890,0.39249,0.18011,53.5,,80.0,,0,,1.47395,1.05911,2.46979,0.91117,0.71947,4.10043,3.63763,1.87827,0.89505,0.53725,3.31057,2.89614,2026-01-28,11,11,5,64,1,0,64,2024-10-23,17,7,13,192,1,0,192,96.000,0,4,141846.00,1,5,"1735 Toddville Road,Charlotte,NC,28214",35.2616,-80.923,,2026-04-01
345406,Gates Health and Rehabilitation Center,38 Carters Road,Gatesville,NC,27938,2523572124,360,Gates,Y,For profit - Limited Liability company,70,52.0,,Medicare and Medicaid,N,GATESVILLE NC OPCO LLC,1991-10-23,AUGUST HEALTHCARE,833,5,3.0,3.2,1.8,2.6,N,,N,N,N,Resident,Yes,2,,3,,2,,2,,3,,1,,,,1.97415,1.11105,0.35325,1.46430,3.43845,2.78828,0.30275,0.10640,56.1,,69.2,,0,,1.40680,1.01086,2.35728,0.86966,0.68670,3.91363,3.47191,1.93930,1.09144,0.34702,3.37776,2.73907,2025-08-15,3,3,1,24,1,0,24,2024-08-14,4,2,2,24,1,0,24,24.000,,0,0.00,0,0,"38 Carters Road,Gatesville,NC,27938",36.3896,-76.739,,2026-04-01
345408,Southpoint Rehabilitation and Healthcare Center,6000 Fayetteville Road,Durham,NC,27713,9195449021,310,Durham,Y,For profit - Corporation,140,117.7,,Medicare and Medicaid,N,SOUTHPOINT OPCO LLC,1991-11-06,SIMCHA HYMAN & NAFTALI ZANZIPER,580,94,2.4,2.5,2.4,3.4,N,,Y,N,N,Resident,Yes,1,,1,,4,,3,,4,,2,,,,1.80017,0.95122,0.51760,1.46882,3.26899,2.91130,0.37677,0.19293,66.9,,41.2,,0,,1.30600,0.93843,2.18836,0.80734,0.63749,3.63319,3.22312,1.90489,1.00656,0.54771,3.45916,3.08066,2025-04-10,8,8,3,36,1,0,36,2024-04-05,22,17,13,304,1,0,304,103.000,,1,48523.00,1,2,"6000 Fayetteville Road,Durham,NC,27713",35.9174,-78.931,,2026-04-01
345409,Pembroke Center,310 E Wardell Drive,Pembroke,NC,28372,9105211273,770,Robeson,N,For profit - Corporation,84,72.3,,Medicare and Medicaid,N,"SUNBRIDGE RETIREMENT CARE ASSOCIATES, LLC",1992-01-07,GENESIS HEALTHCARE,237,191,2.4,2.3,2.6,3.6,Y,,Y,N,N,Resident,Yes,1,,1,,1,,2,,1,,1,,,,2.10961,0.68930,0.55905,1.24835,3.35796,3.05456,0.25253,0.02373,67.9,,92.9,,0,,1.55922,1.12039,2.61268,0.96388,0.76110,4.33765,3.84808,1.86979,0.61094,0.49550,2.97623,2.70732,2025-11-21,20,17,14,112,2,56,168,2024-11-20,21,9,16,293,1,0,293,199.250,,6,95665.00,1,7,"310 E Wardell Drive,Pembroke,NC,28372",34.6851,-79.183,,2026-04-01
345410,Central Continuing Care,1287 Newsome Street,Mount Airy,NC,27030,3367862133,850,Surry,N,For profit - Partnership,120,82.7,,Medicare and Medicaid,N,"CCC OF MT. AIRY, INC",1991-12-19,,,,,,,,N,,N,N,N,Resident,Yes,3,,4,,1,,2,,1,,4,,,,2.43890,0.87589,0.66333,1.53921,3.97811,3.05317,0.22458,0.02556,36.6,,0.0,,0,,1.39843,1.00485,2.34325,0.86448,0.68261,3.89034,3.45125,2.41019,0.86558,0.65552,3.93129,3.01724,2025-09-11,4,4,2,12,1,0,12,2024-08-07,6,4,2,28,1,0,28,16.000,,1,5597.00,0,1,"1287 Newsome Street,Mount Airy,NC,27030",36.4818,-80.603,,2026-04-01
345411,Skyland Terrace and Rehabilitation,516 Wall Street,Waynesville,NC,28786,8284523154,430,Haywood,N,For profit - Corporation,90,83.0,,Medicare and Medicaid,N,COOLGATE INC,1992-01-24,,,,,,,,N,,Y,N,N,Resident,Yes,2,,2,,4,,3,,4,,3,,,,2.25224,0.89126,0.49453,1.38579,3.63802,3.23027,0.27121,0.08280,52.8,,41.7,,0,,1.26682,0.91028,2.12271,0.78312,0.61836,3.52420,3.12643,2.45697,0.97227,0.53948,3.96872,3.52391,2026-02-19,4,3,1,16,1,0,16,2024-12-06,4,4,2,32,1,0,32,20.000,,1,8512.00,0,1,"516 Wall Street,Waynesville,NC,28786",35.4936,-82.982,,2026-04-01
345412,Brantwood Nh & Retirement Center,1038 College Street,Oxford,NC,27565,9196903334,380,Granville,N,Non profit - Corporation,80,65.2,,Medicare and Medicaid,N,GRANVILLE HEALTH SYSTEM,1992-01-31,,,,,,,,N,,N,N,N,Resident,Yes,4,,4,,2,,1,,2,,2,,,,1.86631,0.85847,0.48409,1.34255,3.20886,2.89887,0.29223,0.00000,60.7,,37.5,,0,,1.39573,1.00290,2.33872,0.86281,0.68129,3.88282,3.44458,1.84791,0.85000,0.47932,3.17723,2.87030,2024-12-18,2,2,0,12,1,0,12,2023-11-09,5,5,0,8,1,0,8,11.000,,0,0.00,0,0,"1038 College Street,Oxford,NC,27565",36.3261,-78.595,,2026-04-01
345413,Fleshers Fairview Health Care,3016 Cane Creek Road,Fairview,NC,28730,8286282800,100,Buncombe,Y,For profit - Corporation,106,50.3,,Medicare and Medicaid,N,FLESHERS FAIRVIEW HEALTH CARE,1992-01-30,,,,,,,,N,,N,N,N,Resident,Yes,1,,1,,3,,3,,,2,4,,,,1.81167,0.82748,0.78861,1.61608,3.42775,2.74104,0.51753,0.03211,38.3,,28.6,,1,,1.22672,0.88147,2.05553,0.75834,0.59879,3.41266,3.02749,2.04094,0.93220,0.88841,3.86155,3.08794,2025-09-22,23,23,5,176,1,0,176,2024-09-06,15,8,9,84,1,0,84,153.000,,2,61321.00,1,3,"3016 Cane Creek Road,Fairview,NC,28730",35.5066,-82.417,,2026-04-01
345414,"Haymount Rehabilitation & Nursing Center, Inc.",2346 Barrington Circle,Fayetteville,NC,28303,9106890150,250,Cumberland,Y,For profit - Corporation,98,87.8,,Medicare and Medicaid,N,"HAYMOUNT REHABILITATION AND NURSING CENTER, INC",1992-03-12,CENTURY CARE MANAGEMENT,131,7,4.1,4.1,2.9,3.6,N,,N,N,N,Resident,Yes,5,,5,,4,,5,,3,,3,,,,2.50016,1.10984,0.45821,1.56805,4.06821,3.42968,0.30866,0.03764,36.0,,46.2,,0,,1.39625,1.00328,2.33959,0.86313,0.68154,3.88426,3.44586,2.47460,1.09850,0.45352,4.02662,3.39462,2025-05-01,0,0,0,0,0,0,0,2024-03-14,0,0,0,0,0,0,0,0.000,,0,0.00,0,0,"2346 Barrington Circle,Fayetteville,NC,28303",35.0709,-78.92,,2026-04-01
345415,Pineville Rehabilitation and Living Center,1010 Lakeview Drive,Pineville,NC,28134,7048892273,590,Mecklenburg,Y,For profit - Limited Liability company,106,96.3,,Medicare and Medicaid,N,PINEVILLE HEALTHCARE LLC,1992-03-02,CCH HEALTHCARE,124,32,2.5,2.4,2.4,3.8,N,,N,N,N,Resident,Yes,2,,2,,4,,5,,3,,2,,,,2.13294,0.83635,0.43135,1.26770,3.40064,2.84588,0.26558,0.06092,64.6,,76.9,,0,,1.29527,0.93072,2.17039,0.80071,0.63225,3.60335,3.19665,2.27572,0.89233,0.46022,3.62827,3.03638,2025-06-06,6,6,3,24,1,0,24,2024-01-25,20,10,14,216,1,0,216,72.000,0,2,15470.00,0,2,"1010 Lakeview Drive,Pineville,NC,28134",35.079,-80.897,,2026-04-01
345416,Bermuda Village Retirement Center,142 Bermuda Village Drive,Bermuda Run,NC,27006,3369986112,290,Davie,Y,For profit - Limited Liability company,36,33.0,,Medicare and Medicaid,N,ML BERMUDA VILLAGE LLC,1992-03-10,,,,,,,,N,,N,N,N,None,Yes,4,,3,,5,,4,,5,,3,,,,3.30029,1.44585,0.40170,1.84755,5.14784,5.15054,0.31417,0.12558,,26,,27,,26,1.32470,0.95186,2.21969,0.81890,0.64662,3.68521,3.26927,3.44299,1.50837,0.41907,5.37043,5.37324,2025-03-20,6,6,0,40,1,0,40,2023-12-15,9,9,1,52,1,0,52,43.000,,3,12184.00,0,3,"142 Bermuda Village Drive,Bermuda Run,NC,27006",35.9965,-80.431,,2026-04-01
345417,Hillside Nursing Center of Wake Forest,968 East Wait Avenue,Wake Forest,NC,27588,9195564082,910,Wake,Y,For profit - Corporation,130,111.3,,Medicare and Medicaid,N,"HILLSIDE NURSING CENTER OF WAKE FOREST, INC.",1992-04-09,,,,,,,,N,,N,N,N,Resident,Yes,5,,5,,3,,2,,4,,3,,,,2.52859,0.84543,0.56621,1.41164,3.94023,3.42845,0.49423,0.11968,43.8,,62.5,,0,,1.39207,1.00028,2.33259,0.86055,0.67950,3.87264,3.43555,2.51025,0.83930,0.56210,3.91165,3.40359,2025-09-05,0,0,0,0,0,0,0,2024-09-06,0,0,0,0,0,0,0,0.000,,0,0.00,0,0,"968 East Wait Avenue,Wake Forest,NC,27588",35.9749,-78.499,,2026-04-01
345418,Swannanoa Valley Health and Rehabilitation,1984 US Highway 70,Swannanoa,NC,28778,8282982214,100,Buncombe,Y,For profit - Limited Liability company,106,100.8,,Medicare and Medicaid,N,ASHEVILLE US SEVENTY NC OPCO LLC,1992-04-23,ASCENT HEALTHCARE MANAGEMENT,799,6,2.3,2.7,2.0,2.0,N,,N,N,N,Both,Yes,4,,4,,3,,5,,2,,3,,,,2.30959,0.64580,0.44620,1.09200,3.40159,3.13842,0.33402,0.04000,51.0,,30.0,,0,,1.22751,0.88203,2.05685,0.75882,0.59918,3.41485,3.02943,2.60021,0.72706,0.50235,3.82962,3.53333,2025-10-06,4,4,0,20,1,0,20,2024-09-18,5,4,5,28,1,0,28,22.000,0,0,0.00,0,0,"1984 US Highway 70,Swannanoa,NC,28778",35.5919,-82.441,,2026-04-01
345419,Lexington Health Care Center,17 Cornelia Drive,Lexington,NC,27292,3362421349,280,Davidson,Y,For profit - Limited Liability company,100,96.4,,Medicare and Medicaid,N,LEXINGTON OPERATOR LLC,1992-04-21,LIFEWORKS REHAB,768,62,2.1,2.1,1.5,4.0,N,,Y,N,N,Resident,Yes,1,,2,,4,,4,,5,,1,,,,2.06180,0.95661,0.38172,1.33833,3.40014,3.08651,0.16881,0.09992,63.3,,50.0,,1,,1.55643,1.11838,2.60799,0.96215,0.75973,4.32988,3.84118,1.83070,0.84938,0.33894,3.01902,2.74055,2025-04-29,15,9,11,64,1,0,64,2024-03-01,13,8,6,40,1,0,40,58.000,,0,0.00,0,0,"17 Cornelia Drive,Lexington,NC,27292",35.8175,-80.241,,2026-04-01
345420,Alamance Health Care Center,1987 Hilton Road,Burlington,NC,27217,3362260848,000,Alamance,Y,For profit - Limited Liability company,180,175.6,,Medicare and Medicaid,N,ALAMANCE OPERATOR LLC,1992-04-23,LIFEWORKS REHAB,768,62,2.1,2.1,1.5,4.0,N,,N,N,N,Both,Yes,3,,2,,5,,5,,3,,2,,,,2.02837,1.06716,0.23909,1.30625,3.33462,3.09259,0.14629,0.08626,50.0,,43.8,,1,,1.33795,0.96139,2.24190,0.82709,0.65309,3.72208,3.30198,2.09511,1.10228,0.24696,3.44434,3.19435,2025-05-01,6,6,6,48,1,0,48,2024-04-23,15,4,12,214,1,0,214,89.500,,2,157560.00,1,3,"1987 Hilton Road,Burlington,NC,27217",36.0997,-79.403,,2026-04-01
345421,The Laurels of Chatham,72 Chatham Business Park,Pittsboro,NC,27312,9195426677,180,Chatham,Y,For profit - Corporation,140,121.1,,Medicare and Medicaid,N,"LAUREL HEALTH CARE COMPANY OF CHATHAM NORTH CAROLINA, INC",1992-04-28,CIENA HEALTHCARE/LAUREL HEALTH CARE,144,84,2.9,2.6,3.2,4.0,N,,N,N,N,Resident,Yes,2,,2,,4,,5,,3,,3,,,,2.59501,1.03550,0.26344,1.29893,3.89395,3.46073,0.10040,0.04927,37.8,,44.4,,0,,1.36988,0.98433,2.29540,0.84683,0.66867,3.81090,3.38078,2.61793,1.04464,0.26576,3.92833,3.49129,2025-07-08,7,7,2,44,1,0,44,2024-04-17,11,9,7,64,1,0,64,49.000,,1,10527.00,0,1,"72 Chatham Business Park,Pittsboro,NC,27312",35.719,-79.162,,2026-04-01
345423,Wilson Rehabilitation and Nursing Center,1705 South Tarboro Street,Wilson,NC,27893,2523998998,970,Wilson,N,For profit - Corporation,90,73.9,,Medicare and Medicaid,N,DLP WILMED NURSING CARE AND REHABILITATION CENTER LLC,1992-05-07,LIFEPOINT HEALTH,787,8,4.0,4.1,3.0,3.1,N,,N,N,N,Resident,Yes,5,,5,,3,,2,,5,,3,,,,2.28696,0.80724,1.02933,1.83656,4.12353,3.26278,0.34509,0.06915,,26,,26,1,,1.30489,0.93763,2.18651,0.80666,0.63695,3.63012,3.22040,2.42206,0.85492,1.09013,4.36711,3.45552,2025-02-13,0,0,0,0,0,0,0,2024-02-22,0,0,0,0,0,0,0,0.000,,0,0.00,0,0,"1705 South Tarboro Street,Wilson,NC,27893",35.7205,-77.91,,2026-04-01
345425,Fair Haven Home Inc,149 Fair Haven Drive,Bostic,NC,28018,8282459095,800,Rutherford,N,For profit - Corporation,30,25.7,,Medicare and Medicaid,N,"FAIR HAVEN HOME, INC.",1992-06-25,,,,,,,,N,,N,N,N,Resident,Yes,5,,5,,4,,3,,5,,4,,,,2.45695,1.56521,0.33428,1.89949,4.35644,4.31684,0.33247,0.20000,37.8,,,27,1,,1.26422,0.90841,2.11836,0.78151,0.61710,3.51697,3.12002,2.68580,1.71100,0.36542,4.76222,4.71893,2025-07-08,1,1,0,4,1,0,4,2024-05-08,1,1,0,8,1,0,8,5.000,,0,0.00,0,0,"149 Fair Haven Drive,Bostic,NC,28018",35.3379,-81.807,,2026-04-01
345426,Valley View Care and Rehabilitation,551 Kent Street,Andrews,NC,28901,8283213075,190,Cherokee,N,For profit - Limited Liability company,76,60.3,,Medicare and Medicaid,N,551 KENT STREET OPCO LLC,1992-10-15,AVARDIS HEALTH,843,33,2.1,2.1,2.4,3.3,N,,N,N,N,Resident,Yes,2,,2,,4,,4,,3,,4,,,,1.87872,0.52074,0.85465,1.37539,3.25411,2.71751,0.34024,0.03610,38.2,,37.5,,0,,1.19476,0.85850,2.00197,0.73858,0.58319,3.32373,2.94859,2.17311,0.60234,0.98857,3.76402,3.14334,2025-03-14,6,6,2,40,1,0,40,2023-11-02,14,14,2,128,1,0,128,62.000,0,2,9770.00,0,2,"551 Kent Street,Andrews,NC,28901",35.1958,-83.839,,2026-04-01
345428,The Laurels of Salisbury,215 Lash Drive,Salisbury,NC,28147,7046371182,790,Rowan,Y,For profit - Corporation,80,55.4,,Medicare and Medicaid,N,"OAK HEALTH CARE INVESTORS OF SALISBURY, INC",1992-11-19,CIENA HEALTHCARE/LAUREL HEALTH CARE,144,84,2.9,2.6,3.2,4.0,N,,N,N,N,Resident,Yes,3,,3,,3,,3,,3,,3,,,,2.09825,0.49248,0.76601,1.25849,3.35674,2.81324,0.28476,0.03698,62.5,,53.8,,1,,1.21564,0.87350,2.03696,0.75148,0.59338,3.38183,3.00013,2.38535,0.55986,0.87082,3.81604,3.19817,2026-02-13,1,1,0,4,1,0,4,2025-01-24,10,4,7,143,1,0,143,38.750,,3,45756.00,0,3,"215 Lash Drive,Salisbury,NC,28147",35.6941,-80.523,,2026-04-01
345429,Peak Resources - Pinelake,801 Pinehurst Avenue,Carthage,NC,28327,9109475155,620,Moore,Y,For profit - Corporation,108,100.7,,Medicare and Medicaid,N,CARTHAGE HEALTHCARE INC.,1992-12-14,"PEAK RESOURCES, INC.",397,9,3.4,3.6,2.4,3.0,N,,N,N,N,Resident,Yes,4,,4,,3,,4,,1,,2,,,,2.01252,0.78513,0.37405,1.15918,3.17170,2.90055,0.26744,0.05994,34.6,,22.2,,0,,1.36121,0.97810,2.28087,0.84147,0.66444,3.78678,3.35938,2.04323,0.79711,0.37976,3.22009,2.94480,2024-08-21,3,2,1,8,1,0,8,2023-11-30,5,5,1,20,0,0,20,11.000,,1,7901.00,0,1,"801 Pinehurst Avenue,Carthage,NC,28327",35.3327,-79.416,,2026-04-01
345431,Bryan Health and Rehab,921 Junior High School Road,Scotland Neck,NC,27874,2528264144,410,Halifax,N,Non profit - Corporation,60,46.2,,Medicare and Medicaid,N,OUR COMMUNITY HOSPITAL INC,1993-03-11,,,,,,,,N,,N,N,N,Resident,Yes,5,,5,,3,,3,,3,,5,,,,2.58079,0.70371,0.76294,1.46664,4.04743,3.72306,0.51431,0.10460,25.5,,0.0,,,26,1.14816,0.82501,1.92388,0.70977,0.56044,3.19409,2.83359,3.10635,0.84701,0.91830,4.87167,4.48124,2025-04-30,2,2,0,8,1,0,8,2024-05-01,0,0,0,0,0,0,0,6.000,,0,0.00,0,0,"921 Junior High School Road,Scotland Neck,NC,27874",36.1303,-77.421,22,2026-04-01
345432,River Bend Health and Rehabilitation,213 Richmond Hill Drive,Asheville,NC,28806,8282549675,100,Buncombe,Y,For profit - Limited Liability company,100,80.5,,Medicare and Medicaid,N,ASHEVILLE HEALTH AND REHABILITATION SNF LLC,1993-02-24,BRIGHTON HEALTHCARE,848,7,1.1,1.3,1.9,2.1,N,,Y,N,N,Resident,Yes,1,,1,,3,,3,,3,,2,,,,1.69468,1.09935,0.53216,1.63152,3.32620,3.03246,0.47722,0.05214,89.7,,85.7,,0,,1.35376,0.97275,2.26840,0.83687,0.66081,3.76608,3.34101,1.72999,1.12226,0.54325,3.39551,3.09565,2025-06-13,27,21,17,224,1,0,224,2024-06-27,25,16,24,144,1,0,144,204.000,,6,152161.00,1,7,"213 Richmond Hill Drive,Asheville,NC,28806",35.6133,-82.584,,2026-04-01
345433,Clay County Health and Rehabilitation,86 Valley Hideaway Drive,Hayesville,NC,28904,8283899941,210,Clay,N,For profit - Limited Liability company,90,80.3,,Medicare and Medicaid,N,86 VALLEY HIDEAWAY DRIVE OPCO LLC,1993-03-30,AVARDIS HEALTH,843,33,2.1,2.1,2.4,3.3,N,,N,N,N,Resident,Yes,4,,4,,3,,3,,4,,3,,,,2.31483,0.45334,0.51624,0.96958,3.28441,2.82961,0.26592,0.01675,49.4,,60.0,,2,,1.13002,0.81198,1.89349,0.69856,0.55159,3.14364,2.78883,2.83095,0.55442,0.63134,4.01671,3.46050,2025-02-27,3,3,0,16,1,0,16,2023-10-26,3,3,0,24,1,0,24,18.000,,0,0.00,0,0,"86 Valley Hideaway Drive,Hayesville,NC,28904",35.0423,-83.809,,2026-04-01
345434,Carver Living Center,303 East Carver Street,Durham,NC,27704,9194713558,310,Durham,Y,For profit - Limited Liability company,232,180.3,,Medicare and Medicaid,N,CARVER HEALTHCARE LLC,1993-04-12,CCH HEALTHCARE,124,32,2.5,2.4,2.4,3.8,N,SFF Candidate,Y,N,N,Resident,Yes,1,,1,,2,,3,,2,,2,,,,2.04997,0.94256,0.46523,1.40779,3.45776,3.07488,0.39503,0.03018,,26,,26,1,,1.18726,0.85311,1.98941,0.73394,0.57953,3.30288,2.93010,2.38616,1.09714,0.54153,4.02483,3.57915,2025-02-07,20,13,13,238,1,0,238,2023-12-01,22,11,11,279,1,0,279,248.250,1,4,128554.00,1,5,"303 East Carver Street,Durham,NC,27704",36.0414,-78.895,,2026-04-01
345436,Wellington Rehabilitation and Healthcare,1000 Tandal Place,Knightdale,NC,27545,9192667744,910,Wake,Y,For profit - Corporation,80,72.6,,Medicare and Medicaid,N,1000 TANDALL PLACE OPCO LLC,1993-04-27,AVARDIS HEALTH,843,33,2.1,2.1,2.4,3.3,N,,N,N,N,Resident,Yes,2,,2,,2,,3,,2,,2,,,,1.94807,1.05756,0.29030,1.34785,3.29592,3.01001,0.12055,0.06705,36.5,,28.6,,1,,1.44682,1.03961,2.42432,0.89439,0.70623,4.02494,3.57066,1.86076,1.01016,0.27729,3.14821,2.87511,2025-11-18,10,10,1,40,1,0,40,2024-09-04,14,7,10,96,1,0,96,54.000,,1,15642.00,0,1,"1000 Tandal Place,Knightdale,NC,27545",35.7877,-78.483,22,2026-04-01
345437,Eckerd Living Center,250 Hospital Drive,Highlands,NC,28741,8285261315,560,Macon,N,For profit - Corporation,80,45.0,,Medicare and Medicaid,N,MH ECKERD LIVING CENTER LLLP,1993-04-28,HCA HEALTHCARE,701,3,5.0,4.0,5.0,3.5,N,,N,N,N,Both,Yes,5,,4,,4,,3,,5,,5,,,,2.65881,0.71568,1.10485,1.82052,4.47933,3.70645,0.61827,0.33405,38.5,,8.3,,0,,1.17443,0.84389,1.96790,0.72601,0.57327,3.26717,2.89842,3.12868,0.84215,1.30010,5.27092,4.36145,2025-02-19,2,2,0,24,1,0,24,2023-09-28,1,1,0,16,1,0,16,22.000,,0,0.00,0,0,"250 Hospital Drive,Highlands,NC,28741",35.0865,-83.185,,2026-04-01
345438,The Laurels of Summit Ridge,100 Riceville Road,Asheville,NC,28805,8282991110,100,Buncombe,Y,For profit - Corporation,68,59.8,,Medicare and Medicaid,N,"THE LAURELS OF SUMMIT INN, INC",1993-06-23,CIENA HEALTHCARE/LAUREL HEALTH CARE,144,84,2.9,2.6,3.2,4.0,N,,N,N,N,Resident,Yes,3,,2,,5,,5,,5,,4,,,,2.52846,0.65375,1.10929,1.76304,4.29149,3.61971,0.67178,0.07092,41.3,,33.3,,1,,1.44154,1.03582,2.41548,0.89113,0.70365,4.01026,3.55763,2.42398,0.62674,1.06345,4.11417,3.47014,2025-05-15,7,6,4,52,1,0,52,2024-03-21,8,8,0,52,1,0,52,52.000,,0,0.00,0,0,"100 Riceville Road,Asheville,NC,28805",35.5903,-82.486,,2026-04-01
345439,"Peak Resources - Brookshire, Inc",300 Meadowlands Drive,Hillsborough,NC,27278,9196446714,670,Orange,Y,For profit - Corporation,80,75.2,,Medicare and Medicaid,N,PEAK RESOURCES - BROOKSHIRE INC,1993-06-23,"PEAK RESOURCES, INC.",397,9,3.4,3.6,2.4,3.0,N,,N,N,N,Resident,Yes,3,,3,,4,,4,,4,,3,,,,1.93297,1.03441,0.53288,1.56729,3.50026,3.27211,0.30612,0.07143,43.2,,23.1,,0,,1.38669,0.99641,2.32357,0.85722,0.67688,3.85766,3.42226,1.92640,1.03089,0.53107,3.48836,3.26099,2025-02-28,7,7,0,28,1,0,28,2023-10-27,5,4,2,28,1,0,28,28.000,,0,0.00,0,0,"300 Meadowlands Drive,Hillsborough,NC,27278",36.0746,-79.078,22,2026-04-01
345441,Gastonia Health & Rehab Center,1770 Oak Hollow Road,Gastonia,NC,28054,7048538175,350,Gaston,Y,For profit - Limited Liability company,60,53.7,,Medicare and Medicaid,N,GASTONIA HEALTH & REHAB CENTER LLC,1993-07-07,SABER HEALTHCARE GROUP,461,126,3.0,2.7,2.3,4.0,N,,N,N,N,Both,Yes,1,,2,,3,,5,,1,,1,,,,1.96167,1.23364,0.52212,1.75576,3.71743,3.35796,0.19775,0.09113,83.3,,90.9,,2,,1.39685,1.00371,2.34059,0.86350,0.68184,3.88593,3.44734,1.94078,1.22051,0.51656,3.67784,3.32220,2025-12-18,4,2,2,36,1,0,36,2024-10-24,9,3,7,92,1,0,92,50.000,,3,63047.00,1,4,"1770 Oak Hollow Road,Gastonia,NC,28054",35.2873,-81.158,,2026-04-01
345442,Forrest Oakes Healthcare,620 Heathwood Drive,Albemarle,NC,28001,7049832686,830,Stanly,Y,For profit - Corporation,60,54.0,,Medicare and Medicaid,N,620 HEATHWOOD DRIVE OPCO LLC,1993-08-18,AVARDIS HEALTH,843,33,2.1,2.1,2.4,3.3,N,,N,N,N,Resident,Yes,1,,1,,4,,5,,3,,2,,,,2.06725,0.61388,0.36839,0.98227,3.04953,2.72135,0.17122,0.07233,50.0,,42.9,,2,,1.23038,0.88409,2.06165,0.76059,0.60058,3.42282,3.03650,2.32197,0.68952,0.41378,3.42527,3.05665,2025-02-06,11,11,6,68,2,34,102,2023-11-02,14,13,5,76,1,0,76,95.500,0,1,5242.00,0,1,"620 Heathwood Drive,Albemarle,NC,28001",35.3546,-80.16,,2026-04-01
345443,Oak Forest Health and Rehabilitation,5680 Windy Hill Drive,Winston Salem,NC,27105,3367765000,330,Forsyth,Y,For profit - Corporation,170,156.3,,Medicare and Medicaid,N,LIBERTY HEALTHCARE GROUP LLC,1993-07-28,LIBERTY SENIOR LIVING,310,37,2.6,2.9,2.1,3.0,N,,N,N,N,Resident,Yes,1,,2,,1,,2,,1,,1,,,,2.08843,1.22705,0.36634,1.59339,3.68181,3.30594,0.27941,0.06599,60.1,,60.0,,2,,1.60789,1.15535,2.69422,0.99396,0.78485,4.47303,3.96818,1.79499,1.05464,0.31487,3.16450,2.84144,2025-06-12,9,9,5,52,1,0,52,2024-02-15,15,7,10,128,1,0,128,71.000,1,4,43002.00,0,4,"5680 Windy Hill Drive,Winston Salem,NC,27105",36.1955,-80.261,,2026-04-01
345445,Glenaire,4000 Glenaire Circle,Cary,NC,27511,9194608095,910,Wake,Y,Non profit - Corporation,71,66.8,,Medicare and Medicaid,N,"GLENAIRE, INC.",1993-09-24,,,,,,,,Y,,N,N,N,Resident,Yes,5,,4,,5,,4,,5,,5,,,,3.71522,1.30965,0.70755,2.01719,5.73242,5.03818,0.42549,0.07882,40.7,,35.7,,0,,1.16043,0.83383,1.94444,0.71735,0.56643,3.22822,2.86386,4.42453,1.55968,0.84263,6.82685,6.00007,2025-12-31,4,4,0,24,1,0,24,2024-10-23,0,0,0,0,0,0,0,18.000,,0,0.00,0,0,"4000 Glenaire Circle,Cary,NC,27511",35.7754,-78.785,,2026-04-01
345446,College Pines Health and Rehabilitation,95 Locust Street,Connelly Springs,NC,28612,8285806800,110,Burke,Y,For profit - Limited Liability company,100,93.7,,Medicare and Medicaid,N,COLLEGE PINES REHABILITATION AND SKILLED NURSING CENTER LLC,1993-10-13,SANSTONE HEALTH & REHABILITATION,465,17,4.1,3.6,2.8,4.5,N,,N,N,N,Resident,Yes,5,,4,,5,,5,,5,,4,,,,2.83202,0.94499,0.56200,1.50699,4.33902,3.62460,0.58102,0.06047,29.1,,40.0,,0,,1.36379,0.97996,2.28520,0.84307,0.66570,3.79397,3.36576,2.86978,0.95759,0.56949,4.39687,3.67293,2025-03-13,0,0,0,0,0,0,0,2023-11-30,4,1,3,48,1,0,48,12.000,0,2,16801.00,0,2,"95 Locust Street,Connelly Springs,NC,28612",35.7457,-81.52,,2026-04-01
345447,Emerald Ridge Health and Rehabilitation,25 Reynolds Mountain Boulevard,Asheville,NC,28804,8286456619,100,Buncombe,Y,For profit - Corporation,100,88.9,,Medicare and Medicaid,N,25 REYNOLDS MOUNTAIN BOULEVARD OPCO LLC,1993-09-20,AVARDIS HEALTH,843,33,2.1,2.1,2.4,3.3,N,,N,N,N,Resident,Yes,2,,2,,3,,3,,3,,4,,,,1.99921,0.53147,0.57031,1.10178,3.10099,2.71820,0.42014,0.04930,41.0,,38.5,,0,,1.11348,0.80010,1.86578,0.68833,0.54352,3.09763,2.74801,2.48127,0.65962,0.70783,3.84872,3.37363,2025-03-06,10,9,3,60,1,0,60,2023-10-26,12,12,4,56,1,0,56,59.000,,1,10868.00,0,1,"25 Reynolds Mountain Boulevard,Asheville,NC,28804",35.646,-82.579,,2026-04-01
345448,Maple Grove Health and Rehabilitation Center,308 West Meadowview Road,Greensboro,NC,27406,3362300534,400,Guilford,Y,For profit - Limited Liability company,210,107.0,,Medicare and Medicaid,N,"SNOWSHOE LTC GROUP, LLC",1993-10-08,PRINCIPLE LONG TERM CARE,423,44,3.1,3.0,3.0,3.4,N,,N,N,N,Resident,Yes,5,,4,,5,,5,,,2,4,,,,2.58997,0.41687,0.74169,1.15856,3.74853,3.30673,0.58708,0.08774,47.1,,42.9,,2,,1.19960,0.86198,2.01008,0.74157,0.58555,3.33720,2.96055,2.98372,0.48025,0.85444,4.31841,3.80945,2025-06-05,2,0,2,8,0,0,8,2024-03-06,7,5,4,40,1,0,40,16.000,,1,50310.00,0,1,"308 West Meadowview Road,Greensboro,NC,27406",36.0394,-79.797,,2026-04-01
345449,King Health and Rehabilitation Center,115 White Road,King,NC,27021,3369836505,840,Stokes,Y,For profit - Limited Liability company,96,91.3,,Medicare and Medicaid,N,"UNIVERSAL HEALTH CARE / KING, INC",1993-11-11,LIFEWORKS REHAB,768,62,2.1,2.1,1.5,4.0,N,,N,N,N,Resident,Yes,2,,3,,4,,4,,3,,1,,,,1.97764,0.71969,0.32980,1.04949,3.02713,2.73986,0.31372,0.10844,62.4,,25.0,,0,,1.60478,1.15312,2.68901,0.99204,0.78333,4.46439,3.96051,1.70306,0.61977,0.28401,2.60684,2.35945,2025-04-16,7,7,1,32,1,0,32,2024-01-24,4,2,2,12,1,0,12,27.000,0,0,0.00,0,0,"115 White Road,King,NC,27021",36.285,-80.371,,2026-04-01
345450,Westwood Health and Rehabilitation,625 Ashland Street,Archdale,NC,27263,3364342902,750,Randolph,Y,For profit - Corporation,68,62.9,,Medicare and Medicaid,N,625 ASHLAND STREET OPCO LLC,1993-12-13,AVARDIS HEALTH,843,33,2.1,2.1,2.4,3.3,N,,N,N,N,Resident,Yes,3,,3,,5,,5,,5,,1,,,,2.35952,0.70216,0.34553,1.04769,3.40722,3.13411,0.29144,0.06698,75.4,,87.5,,1,,1.35414,0.97302,2.26902,0.83710,0.66099,3.76711,3.34193,2.40803,0.71660,0.35264,3.47726,3.19854,2024-11-21,13,9,9,44,1,0,44,2023-08-16,6,4,3,32,1,0,32,41.000,,1,15642.00,0,1,"625 Ashland Street,Archdale,NC,27263",35.9175,-79.957,,2026-04-01
345457,Belaire Health Care Center,2065 Lyon Street,Gastonia,NC,28052,7048677300,350,Gaston,Y,For profit - Limited Liability company,80,75.7,,Medicare and Medicaid,N,BELAIRE OPERATOR LLC,1994-05-13,LIFEWORKS REHAB,768,62,2.1,2.1,1.5,4.0,N,,N,N,N,Resident,Yes,2,,2,,4,,3,,4,,2,,,,1.72054,1.31684,0.43560,1.75244,3.47298,3.18260,0.27073,0.29230,42.7,,42.9,,0,,1.56561,1.12497,2.62338,0.96783,0.76421,4.35542,3.86384,1.51873,1.16238,0.38450,3.06562,2.80930,2025-07-30,7,5,4,64,1,0,64,2024-05-09,3,1,2,129,1,0,129,80.250,0,2,202719.00,0,2,"2065 Lyon Street,Gastonia,NC,28052",35.2332,-81.205,,2026-04-01
345458,Treyburn Rehabilitation Center,2059 Torredge Road,Durham,NC,27712,9194774474,310,Durham,Y,For profit - Limited Liability company,132,101.2,,Medicare and Medicaid,N,TREYBURN REHABILITATION CENTER LLC,1994-05-16,SOVEREIGN HEALTHCARE HOLDINGS,482,43,3.7,3.2,3.0,4.5,N,,N,N,N,Resident,Yes,3,,2,,5,,4,,5,,2,,,,2.13151,0.98439,0.51416,1.49855,3.63006,3.26168,0.33359,0.09748,73.1,,76.9,,2,,1.30452,0.93737,2.18589,0.80643,0.63677,3.62909,3.21948,2.25807,1.04284,0.54468,3.84559,3.45533,2025-03-20,0,0,0,0,0,0,0,2024-02-29,13,6,10,197,1,0,197,49.250,,1,124534.00,0,1,"2059 Torredge Road,Durham,NC,27712",36.0983,-78.868,,2026-04-01
345459,Willowbrooke Court SC Ctr at Tryon Estates,619 Laurel Lake Drive,Columbus,NC,28722,8288945500,740,Polk,N,Non profit - Corporation,16,9.7,,Medicare,N,ACTS RETIREMENT-LIFE COMMUNITIES INC,1994-06-03,ACTS RETIREMENT-LIFE COMMUNITIES,9,27,4.7,4.3,4.8,4.4,Y,,N,N,N,Resident,Yes,5,,5,,4,,,2,4,,5,,,,2.32558,0.45195,1.49588,1.94783,4.27341,3.77189,1.09661,0.28233,,27,,27,,27,1.25649,0.90285,2.10541,0.77674,0.61332,3.49547,3.10095,2.55783,0.49708,1.64527,4.70019,4.14858,2025-12-17,0,0,0,0,0,0,0,2024-11-20,1,1,0,8,1,0,8,2.000,,0,0.00,0,0,"619 Laurel Lake Drive,Columbus,NC,28722",35.2356,-82.201,,2026-04-01
345460,Guilford Health Care Center,2041 Willow Road,Greensboro,NC,27406,3362729700,400,Guilford,Y,For profit - Corporation,110,108.4,,Medicare and Medicaid,N,GUILFORD OPERATOR LLC,1994-06-24,LIFEWORKS REHAB,768,62,2.1,2.1,1.5,4.0,N,,N,N,N,Resident,Yes,1,,2,,4,,4,,3,,1,,,,1.98667,1.10497,0.27027,1.37524,3.36191,3.13522,0.15370,0.14736,57.1,,64.3,,1,,1.55593,1.11802,2.60715,0.96184,0.75949,4.32848,3.83994,1.76456,0.98143,0.24006,2.98605,2.78470,2025-04-17,14,14,5,80,1,0,80,2024-01-24,9,7,2,72,1,0,72,78.000,0,0,0.00,0,0,"2041 Willow Road,Greensboro,NC,27406",36.0403,-79.762,,2026-04-01
345462,The Oaks-Brevard,300 Morris Road,Brevard,NC,28712,8288774020,870,Transylvania,N,For profit - Limited Liability company,110,77.1,,Medicare and Medicaid,N,"THE OAKS -BREVARD, LLC",1994-07-21,PRUITTHEALTH,434,96,2.9,2.8,2.4,3.7,N,,N,N,N,Resident,Yes,3,,2,,4,,3,,5,,5,,,,1.99640,0.39590,1.13645,1.53234,3.52874,3.00643,0.78606,0.09834,28.8,,13.3,,1,,1.21910,0.87599,2.04275,0.75362,0.59507,3.39144,3.00866,2.26313,0.44879,1.28828,4.00019,3.40810,2026-03-05,4,4,0,20,0,0,20,2024-12-18,23,9,16,124,1,0,124,46.000,,1,6936.00,0,1,"300 Morris Road,Brevard,NC,28712",35.2617,-82.712,,2026-04-01
345463,Life Care Center of Hendersonville,400 Thompson Street,Hendersonville,NC,28792,8286974348,440,Henderson,Y,For profit - Limited Liability company,80,68.7,,Medicare and Medicaid,N,"HENDERSONVILLE MEDICAL INVESTORS, LLC",1994-07-19,LIFE CARE CENTERS OF AMERICA,311,194,3.5,2.9,3.3,4.5,N,,N,N,N,Both,Yes,3,,2,,5,,5,,5,,2,,,,1.45786,1.14523,0.78364,1.92887,3.38673,2.90128,0.34688,0.17543,60.0,,66.7,,1,,1.47056,1.05667,2.46410,0.90907,0.71781,4.09099,3.62925,1.37004,1.07624,0.73644,3.18272,2.72651,2025-08-27,5,5,0,32,1,0,32,2024-07-19,16,10,10,104,2,52,156,63.000,,2,40986.00,1,3,"400 Thompson Street,Hendersonville,NC,28792",35.3414,-82.447,,2026-04-01
345464,Oak Grove Healthcare,518 Old US 221 Highway,Rutherfordton,NC,28139,8282877655,800,Rutherford,N,For profit - Corporation,60,57.6,,Medicare and Medicaid,N,518 OLD US HIGHWAY 221 OPCO LLC,1994-09-08,AVARDIS HEALTH,843,33,2.1,2.1,2.4,3.3,N,,N,N,N,Resident,Yes,4,,5,,3,,4,,2,,1,24,,,1.70669,0.80722,0.35965,1.16687,2.87356,2.41772,0.14338,0.08579,52.3,,77.8,,1,,1.25955,0.90505,2.11053,0.77863,0.61482,3.50398,3.10849,1.87257,0.88568,0.39461,3.15286,2.65271,2025-12-03,1,1,0,0,0,0,0,2024-09-06,2,2,1,8,1,0,8,2.000,0,0,0.00,0,0,"518 Old US 221 Highway,Rutherfordton,NC,28139",35.3782,-81.978,22,2026-04-01
345465,Bayview Nursing & Rehabilitation Center,3003 Kensington Park Drive,New Bern,NC,28560,2526381818,240,Craven,N,For profit - Corporation,60,58.3,,Medicare and Medicaid,N,"CENTURY CARE OF NEW BERN, INC.",1994-10-11,CENTURY CARE MANAGEMENT,131,7,4.1,4.1,2.9,3.6,N,,N,N,N,Resident,Yes,4,,4,,4,,4,,5,,3,,,,3.06694,1.06746,0.36784,1.43530,4.50224,3.78161,0.48472,0.14502,40.0,,50.0,,0,,1.41703,1.01821,2.37442,0.87598,0.69169,3.94209,3.49716,2.99106,1.04105,0.35874,4.39084,3.68804,2025-11-20,2,2,0,8,1,0,8,2024-08-22,0,0,0,0,0,0,0,6.000,,0,0.00,0,0,"3003 Kensington Park Drive,New Bern,NC,28560",35.1406,-77.102,,2026-04-01
345466,Willowbrook Rehabilitation and Care,333 East Lee Street,Yadkinville,NC,27055,3366798028,980,Yadkin,Y,For profit - Partnership,76,72.6,,Medicare and Medicaid,N,333 EAST LEE AVENUE OPCO LLC,1994-10-31,AVARDIS HEALTH,843,33,2.1,2.1,2.4,3.3,N,,N,N,N,Resident,Yes,4,,4,,3,,2,,4,,2,,,,1.97755,0.73438,0.36213,1.09651,3.07405,2.79527,0.18547,0.04190,37.5,,72.7,,2,,1.16976,0.84053,1.96007,0.72312,0.57099,3.25418,2.88689,2.33632,0.86761,0.42782,3.63175,3.30239,2025-09-12,2,2,0,8,1,0,8,2024-07-24,0,0,0,0,0,0,0,6.000,,0,0.00,0,0,"333 East Lee Street,Yadkinville,NC,27055",36.1255,-80.655,,2026-04-01
345467,NOVANT HEALTH PRESBYTERIAN MEDICAL CENTER-SNU,200 HAWTHORNE LANE,CHARLOTTE,NC,28207,7043844000,590,Mecklenburg,Y,Non profit - Corporation,12,10.0,,Medicare and Medicaid,Y,THE PRESBYTERIAN HOSPITAL,1994-10-31,,,,,,,,N,,N,N,N,Resident,Yes,5,,5,,5,,,2,5,,5,,,,2.78690,1.57657,2.06290,3.63947,6.42637,6.04647,2.01008,0.00000,57.1,,,27,,26,1.32809,0.95430,2.22538,0.82100,0.64827,3.69465,3.27765,2.89998,1.64053,2.14660,6.68711,6.29179,2025-08-27,0,0,0,0,0,0,0,2024-08-15,3,3,0,16,1,0,16,4.000,,0,0.00,0,0,"200 HAWTHORNE LANE,CHARLOTTE,NC,28207",35.2129,-80.826,,2026-04-01
345468,Liberty Commons Rehabilitation Center,121 Racine Drive,Wilmington,NC,28403,9104524070,640,New Hanover,Y,For profit - Corporation,82,77.4,,Medicare and Medicaid,N,LIBERTY COMMONS NURSING CENTER INC,1994-11-18,LIBERTY SENIOR LIVING,310,37,2.6,2.9,2.1,3.0,N,,N,N,N,Resident,Yes,2,,2,,4,,4,,5,,3,,,,1.93064,0.93251,0.48392,1.41642,3.34706,3.00284,0.31722,0.06335,58.4,,50.0,,0,,1.21950,0.87627,2.04342,0.75387,0.59527,3.39255,3.00965,2.18786,1.05674,0.54839,3.79299,3.40292,2026-03-18,3,3,0,44,0,0,44,2025-01-22,8,3,8,68,1,0,68,50.000,,2,20988.00,1,3,"121 Racine Drive,Wilmington,NC,28403",34.2423,-77.862,,2026-04-01
345471,Mecklenburg Heath and Rehabilitation,2415 Sandy Porter Road,Charlotte,NC,28273,7045830430,590,Mecklenburg,Y,For profit - Limited Liability company,100,91.6,,Medicare and Medicaid,N,MECKLENBURG HEALTH AND REHABILITATION LLC,1995-03-21,SANSTONE HEALTH & REHABILITATION,465,17,4.1,3.6,2.8,4.5,N,,N,N,N,Resident,Yes,5,,4,,5,,5,,4,,2,,,,2.14335,1.02825,0.33924,1.36749,3.51084,3.05170,0.22086,0.06880,53.1,,66.7,,0,,1.31638,0.94589,2.20577,0.81376,0.64256,3.66209,3.24876,2.25014,1.07948,0.35615,3.68576,3.20375,2025-08-21,6,4,3,24,1,0,24,2024-06-06,2,0,2,8,0,0,8,20.000,0,1,4475.00,0,1,"2415 Sandy Porter Road,Charlotte,NC,28273",35.1361,-80.941,,2026-04-01
345472,Southwood Nursing and Retirement,180 Southwood Drive,Clinton,NC,28328,9105928165,810,Sampson,N,For profit - Corporation,100,87.8,,Medicare and Medicaid,N,LIBERTY HEALTHCARE GROUP LLC,1995-04-17,LIBERTY SENIOR LIVING,310,37,2.6,2.9,2.1,3.0,N,,N,N,N,Resident,Yes,3,,4,,4,,5,,3,,1,,,,2.13681,0.82167,0.18420,1.00587,3.14268,2.94369,0.12932,0.03320,61.0,,66.7,,0,,1.36708,0.98232,2.29071,0.84510,0.66730,3.80311,3.37387,2.16009,0.83062,0.18621,3.17692,2.97577,2025-01-24,2,2,0,8,1,0,8,2024-01-04,4,1,4,48,1,0,48,18.000,,2,8512.00,0,2,"180 Southwood Drive,Clinton,NC,28328",34.9809,-78.308,,2026-04-01
345473,Wilora Lake Healthcare,6001 Wilora Lake Road,Charlotte,NC,28212,7045632922,590,Mecklenburg,Y,For profit - Corporation,70,59.8,,Medicare and Medicaid,N,6001 WILORA LAKE ROAD OPCO LLC,1995-09-26,AVARDIS HEALTH,843,33,2.1,2.1,2.4,3.3,N,,N,N,N,Resident,Yes,2,,3,,4,,5,,4,,1,,,,1.85639,0.88137,0.49728,1.37865,3.23504,2.84676,0.31230,0.09644,68.1,,73.3,,3,,1.31416,0.94430,2.20205,0.81239,0.64148,3.65591,3.24328,1.95218,0.92685,0.52294,3.40197,2.99365,2025-02-20,10,10,8,40,1,0,40,2023-11-09,0,0,0,0,0,0,0,30.000,,0,0.00,0,0,"6001 Wilora Lake Road,Charlotte,NC,28212",35.2106,-80.747,,2026-04-01
345475,Tsali Care Center,267 Tsali Care Way,Cherokee,NC,28719,8284975048,860,Swain,N,Non profit - Corporation,100,71.1,,Medicare and Medicaid,N,CHEROKEE INDIAN HOSPITAL AUTHORITY,1996-04-18,,,,,,,,N,SFF Candidate,N,N,N,Resident,Yes,2,,1,,2,,2,,2,,5,,,,3.93810,0.55971,1.25544,1.81515,5.75324,5.19594,0.97234,0.01520,45.3,,46.7,,2,,1.18466,0.85124,1.98505,0.73233,0.57826,3.29565,2.92368,4.59400,0.65293,1.46453,6.71147,6.06134,2025-08-01,33,26,9,204,2,102,306,2024-08-22,32,18,14,256,1,0,256,293.500,,9,205165.00,2,11,"267 Tsali Care Way,Cherokee,NC,28719",35.4745,-83.341,22,2026-04-01
345477,Biltmore Haven Nursing and Rehabilitation,3864 Sweeten Creek Road,Arden,NC,28704,8286810904,100,Buncombe,Y,For profit - Limited Liability company,100,75.2,,Medicare and Medicaid,N,3864 SWEETEN CREEK ROAD OPCO LLC,1996-07-02,AVARDIS HEALTH,843,33,2.1,2.1,2.4,3.3,N,SFF Candidate,N,N,N,Resident,Yes,1,,1,,2,,3,,2,,2,,,,2.13731,0.28159,0.64624,0.92783,3.06514,2.78142,0.49627,0.04025,69.6,,75.0,,4,,1.20830,0.86823,2.02465,0.74694,0.58980,3.36140,2.98201,2.44452,0.32206,0.73913,3.50571,3.18121,2025-05-01,17,17,5,92,1,0,92,2024-01-16,26,14,23,506,2,253,759,258.750,,2,172134.00,1,3,"3864 Sweeten Creek Road,Arden,NC,28704",35.4684,-82.514,,2026-04-01
345478,Harnett Woods Nursing and Rehabilitation Center,604 Lucas Road,Dunn,NC,28334,9108914600,420,Harnett,N,For profit - Limited Liability company,100,87.4,,Medicare and Medicaid,N,"REDWOOD LTC GROUP, LLC",1996-09-26,PRINCIPLE LONG TERM CARE,423,44,3.1,3.0,3.0,3.4,N,,N,N,N,Resident,Yes,4,,4,,4,,5,,4,,4,,,,2.13958,1.05164,0.41899,1.47064,3.61022,3.30988,0.21206,0.04943,42.0,,12.5,,1,,1.22495,0.88019,2.05255,0.75724,0.59793,3.40772,3.02310,2.41385,1.18645,0.47270,4.07300,3.73417,2025-07-10,2,2,0,4,0,0,4,2024-05-31,5,3,2,20,1,0,20,8.000,,0,0.00,0,0,"604 Lucas Road,Dunn,NC,28334",35.3137,-78.649,,2026-04-01
345479,Salemtowne,1550 Babcock Drive,Winston-Salem,NC,27106,3367678130,330,Forsyth,Y,Non profit - Corporation,100,92.8,,Medicare and Medicaid,N,MORAVIAN HOME INCORPORATED,1996-10-15,,,,,,,,Y,,N,N,N,Both,Yes,4,,4,,4,,2,,5,,4,,,,3.89961,1.41750,0.37923,1.79673,5.69634,5.49392,0.19846,0.07143,41.3,,61.5,,0,,1.24162,0.89217,2.08048,0.76754,0.60606,3.45409,3.06424,4.34043,1.57774,0.42210,6.34027,6.11497,2025-12-19,2,1,1,8,1,0,8,2024-09-12,2,1,1,20,1,0,20,11.000,,0,0.00,0,0,"1550 Babcock Drive,Winston-Salem,NC,27106",36.1496,-80.323,22,2026-04-01
345481,Woodlands Nursing & Rehabilitation Center,400 Pelt Drive,Fayetteville,NC,28301,9108220515,250,Cumberland,Y,For profit - Corporation,80,75.6,,Medicare and Medicaid,N,LIBERTY HEALTHCARE GROUP LLC,1997-02-27,LIBERTY SENIOR LIVING,310,37,2.6,2.9,2.1,3.0,N,,N,N,N,Resident,Yes,4,,4,,3,,4,,2,,3,,,,2.84041,0.84083,0.36062,1.20145,4.04186,3.82627,0.19803,0.02924,59.0,,37.5,,1,,1.33308,0.95789,2.23374,0.82408,0.65071,3.70853,3.28996,2.94459,0.87167,0.37385,4.19011,3.96661,2025-08-08,2,2,0,8,1,0,8,2024-05-07,5,4,5,28,1,0,28,13.000,,1,4709.00,0,1,"400 Pelt Drive,Fayetteville,NC,28301",35.0879,-78.913,,2026-04-01
345482,Brookdale Carriage Club Providence,5804 Old Providence Road,Charlotte,NC,28226,7043658551,590,Mecklenburg,Y,For profit - Corporation,14,6.9,,Medicare,N,ARCLP-CHARLOTTE LLC,1997-04-03,BROOKDALE SENIOR LIVING,93,14,3.4,2.7,4.1,4.4,Y,,N,N,N,Resident,Yes,4,,3,,5,,,2,5,,4,,,,4.72911,1.85042,3.75829,5.60872,10.33782,8.28481,2.22541,0.51858,,26,,26,,26,1.18383,0.85065,1.98366,0.73182,0.57786,3.29334,2.92163,5.52063,2.16013,4.38733,12.06809,9.67145,2025-04-07,3,3,1,16,1,0,16,2024-02-21,7,7,0,52,1,0,52,25.000,,0,0.00,0,0,"5804 Old Providence Road,Charlotte,NC,28226",35.1344,-80.785,,2026-04-01
345483,Shaire Nursing Center,1450 Shaire Center Drive,Lenoir,NC,28645,8287284673,130,Caldwell,Y,For profit - Corporation,60,48.9,,Medicare and Medicaid,N,SHAIRE NURSING CENTER,1997-06-16,,,,,,,,N,,N,N,N,Both,Yes,5,,4,,4,,3,,5,,5,,,,2.83846,1.09024,0.77595,1.86619,4.70466,3.94707,0.45123,0.02000,34.9,,11.1,,,26,1.20352,0.86479,2.01665,0.74399,0.58747,3.34811,2.97022,3.25934,1.25190,0.89100,5.40224,4.53232,2025-08-13,6,5,1,24,1,0,24,2024-07-03,2,2,0,8,1,0,8,20.000,,0,0.00,0,0,"1450 Shaire Center Drive,Lenoir,NC,28645",35.8558,-81.535,,2026-04-01
345484,TRANSYLVANIA REGIONAL HOSPITAL,260 HOSPITAL DRIVE,BREVARD,NC,28712,8288835156,870,Transylvania,N,For profit - Corporation,10,5.9,,Medicare and Medicaid,Y,"MH TRANSYLVANIA REGIONAL HOSPITAL, LLLP",1997-05-29,HCA HEALTHCARE,701,3,5.0,4.0,5.0,3.5,N,,N,N,N,None,Yes,5,,4,,3,,,2,3,,5,,,,4.02022,0.77941,3.71691,4.49632,8.51654,8.08710,3.54194,0.36673,23.1,,20.0,,,26,1.54685,1.11150,2.59194,0.95623,0.75506,4.30323,3.81754,3.59171,0.69633,3.32073,7.60877,7.22509,2025-11-25,2,2,0,12,1,0,12,2024-09-25,2,2,0,24,1,0,24,15.000,,2,12415.00,0,2,"260 HOSPITAL DRIVE,BREVARD,NC,28712",35.2564,-82.712,,2026-04-01
345487,Cherry Point Bay Nursing and Rehabilitation Center,110 McCotter Boulevard,Havelock,NC,28532,2524444631,240,Craven,N,For profit - Limited Liability company,70,61.7,,Medicare and Medicaid,N,"RIVER NEUSE GROUP, LLC",1998-03-13,PRINCIPLE LONG TERM CARE,423,44,3.1,3.0,3.0,3.4,N,,N,N,N,Resident,Yes,2,,2,,3,,4,,3,,2,,,,2.42152,0.50493,0.65846,1.16339,3.58491,3.23653,0.46599,0.07446,77.8,,66.7,,2,,1.35881,0.97637,2.27685,0.83999,0.66327,3.78010,3.35346,2.46280,0.51354,0.66968,3.64603,3.29171,2025-07-02,0,0,0,0,0,0,0,2024-07-11,8,2,6,215,1,0,215,53.750,,2,181643.00,0,2,"110 McCotter Boulevard,Havelock,NC,28532",34.8797,-76.886,,2026-04-01
345489,Rockwell Park Rehabilitation and Healthcare Center,1930 West Sugar Creek Road,Charlotte,NC,28262,7045984480,590,Mecklenburg,Y,For profit - Limited Liability company,120,85.6,,Medicare and Medicaid,N,SATURN OPERATOR LLC,1998-11-05,YAD HEALTHCARE,640,13,1.7,2.2,1.5,2.9,N,SFF,N,N,N,Resident,Yes,,18,,18,,18,,18,,18,,18,,,2.16475,0.93097,0.48794,1.41891,3.58366,3.13096,0.23415,0.09807,69.6,,63.6,,1,,1.26356,0.90794,2.11726,0.78111,0.61678,3.51514,3.11840,2.36761,1.01821,0.53366,3.91949,3.42436,2025-11-20,7,4,3,135,1,0,135,2025-05-23,22,6,16,341,1,0,341,186.500,,5,228845.00,1,6,"1930 West Sugar Creek Road,Charlotte,NC,28262",35.2896,-80.796,,2026-04-01
345490,Ayden Court Nursing and Rehabilitation Center,128 Snow Hill Road,Ayden,NC,28513,2527468223,730,Pitt,Y,For profit - Limited Liability company,82,75.4,,Medicare and Medicaid,N,"RIVER NEUSE GROUP, LLC",1999-02-05,PRINCIPLE LONG TERM CARE,423,44,3.1,3.0,3.0,3.4,N,,N,N,N,Resident,Yes,3,,3,,3,,5,,1,,2,,,,2.06099,0.59688,0.57994,1.17682,3.23780,2.77315,0.29543,0.07441,61.7,,22.2,,0,,1.40393,1.00880,2.35246,0.86788,0.68529,3.90563,3.46481,2.02876,0.58755,0.57087,3.18717,2.72979,2025-02-06,8,8,6,28,1,0,28,2023-11-16,9,9,2,40,1,0,40,31.000,,0,0.00,0,0,"128 Snow Hill Road,Ayden,NC,28513",35.4663,-77.435,,2026-04-01
345491,Croatan Ridge Nursing and Rehabilitation Center,210 Foxhall Road,Newport,NC,28570,2522232560,150,Carteret,N,For profit - Limited Liability company,64,57.3,,Medicare and Medicaid,N,"RIVER NEUSE GROUP, LLC",1999-02-04,PRINCIPLE LONG TERM CARE,423,44,3.1,3.0,3.0,3.4,N,,N,N,N,Resident,Yes,3,,3,,3,,2,,4,,2,,,,1.97937,0.83600,0.48528,1.32128,3.30065,2.99294,0.49719,0.06953,50.0,,37.5,,0,,1.31479,0.94475,2.20310,0.81278,0.64178,3.65767,3.24484,2.08050,0.87871,0.51008,3.46929,3.14586,2025-02-07,6,6,1,24,1,0,24,2024-02-02,4,4,2,20,1,0,20,23.000,,0,0.00,0,0,"210 Foxhall Road,Newport,NC,28570",34.7998,-76.872,,2026-04-01
345493,Hendersonville Health and Rehabilitation,104 College Drive,Flat Rock,NC,28731,8286938600,440,Henderson,Y,For profit - Limited Liability company,130,99.5,,Medicare and Medicaid,N,HENDERSONVILLE HEALTH AND REHABILITATION,1999-06-03,SANSTONE HEALTH & REHABILITATION,465,17,4.1,3.6,2.8,4.5,N,,N,N,N,Resident,Yes,5,,4,,5,,5,,5,,2,,,,2.21366,0.75280,0.51202,1.26482,3.47848,2.89579,0.32416,0.09315,37.4,,26.7,,2,,1.40664,1.01075,2.35701,0.86956,0.68662,3.91318,3.47152,2.17483,0.73960,0.50304,3.41747,2.84500,2025-09-18,0,0,0,0,0,0,0,2024-09-11,11,3,11,52,1,0,52,13.000,,0,0.00,0,0,"104 College Drive,Flat Rock,NC,28731",35.304,-82.416,,2026-04-01
345494,Peak Resources - Gastonia,2780 X-Ray Drive,Gastonia,NC,28054,7048610981,350,Gaston,Y,For profit - Corporation,104,91.5,,Medicare and Medicaid,N,"CENTURY CARE OF GASTONIA, INC",1999-06-30,"PEAK RESOURCES, INC.",397,9,3.4,3.6,2.4,3.0,N,,N,N,N,Resident,Yes,5,,4,,5,,5,,5,,2,,,,1.91685,0.86717,0.48298,1.35015,3.26700,2.88467,0.34644,0.05629,37.3,,27.3,,0,,1.50080,1.07840,2.51478,0.92776,0.73258,4.17511,3.70389,1.76508,0.79851,0.44474,3.00833,2.65628,2025-04-03,2,2,0,12,1,0,12,2023-12-14,2,2,2,12,1,0,12,12.000,,0,0.00,0,0,"2780 X-Ray Drive,Gastonia,NC,28054",35.2778,-81.14,,2026-04-01
345495,The Stewart Health Center,6920 Marching Duck Drive,Charlotte,NC,28210,7047145555,590,Mecklenburg,Y,Non profit - Corporation,65,57.7,,Medicare,N,THE CYPRESS OF CHARLOTTE CLUB INC.,1999-09-23,,,,,,,,Y,,N,N,N,Both,Yes,1,,2,,4,,4,,5,,1,25,25,6,,,,,,,,,32.5,,50.0,,1,,,,,,,,,,,,,,2025-05-16,2,1,1,79,1,0,79,2024-03-07,12,12,0,92,1,0,92,82.250,,2,57971.00,0,2,"6920 Marching Duck Drive,Charlotte,NC,28210",35.1373,-80.851,,2026-04-01
345496,Liberty Commons Nursing & Rehabilitation Center of,791 Boone Station Drive,Burlington,NC,27215,3365869850,000,Alamance,Y,For profit - Corporation,122,116.3,,Medicare and Medicaid,N,LIBERTY HEALTHCARE GROUP LLC,1999-10-06,LIBERTY SENIOR LIVING,310,37,2.6,2.9,2.1,3.0,N,,N,N,N,Resident,Yes,3,,4,,2,,2,,2,,1,,,,2.22289,0.95848,0.27522,1.23370,3.45659,3.20827,0.23616,0.08990,62.5,,100.0,,2,,1.26370,0.90804,2.11749,0.78120,0.61684,3.51553,3.11875,2.43093,1.04818,0.30098,3.78009,3.50853,2026-01-08,2,2,1,12,1,0,12,2024-09-27,4,4,0,8,1,0,8,11.000,,0,0.00,0,0,"791 Boone Station Drive,Burlington,NC,27215",36.0724,-79.503,,2026-04-01
345499,Litchford Falls Health and Rehabilitation Center,8200 Litchford Road,Raleigh,NC,27615,9198787772,910,Wake,Y,For profit - Limited Liability company,90,85.8,,Medicare and Medicaid,N,"UNIVERSAL HEALTH CARE / RALEIGH, INC",2000-03-02,LIFEWORKS REHAB,768,62,2.1,2.1,1.5,4.0,N,,N,N,N,Resident,Yes,1,,2,,2,,2,,2,,1,,,,2.29467,0.83693,0.45717,1.29410,3.58877,3.29995,0.38585,0.13195,52.6,,72.7,,1,,1.55597,1.11804,2.60721,0.96187,0.75950,4.32859,3.84003,2.03807,0.74335,0.40604,3.18747,2.93094,2025-05-08,8,5,5,36,1,0,36,2024-03-21,11,1,11,207,1,0,207,78.750,,2,181873.00,0,2,"8200 Litchford Road,Raleigh,NC,27615",35.8901,-78.603,,2026-04-01
345500,Windsor Point Continuing Care,1221 Broad Street,Fuquay-Varina,NC,27526,9195524580,420,Harnett,N,For profit - Corporation,45,26.1,,Medicare,N,WINDSOR POINT INC.,2000-03-17,,,,,,,,Y,,N,N,N,Resident,Yes,5,,5,,2,,2,,,2,3,,,,2.02849,1.12031,0.94293,2.06324,4.09173,3.49765,0.67768,0.00000,68.2,,50.0,,1,,1.50155,1.07895,2.51604,0.92823,0.73294,4.17722,3.70575,1.86694,1.03109,0.86784,3.76587,3.21911,2025-12-31,0,0,0,0,0,0,0,2024-11-27,5,5,0,16,1,0,16,4.000,,0,0.00,0,0,"1221 Broad Street,Fuquay-Varina,NC,27526",35.6001,-78.802,,2026-04-01
345501,Croasdaile Village,2600 Croasdaile Farm Parkway,Durham,NC,27705,9193842304,310,Durham,Y,Non profit - Corporation,102,83.4,,Medicare and Medicaid,N,"THE UNITED METHODIST RETIREMENT HOMES, INCORPORATED",2000-01-03,LIFE CARE SERVICES,312,22,4.2,3.8,4.5,4.3,Y,,N,N,N,None,Yes,5,,5,,3,,4,,2,,4,,,,3.24398,1.47532,0.52954,2.00486,5.24885,4.78884,0.41530,0.16537,41.7,,9.1,,3,,1.29087,0.92756,2.16302,0.79799,0.63011,3.59112,3.18580,3.47292,1.57944,0.56691,5.61927,5.12680,2025-08-14,2,2,0,4,1,0,4,2024-07-11,1,1,0,0,0,0,0,3.000,,1,15405.00,0,1,"2600 Croasdaile Farm Parkway,Durham,NC,27705",36.041,-78.943,,2026-04-01
345502,Lake Park Nursing and Rehabilitation Center,3315 Faith Church Road,Indian Trail,NC,28079,7048823420,890,Union,Y,For profit - Corporation,120,100.3,,Medicare and Medicaid,N,"EVEREST LONG TERM CARE, LLC",2000-06-07,PRINCIPLE LONG TERM CARE,423,44,3.1,3.0,3.0,3.4,N,,N,N,N,Resident,Yes,3,,2,,4,,5,,3,,5,,,,2.61499,0.52236,0.96152,1.48388,4.09887,3.87601,0.68844,0.10357,42.6,,35.7,,0,,1.18342,0.85035,1.98297,0.73157,0.57766,3.29220,2.92062,3.05372,0.61000,1.12284,4.78656,4.52631,2026-01-22,4,3,1,28,1,0,28,2024-10-24,14,10,7,112,1,0,112,49.000,0,4,44005.00,0,4,"3315 Faith Church Road,Indian Trail,NC,28079",35.0762,-80.636,,2026-04-01
345503,Liberty Commons Nsg and Rehab Ctr of Rowan County,4412 South Main Street,Salisbury,NC,28147,7046373040,790,Rowan,Y,For profit - Corporation,90,82.2,,Medicare and Medicaid,N,LIBERTY HEALTHCARE GROUP LLC,2000-05-31,LIBERTY SENIOR LIVING,310,37,2.6,2.9,2.1,3.0,N,,N,N,N,Resident,Yes,3,,3,,3,,2,,3,,3,,,,1.87657,0.93721,0.37144,1.30864,3.18521,2.92439,0.12951,0.05715,39.1,,36.4,,0,,1.20491,0.86579,2.01897,0.74485,0.58814,3.35196,2.97364,2.15234,1.07493,0.42602,3.65329,3.35415,2025-11-19,5,5,1,32,1,0,32,2024-09-11,6,3,3,44,1,0,44,35.000,,1,14521.00,0,1,"4412 South Main Street,Salisbury,NC,28147",35.6244,-80.528,,2026-04-01
345505,Carolina Rehab Center of Cumberland,4600 Cumberland Road,Fayetteville,NC,28306,9104291690,250,Cumberland,Y,For profit - Corporation,136,130.2,,Medicare and Medicaid,N,CAROLINA CUMBERLAND OPERATOR LLC,2000-10-26,LIFEWORKS REHAB,768,62,2.1,2.1,1.5,4.0,N,,N,N,N,Resident,Yes,2,,2,,5,,5,,4,,1,,,,2.06095,1.14956,0.47267,1.62223,3.68317,3.28328,0.29807,0.10541,55.1,,60.9,,1,,1.57676,1.13299,2.64206,0.97472,0.76966,4.38644,3.89136,1.80634,1.00754,0.41428,3.22816,2.87768,2025-07-02,2,1,1,12,1,0,12,2024-05-03,21,10,19,212,1,0,212,62.000,,5,97936.00,0,5,"4600 Cumberland Road,Fayetteville,NC,28306",35.0078,-78.962,,2026-04-01
345506,Whitestone a Masonic and Eastern Star Community,700 South Holden Road,Greensboro,NC,27407,3362990031,400,Guilford,Y,Non profit - Corporation,60,50.4,,Medicare and Medicaid,N,"MASONIC AND EASTERN STAR HOME OF NORTH CAROLINA, INCORPORATED",2000-10-26,,,,,,,,Y,,N,N,N,Resident,Yes,3,,3,,3,,3,,2,,4,,,,2.73813,0.85027,0.84192,1.69219,4.43031,3.74869,0.53209,0.07588,56.8,,71.4,,0,,1.28424,0.92280,2.15191,0.79389,0.62687,3.57268,3.16944,2.94650,0.91497,0.90599,4.76745,4.03397,2025-04-17,6,6,4,48,1,0,48,2023-12-21,0,0,0,0,0,0,0,36.000,,1,25490.00,0,1,"700 South Holden Road,Greensboro,NC,27407",36.0643,-79.848,,2026-04-01
345507,Autumn Care of Myrtle Grove,5725 Carolina Beach Road,Wilmington,NC,28412,9107921455,640,New Hanover,Y,For profit - Corporation,90,93.2,,Medicare and Medicaid,N,AUTUMN CORPORATION,2000-12-01,SABER HEALTHCARE GROUP,461,126,3.0,2.7,2.3,4.0,N,,Y,N,N,Resident,Yes,1,,1,,3,,3,,3,,2,,,,2.01452,0.99732,0.56958,1.56690,3.58141,3.05167,0.28214,0.05442,60.4,,71.4,,1,,1.34762,0.96834,2.25811,0.83307,0.65781,3.74898,3.32585,2.06587,1.02274,0.58410,3.67271,3.12946,2025-08-21,16,4,13,251,1,0,251,2024-07-23,15,9,10,164,1,0,164,229.250,,4,161633.00,1,5,"5725 Carolina Beach Road,Wilmington,NC,28412",34.1304,-77.897,,2026-04-01
345508,UNC Rex Rehab & Nursing Care Center of Apex,911 South Hughes Street,Apex,NC,27502,9193636011,910,Wake,Y,Non profit - Corporation,107,80.1,,Medicare and Medicaid,N,REX HOSPITAL INC,2000-12-11,,,,,,,,N,,N,N,N,Resident,Yes,5,,5,,4,,3,,5,,5,,,,2.70299,0.88325,1.12433,2.00758,4.71057,4.36213,0.69660,0.28612,26.7,,23.8,,0,,1.27389,0.91536,2.13457,0.78749,0.62182,3.54388,3.14390,2.93232,0.95818,1.21972,5.11022,4.73223,2025-05-22,0,0,0,0,0,0,0,2024-04-18,1,0,1,4,0,0,4,1.000,,0,0.00,0,0,"911 South Hughes Street,Apex,NC,27502",35.7175,-78.848,,2026-04-01
345509,Dahlia Gardens Center for Nursing and Rehabilitati,915 Pee Dee Road,Aberdeen,NC,28315,9109448999,620,Moore,Y,For profit - Limited Liability company,90,86.1,,Medicare and Medicaid,N,"PEE DEE ROAD OPERATING COMPANY, LLC",2000-12-07,ALLIANCE HEALTH GROUP,714,11,1.3,1.5,1.6,1.6,N,,Y,N,N,Both,Yes,1,,2,,1,20,1,20,,20,2,,,,1.93557,1.04931,0.31684,1.36615,3.30172,3.06486,0.10831,0.06282,34.2,,42.9,,0,,1.31970,0.94827,2.21132,0.81581,0.64418,3.67130,3.25693,2.02691,1.09883,0.33179,3.45753,3.20949,2025-12-04,6,6,3,16,1,0,16,2024-08-08,18,10,11,56,1,0,56,26.000,5,1,49842.00,1,2,"915 Pee Dee Road,Aberdeen,NC,28315",35.1295,-79.414,,2026-04-01
345510,Tarboro Health and Rehabilitation LLC,911 Western Boulevard,Tarboro,NC,27886,2528232041,320,Edgecombe,Y,For profit - Limited Liability company,118,95.7,,Medicare and Medicaid,N,Legal Business Name Not Available,2001-01-04,,,,,,,,N,,N,N,N,Resident,Yes,4,,4,,3,,4,,2,,3,,,,2.49372,0.79479,0.45347,1.24826,3.74198,3.32832,0.30359,0.04178,34.8,,40.0,,2,,1.34072,0.96338,2.24655,0.82881,0.65444,3.72980,3.30883,2.57044,0.81925,0.46742,3.85711,3.43072,2025-01-09,2,2,0,4,1,0,4,2023-11-16,8,8,2,52,1,0,52,16.000,,0,0.00,0,0,"911 Western Boulevard,Tarboro,NC,27886",35.8955,-77.556,,2026-04-01
345511,Autumn Care of Statesville,2001 Vanhaven Drive,Statesville,NC,28625,7048839700,480,Iredell,Y,For profit - Limited Liability company,103,97.9,,Medicare and Medicaid,N,AUTUMN CARE OF STATESVILLE LLC,2001-12-19,SABER HEALTHCARE GROUP,461,126,3.0,2.7,2.3,4.0,N,,N,N,N,Resident,Yes,4,,4,,4,,5,,2,,2,,,,2.19621,0.78908,0.37531,1.16439,3.36061,2.76407,0.23859,0.06428,52.3,,40.0,,1,,1.39881,1.00512,2.34387,0.86471,0.68279,3.89138,3.45217,2.16979,0.77958,0.37080,3.32017,2.73081,2025-04-16,3,3,0,12,1,0,12,2024-02-08,3,3,0,12,1,0,12,12.000,0,0,0.00,0,0,"2001 Vanhaven Drive,Statesville,NC,28625",35.7943,-80.851,,2026-04-01
345512,Cypress Glen Retirement Community,1000 Hickory Street,Greenville,NC,27858,2528300036,730,Pitt,Y,Non profit - Corporation,6,3.0,,Medicare,N,"THE UNITED METHODIST RETIREMENT HOMES, INCORPORATED",2002-01-10,LIFE CARE SERVICES,312,22,4.2,3.8,4.5,4.3,Y,,N,N,N,Resident,Yes,5,,5,,5,,,2,5,,5,,,,4.76062,0.94062,1.35217,2.29279,7.05341,6.26316,0.57382,0.44286,,27,,27,,27,1.34495,0.96642,2.25364,0.83142,0.65650,3.74156,3.31927,4.89165,0.96651,1.38939,7.24755,6.43555,2025-08-14,0,0,0,0,0,0,0,2024-09-19,1,1,0,8,1,0,8,2.000,,0,0.00,0,0,"1000 Hickory Street,Greenville,NC,27858",35.6068,-77.349,,2026-04-01
345513,Tower Nursing and Rehabilitation Center,3609 Bond Street,Raleigh,NC,27604,9192318113,910,Wake,Y,For profit - Limited Liability company,180,87.8,,Medicare and Medicaid,N,"EVEREST LONG TERM CARE, LLC",2002-03-14,PRINCIPLE LONG TERM CARE,423,44,3.1,3.0,3.0,3.4,N,,N,N,N,Resident,Yes,2,,2,,2,,3,,2,,4,,,,2.37576,0.44703,0.90407,1.35110,3.72686,3.60541,0.72971,0.12958,44.9,,38.9,,4,,1.27683,0.91747,2.13949,0.78931,0.62325,3.55206,3.15115,2.57139,0.48384,0.97852,4.03375,3.90230,2025-03-20,7,7,0,32,1,0,32,2024-02-08,11,8,3,104,1,0,104,50.000,,2,15593.00,0,2,"3609 Bond Street,Raleigh,NC,27604",35.8027,-78.582,,2026-04-01
345514,Autumn Care of Nash,1210 Eastern Avenue,Nashville,NC,27856,2524620070,630,Nash,Y,For profit - Corporation,60,56.8,,Medicare and Medicaid,N,AUTUMN CORPORATION,2002-04-16,SABER HEALTHCARE GROUP,461,126,3.0,2.7,2.3,4.0,N,,N,N,N,Resident,Yes,3,,3,,2,,3,,1,,3,,,,2.22125,0.83703,0.67875,1.51578,3.73703,3.34292,0.35824,0.09975,43.5,,36.4,,0,,1.39843,1.00484,2.34324,0.86448,0.68261,3.89032,3.45123,2.19512,0.82718,0.67076,3.69306,3.30359,2025-07-30,8,7,4,28,1,0,28,2024-06-13,2,2,1,8,1,0,8,23.000,,0,0.00,0,0,"1210 Eastern Avenue,Nashville,NC,27856",35.9707,-77.932,,2026-04-01
345515,PruittHealth-Town Center,6300 Roberta Road,Harrisburg,NC,28075,7044555553,120,Cabarrus,Y,For profit - Corporation,70,64.2,,Medicare and Medicaid,N,"PRUITTHEALTH - TOWN CENTER, LLC",2002-07-01,PRUITTHEALTH,434,96,2.9,2.8,2.4,3.7,N,,N,N,N,Resident,Yes,3,,3,,4,,4,,4,,3,,,,2.20941,1.47358,0.76655,2.24014,4.44955,3.80143,0.52686,0.14135,54.5,,68.8,,1,,1.43471,1.03091,2.40403,0.88691,0.70032,3.99125,3.54078,2.12820,1.41942,0.73838,4.28600,3.66170,2025-08-28,4,4,2,16,1,0,16,2024-06-25,5,5,0,44,1,0,44,23.000,,1,8018.00,0,1,"6300 Roberta Road,Harrisburg,NC,28075",35.3295,-80.647,,2026-04-01
345516,Conover Nursing And Rehabilitation Center,920 4th Street Southwest,Conover,NC,28613,8286958282,170,Catawba,Y,For profit - Corporation,90,76.4,,Medicare and Medicaid,N,BROSIS MANAGEMENT OF CATAWBA COUNTY,2002-06-27,,,,,,,,N,,N,N,N,Resident,Yes,4,,4,,4,,5,,3,,4,,,,3.21064,0.88468,0.64937,1.53404,4.74469,4.07401,0.36712,0.06109,38.6,,26.7,,0,,1.33147,0.95673,2.23105,0.82309,0.64992,3.70406,3.28599,3.33242,0.91823,0.67400,4.92465,4.22854,2025-02-21,4,4,0,16,1,0,16,2023-10-18,0,0,0,0,0,0,0,12.000,0,0,0.00,0,0,"920 4th Street Southwest,Conover,NC,28613",35.7038,-81.232,,2026-04-01
345518,Inn at Quail Haven Village,155 Blake Boulevard,Pinehurst,NC,28374,9102952294,620,Moore,Y,For profit - Limited Liability company,35,43.7,,Medicare and Medicaid,N,LIBERTY HEALTHCARE GROUP LLC,2002-09-12,LIBERTY SENIOR LIVING,310,37,2.6,2.9,2.1,3.0,Y,,Y,N,N,Resident,Yes,2,,2,,2,,2,,1,,4,,,,2.39973,1.10134,0.60473,1.70607,4.10579,3.41810,0.25566,0.08804,43.4,,20.0,,,26,1.35878,0.97636,2.27681,0.83997,0.66326,3.78004,3.35340,2.44068,1.12014,0.61505,4.17586,3.47643,2025-06-19,4,4,1,20,1,0,20,2024-06-05,2,0,2,8,0,0,8,17.000,,0,0.00,0,0,"155 Blake Boulevard,Pinehurst,NC,28374",35.1708,-79.466,,2026-04-01
345519,Liberty Commons Nursing & Rehabilitation Center of,2315 Highway 242 North,Benson,NC,27504,9192071717,500,Johnston,Y,For profit - Corporation,100,96.1,,Medicare and Medicaid,N,LIBERTY HEALTHCARE GROUP LLC,2002-09-25,LIBERTY SENIOR LIVING,310,37,2.6,2.9,2.1,3.0,N,,N,N,N,Resident,Yes,2,,2,,3,,4,,3,,2,,,,1.88544,1.02507,0.43010,1.45516,3.34060,3.04397,0.17638,0.10389,48.0,,40.0,,0,,1.54535,1.11041,2.58942,0.95530,0.75432,4.29905,3.81383,1.68611,0.91670,0.38463,2.98743,2.72217,2025-11-20,7,7,0,28,1,0,28,2024-07-12,20,6,16,253,1,0,253,84.250,,4,43231.00,1,5,"2315 Highway 242 North,Benson,NC,27504",35.4033,-78.541,,2026-04-01
345520,Magnolia Gardens Center for Nursing and Rehabilita,1028 Blair Street,Thomasville,NC,27360,3364727771,280,Davidson,Y,For profit - Limited Liability company,120,103.8,,Medicare and Medicaid,N,"BLAIR STREET OPERATING COMPANY, LLC",2002-10-31,ALLIANCE HEALTH GROUP,714,11,1.3,1.5,1.6,1.6,N,,N,N,N,Resident,Yes,1,,2,,2,,2,,,2,1,24,,,1.97717,0.81931,0.42294,1.24224,3.21941,2.72564,0.11294,0.02831,49.0,,20.0,,0,,1.29612,0.93133,2.17182,0.80124,0.63267,3.60573,3.19876,2.10812,0.87357,0.45095,3.43265,2.90617,2025-11-18,4,3,1,44,1,0,44,2024-07-11,11,1,11,56,1,0,56,47.000,,1,16153.00,0,1,"1028 Blair Street,Thomasville,NC,27360",35.8901,-80.063,,2026-04-01
345522,Fletcher Rehabilitation and Healthcare Center,86 Old Airport Road,Fletcher,NC,28732,8286549060,440,Henderson,Y,For profit - Limited Liability company,90,71.3,,Medicare and Medicaid,N,FLETCHER OPERATOR LLC,2003-01-29,YAD HEALTHCARE,640,13,1.7,2.2,1.5,2.9,N,,Y,N,N,Resident,Yes,1,,1,,3,,2,,3,,2,,,,1.99802,0.66468,0.61627,1.28095,3.27897,2.75877,0.38046,0.13514,77.0,,76.0,,0,,1.35981,0.97710,2.27854,0.84061,0.66376,3.78290,3.35594,2.03058,0.67552,0.62631,3.33241,2.80373,2025-06-02,20,19,9,144,1,0,144,2024-02-02,11,7,11,52,1,0,52,121.000,,2,67600.00,0,2,"86 Old Airport Road,Fletcher,NC,28732",35.4415,-82.5,,2026-04-01
345523,Ramseur Rehabilitation and Healthcare Center,7166 Jordon Road,Ramseur,NC,27316,3368248828,750,Randolph,Y,For profit - Corporation,90,78.3,,Medicare and Medicaid,N,RAMSEUR OPERATOR LLC,2003-02-19,YAD HEALTHCARE,640,13,1.7,2.2,1.5,2.9,N,,N,N,N,Resident,Yes,2,,2,,4,,4,,4,,2,,,,1.98719,0.96862,0.35931,1.32793,3.31512,3.01070,0.24779,0.10133,48.5,,50.0,,2,,1.28024,0.91992,2.14520,0.79142,0.62492,3.56153,3.15955,2.14511,1.04559,0.38786,3.57856,3.24995,2025-08-01,3,3,1,40,1,0,40,2024-05-17,12,9,5,194,1,0,194,78.500,,3,117925.00,0,3,"7166 Jordon Road,Ramseur,NC,27316",35.7031,-79.624,22,2026-04-01
345525,The Gardens of Taylor Glen Retirement Community,3700 Taylor Glen Lane,Concord,NC,28027,7047886510,120,Cabarrus,Y,Non profit - Corporation,24,2.2,,Medicare,N,BAPTIST RETIREMENT HOMES OF NORTH CAROLINA INCORPORATED,2003-03-11,,,,,,,,Y,,N,N,N,Resident,Yes,4,,4,,,2,,2,,2,,2,6,6,,,,,,,,,,26,,26,,26,,,,,,,,,,,,,2025-12-30,1,1,0,4,1,0,4,2024-11-07,2,2,0,12,1,0,12,6.000,,0,0.00,0,0,"3700 Taylor Glen Lane,Concord,NC,28027",35.4118,-80.647,22,2026-04-01
345526,Carolina Rehab Center of Burke,3647 Miller Bridge Road,Connelly Spring,NC,28612,8283973144,110,Burke,Y,For profit - Limited Liability company,90,82.6,,Medicare and Medicaid,N,CAROLINA BURKE OPERATOR LLC,2003-03-25,LIFEWORKS REHAB,768,62,2.1,2.1,1.5,4.0,N,,N,N,N,Resident,Yes,3,,3,,4,,4,,3,,2,,,,2.19969,0.99724,0.63337,1.63061,3.83030,3.44569,0.47671,0.18220,65.4,,72.2,,0,,1.58110,1.13610,2.64933,0.97740,0.77177,4.39850,3.90206,1.92266,0.87165,0.55360,3.34791,3.01174,2025-08-25,4,4,1,28,1,0,28,2024-08-01,12,8,12,80,1,0,80,41.000,,3,26014.00,0,3,"3647 Miller Bridge Road,Connelly Spring,NC,28612",35.7118,-81.47,,2026-04-01
345528,River Landing at Sandy Ridge,1575 John Knox Drive,Colfax,NC,27235,3366684900,400,Guilford,Y,Non profit - Corporation,60,55.5,,Medicare and Medicaid,N,"PRESBYTERIAN HOMES, INC",2003-07-01,,,,,,,,Y,,N,N,N,Resident,Yes,5,,4,,4,,5,,4,,5,,,,3.46497,1.04128,0.92022,1.96150,5.42647,4.79854,0.51780,0.16899,26.3,,12.5,,0,,1.19927,0.86174,2.00953,0.74137,0.58540,3.33630,2.95974,3.99282,1.19991,1.06041,6.25314,5.52955,2026-01-08,2,2,0,8,1,0,8,2024-11-21,1,1,0,4,1,0,4,7.000,,0,0.00,0,0,"1575 John Knox Drive,Colfax,NC,27235",36.0639,-80.014,,2026-04-01
345529,Perry Creek Health and Rehabilitation Center,5201 Clarks Fork Drive,Raleigh,NC,27616,9198727033,910,Wake,Y,For profit - Limited Liability company,132,122.9,,Medicare and Medicaid,N,Legal Business Name Not Available,2004-06-07,LIFEWORKS REHAB,768,62,2.1,2.1,1.5,4.0,N,SFF,N,N,N,Resident,Yes,,18,,18,,18,,18,,18,,18,,,2.23682,0.97455,0.55425,1.52879,3.76561,3.24322,0.35364,0.12486,67.2,,73.3,,3,,1.35457,0.97333,2.26975,0.83737,0.66120,3.76831,3.34300,2.28208,0.99426,0.56546,3.84180,3.30884,2025-08-20,7,6,1,32,1,0,32,2025-02-24,74,28,59,834,2,417,1251,336.750,,3,326170.00,2,5,"5201 Clarks Fork Drive,Raleigh,NC,27616",35.8897,-78.556,,2026-04-01
345530,Penn Nursing Center,618-A S Main Street,Reidsville,NC,27320,3369516090,780,Rockingham,Y,Non profit - Corporation,82,67.4,,Medicare and Medicaid,N,THE MOSES H CONE MEMORIAL HOSPITAL OPERATING CORPORATION,2004-09-02,,,,,,,,N,,N,N,N,Both,Yes,5,,5,,5,,5,,5,,1,25,25,6,,,,,,,,,33.3,,22.2,,0,,,,,,,,,,,,,,2025-01-30,1,1,0,8,1,0,8,2023-10-12,0,0,0,0,0,0,0,6.000,,0,0.00,0,0,"618-A S Main Street,Reidsville,NC,27320",36.3545,-79.666,,2026-04-01
345531,NC State Veterans Home - Salisbury,"1601 Brenner Ave., Building #10",Salisbury,NC,28145,7046384200,790,Rowan,Y,Government - State,99,77.1,,Medicare and Medicaid,N,NC DEPT OF MILITARY AND VETERANS AFFAIRS NC DIVISION OF VETER AFFAIRS,2004-11-22,,,,,,,,N,,N,N,N,Resident,Yes,4,,2,,5,,5,,,2,5,,,,3.39138,0.86425,1.23713,2.10138,5.49276,4.39446,0.64418,0.05737,44.0,,19.0,,0,,1.36024,0.97741,2.27926,0.84087,0.66397,3.78410,3.35700,3.44556,0.87806,1.25689,5.58051,4.46466,2025-12-12,12,12,1,86,1,0,86,2024-08-08,3,3,0,16,1,0,16,68.500,,1,19145.00,0,1,"1601 Brenner Ave., Building #10,Salisbury,NC,28145",35.6613,-80.447,22,2026-04-01
345532,Liberty Commons Nursing and Rehabilitation Center,310 Commerce Drive,Sanford,NC,27332,9194992206,520,Lee,N,For profit - Limited Liability company,80,74.2,,Medicare and Medicaid,N,LIBERTY HEALTHCARE GROUP LLC,2004-12-07,LIBERTY SENIOR LIVING,310,37,2.6,2.9,2.1,3.0,N,,N,N,N,Resident,Yes,3,,4,,3,,3,,3,,1,,,,1.84129,0.93639,0.37180,1.30820,3.14948,2.84049,0.32545,0.05426,65.8,,66.7,,,26,1.32223,0.95009,2.21556,0.81738,0.64541,3.67835,3.26319,1.92448,0.97870,0.38860,3.29179,2.96883,2025-05-05,2,2,0,12,1,0,12,2024-04-04,12,10,5,48,1,0,48,21.000,,0,0.00,0,0,"310 Commerce Drive,Sanford,NC,27332",35.4213,-79.125,,2026-04-01
345533,The Cedars of Chapel Hill,101 Green Cedar Lane,Chapel Hill,NC,27517,9192597903,310,Durham,Y,Non profit - Other,12,9.4,,Medicare,N,THE CEDARS OF CHAPEL HILL CLUB INC,2005-04-29,,,,,,,,Y,,N,N,N,Both,Yes,4,,5,,1,,,2,1,,,2,6,6,,,,,,,,,,26,,26,,26,,,,,,,,,,,,,2025-04-30,0,0,0,0,0,0,0,2024-06-04,3,3,0,8,1,0,8,2.000,,0,0.00,0,0,"101 Green Cedar Lane,Chapel Hill,NC,27517",35.909,-79.008,,2026-04-01
345534,Sanford Health & Rehabilitation Co,2702 Farrell Road,Sanford,NC,27330,9197769602,520,Lee,N,For profit - Limited Liability company,131,102.5,,Medicare and Medicaid,N,SANFORD HEALTH AND REHABILITATION CO LLC,2005-06-08,SANSTONE HEALTH & REHABILITATION,465,17,4.1,3.6,2.8,4.5,N,,N,N,N,Resident,Yes,4,,4,,3,,3,,3,,3,,,,2.15532,1.28459,0.23891,1.52350,3.67882,3.29083,0.17701,0.05329,28.9,,50.0,,0,,1.26402,0.90826,2.11802,0.78139,0.61700,3.51641,3.11952,2.35645,1.40447,0.26120,4.02212,3.59793,2025-04-04,1,1,0,4,1,0,4,2024-01-24,7,6,2,44,1,0,44,14.000,,1,10527.00,0,1,"2702 Farrell Road,Sanford,NC,27330",35.5686,-79.125,,2026-04-01
345535,Adams Farm Living & Rehabilitation,5100 Mackay Road,Jamestown,NC,27282,3368555596,400,Guilford,Y,For profit - Corporation,120,100.6,,Medicare and Medicaid,N,ADAMS FARM LIVING INC,2005-11-01,CENTURY CARE MANAGEMENT,131,7,4.1,4.1,2.9,3.6,N,,N,N,N,Resident,Yes,2,,2,,3,,4,,2,,2,,,,2.30950,0.88810,0.39331,1.28141,3.59091,3.16202,0.24760,0.06493,58.7,,54.5,,0,,1.38250,0.99340,2.31655,0.85463,0.67483,3.84601,3.41193,2.30862,0.88776,0.39316,3.58954,3.16082,2025-12-05,6,1,5,72,1,0,72,2024-08-21,2,2,1,16,1,0,16,58.000,,1,24252.00,0,1,"5100 Mackay Road,Jamestown,NC,27282",36.0158,-79.898,,2026-04-01
345537,"Peak Resources-Wilmington, Inc",2305 Silver Stream Lane,Wilmington,NC,28401,9103623621,640,New Hanover,Y,For profit - Corporation,110,90.8,,Medicare and Medicaid,N,PEAK RESOURCES - WILMINGTON INC,2005-09-30,"PEAK RESOURCES, INC.",397,9,3.4,3.6,2.4,3.0,N,,Y,N,N,Resident,Yes,1,,2,,1,,2,,1,,4,,,,2.21779,1.01218,0.36301,1.37518,3.59297,3.35228,0.17724,0.01764,30.1,,40.0,,0,,1.21106,0.87021,2.02928,0.74865,0.59115,3.36908,2.98882,2.53078,1.15503,0.41424,4.10005,3.82539,2025-03-07,7,7,4,28,1,0,28,2024-01-12,16,13,7,112,1,0,112,49.000,,2,58713.00,1,3,"2305 Silver Stream Lane,Wilmington,NC,28401",34.1973,-77.933,,2026-04-01
345538,PruittHealth-Raleigh,2420 Lake Wheeler Road,Raleigh,NC,27603,9197550226,910,Wake,Y,For profit - Corporation,150,145.8,,Medicare and Medicaid,N,"PRUITTHEALTH - RALEIGH, LLC",2006-03-01,PRUITTHEALTH,434,96,2.9,2.8,2.4,3.7,N,,N,N,N,Resident,Yes,3,,3,,3,,2,,3,,2,,,,1.78886,1.07871,0.49092,1.56963,3.35850,2.90032,0.17197,0.07958,40.7,,45.5,,0,,1.38966,0.99855,2.32855,0.85906,0.67833,3.86594,3.42961,1.77897,1.07274,0.48821,3.33991,2.88428,2026-01-15,5,3,2,20,1,0,20,2024-11-15,16,5,13,76,1,0,76,34.000,,2,16152.00,0,2,"2420 Lake Wheeler Road,Raleigh,NC,27603",35.7474,-78.674,,2026-04-01
345539,The Arbor,300 Clynelish Close,Pittsboro,NC,27312,9195452690,180,Chatham,Y,Non profit - Corporation,16,8.4,,Medicare,N,"GALLOWAY RIDGE, INC",2006-09-28,,,,,,,,Y,,N,N,N,Resident,Yes,5,,4,,3,,,2,3,,5,,,,2.63118,2.13768,1.39921,3.53689,6.16807,6.88909,1.45110,0.28613,10.0,,,27,0,,1.31546,0.94522,2.20421,0.81319,0.64211,3.65951,3.24647,2.76423,2.24577,1.46996,6.47996,7.23744,2025-03-12,1,1,0,16,0,0,16,2024-01-10,5,5,0,20,1,0,20,17.000,,2,6350.00,0,2,"300 Clynelish Close,Pittsboro,NC,27312",35.7929,-79.097,,2026-04-01
345541,Lakeside Health & Rehab Center,13825 Hunton Lane,Huntersville,NC,28078,7048972700,590,Mecklenburg,Y,Government - Federal,114,104.8,,Medicare and Medicaid,N,"LAKESIDE HEALTH & REHAB CENTER, LLC",2007-10-31,SABER HEALTHCARE GROUP,461,126,3.0,2.7,2.3,4.0,N,,N,N,N,Resident,Yes,3,,3,,4,,4,,4,,2,,,,1.88324,0.85269,0.60962,1.46230,3.34555,2.97930,0.42660,0.12210,78.0,,68.2,,1,,1.25651,0.90287,2.10545,0.77675,0.61334,3.49553,3.10101,2.07128,0.93782,0.67049,3.67959,3.27677,2025-12-11,4,4,1,20,1,0,20,2024-09-27,11,3,8,56,1,0,56,29.000,1,2,11629.00,0,2,"13825 Hunton Lane,Huntersville,NC,28078",35.4192,-80.868,,2026-04-01
345542,The Forest At Duke Inc,2701 Pickett Road,Durham,NC,27705,9194908000,310,Durham,Y,Non profit - Corporation,4,1.9,,Medicare,N,THE FOREST AT DUKE INC,2008-02-11,,,,,,,,Y,,N,N,N,Resident,Yes,4,,5,,,2,,2,,2,1,24,6,6,,,,,,,,,,26,,26,,26,,,,,,,,,,,,,2024-11-19,1,1,0,0,0,0,0,2023-12-06,0,0,0,0,0,0,0,0.000,,0,0.00,0,0,"2701 Pickett Road,Durham,NC,27705",35.975,-78.949,,2026-04-01
345543,Bermuda Commons Nursing and Rehabilitation Center,316 NC Highway 801 South,Advance,NC,27006,3369980240,290,Davie,Y,For profit - Limited Liability company,117,110.1,,Medicare and Medicaid,N,LIBERTY HEALTHCARE GROUP LLC,2008-02-18,LIBERTY SENIOR LIVING,310,37,2.6,2.9,2.1,3.0,N,,N,N,N,Resident,Yes,1,,2,,2,,3,,1,,1,,,,2.15255,0.67621,0.30334,0.97955,3.13209,2.78503,0.16766,0.03759,41.4,,36.4,,3,,1.35286,0.97210,2.26689,0.83631,0.66037,3.76357,3.33879,2.19886,0.69076,0.30987,3.19949,2.84496,2025-03-06,9,9,0,44,1,0,44,2024-01-11,12,11,6,76,1,0,76,52.000,0,2,28043.00,0,2,"316 NC Highway 801 South,Advance,NC,27006",36.0104,-80.447,22,2026-04-01
345544,Asbury Health and Rehabilitation Center,3211 Bishops Way Lane,Charlotte,NC,28215,7045327000,590,Mecklenburg,Y,Non profit - Other,120,112.5,,Medicare and Medicaid,N,"ALDERSGATE UNITED METHODIST RETIREMENT COMMUNITY, INC.",2008-07-16,,,,,,,,Y,,N,N,N,Resident,Yes,2,,2,,4,,5,,4,,3,,,,2.94898,1.27802,0.49619,1.77421,4.72319,4.39988,0.41812,0.14350,99.2,,100.0,,0,,1.29971,0.93391,2.17783,0.80345,0.63442,3.61570,3.20761,3.13562,1.35891,0.52760,5.02213,4.67836,2025-09-30,5,5,1,36,1,0,36,2024-10-16,7,7,0,124,1,0,124,58.000,,2,47996.00,0,2,"3211 Bishops Way Lane,Charlotte,NC,28215",35.2329,-80.769,,2026-04-01
345546,The Rosewood Health Center,8710 Cypress Club Drive,Raleigh,NC,27615,9198709007,910,Wake,Y,Non profit - Corporation,57,45.8,,Medicare,N,"THE CYPRESS OF RALEIGH CLUB, INC.",2009-01-06,,,,,,,,N,,N,N,N,Both,Yes,5,,4,,2,,3,,1,,5,,,,3.42720,1.81997,0.87374,2.69371,6.12091,5.85566,0.59258,0.08747,23.6,,11.1,,0,,1.15218,0.82790,1.93062,0.71225,0.56241,3.20528,2.84351,4.11073,2.18295,1.04800,7.34168,7.02352,2025-06-06,3,3,0,16,1,0,16,2024-03-08,0,0,0,0,0,0,0,12.000,,0,0.00,0,0,"8710 Cypress Club Drive,Raleigh,NC,27615",35.8979,-78.66,,2026-04-01
345547,Camden Health and Rehabilitation,1 Marithe Court,Greensboro,NC,27407,3368529700,400,Guilford,Y,For profit - Limited Liability company,135,121.5,,Medicare and Medicaid,N,"CAMDEN HEALTH AND REHABILITATION, LLC",2009-08-26,SANSTONE HEALTH & REHABILITATION,465,17,4.1,3.6,2.8,4.5,N,,N,N,N,Resident,Yes,4,,4,,4,,4,,4,,3,,,,2.60456,0.78050,0.32075,1.10125,3.70582,3.30907,0.19755,0.04451,37.5,,31.3,,0,,1.32750,0.95388,2.22439,0.82063,0.64799,3.69301,3.27620,2.71144,0.81253,0.33391,3.85788,3.44485,2025-07-03,0,0,0,0,0,0,0,2024-03-27,6,4,2,28,1,0,28,7.000,,0,0.00,0,0,"1 Marithe Court,Greensboro,NC,27407",36.0511,-79.883,,2026-04-01
345548,Ashton Health and Rehabilitation,5533 Burlington Road,McLeansville,NC,27301,3366980045,400,Guilford,Y,For profit - Limited Liability company,134,120.6,,Medicare and Medicaid,N,ASHTON HEALTH AND REHABILITATION LLC,2009-11-19,SANSTONE HEALTH & REHABILITATION,465,17,4.1,3.6,2.8,4.5,N,,N,N,N,Resident,Yes,5,,4,,5,,5,,5,,2,,,,2.47541,1.01178,0.17041,1.18219,3.65760,3.25692,0.13509,0.12684,41.3,,52.6,,0,,1.37705,0.98949,2.30742,0.85127,0.67217,3.83086,3.39849,2.48426,1.01539,0.17102,3.67067,3.26855,2025-07-03,1,0,1,20,0,0,20,2024-05-01,3,2,3,12,1,0,12,18.000,0,1,8788.00,0,1,"5533 Burlington Road,McLeansville,NC,27301",36.0848,-79.667,,2026-04-01
345549,Brunswick Rehabilitation and Healthcare Center,1070 Old Ocean Highway,Bolivia,NC,28422,9107555955,090,Brunswick,Y,For profit - Limited Liability company,90,77.1,,Medicare and Medicaid,N,BRUNSWICK OPERATOR LLC,2010-01-06,YAD HEALTHCARE,640,13,1.7,2.2,1.5,2.9,N,,N,N,N,Resident,Yes,1,,1,,2,,1,,2,,1,,,,1.91495,1.15889,0.34252,1.50141,3.41636,3.23698,0.29031,0.06268,76.5,,83.3,,1,,1.28016,0.91986,2.14507,0.79137,0.62488,3.56131,3.15936,2.06725,1.25106,0.36976,3.68807,3.49442,2025-03-05,17,17,5,104,1,0,104,2024-03-27,13,6,8,242,1,0,242,138.500,,2,109733.00,1,3,"1070 Old Ocean Highway,Bolivia,NC,28422",34.0372,-78.239,,2026-04-01
345550,White Oak of Waxhaw,700 Howie Mine Road,Waxhaw,NC,28173,7042437640,890,Union,Y,For profit - Limited Liability company,100,89.3,,Medicare and Medicaid,N,Legal Business Name Not Available,2010-04-15,WHITE OAK MANAGEMENT,564,14,3.1,2.9,3.6,3.6,N,,N,N,N,Resident,Yes,5,,5,,3,,4,,3,,3,,,,2.56413,1.01905,0.39984,1.41889,3.98302,3.69813,0.16271,0.08756,41.6,,61.5,,0,,1.38171,0.99283,2.31523,0.85414,0.67445,3.84382,3.40998,2.56462,1.01925,0.39991,3.98378,3.69883,2025-09-24,0,0,0,0,0,0,0,2024-08-02,0,0,0,0,0,0,0,0.000,0,0,0.00,0,0,"700 Howie Mine Road,Waxhaw,NC,28173",34.9265,-80.735,,2026-04-01
345551,PruittHealth-Carolina Point,5935 Mount Sinai Road,Durham,NC,27705,9194022450,310,Durham,Y,For profit - Corporation,138,106.1,,Medicare and Medicaid,N,"PRUITTHEALTH - CAROLINA POINT, LLC",2010-06-15,PRUITTHEALTH,434,96,2.9,2.8,2.4,3.7,N,,N,N,N,Resident,Yes,1,,2,,3,,4,,2,,1,,,,1.95000,1.12833,0.43420,1.56253,3.51253,2.79020,0.26364,0.09167,70.2,,83.3,,0,,1.35686,0.97498,2.27359,0.83879,0.66232,3.77470,3.34866,1.98609,1.14921,0.44223,3.57753,2.84184,2026-02-11,4,3,2,24,0,0,24,2024-10-17,12,6,7,143,1,0,143,53.750,,2,52901.00,0,2,"5935 Mount Sinai Road,Durham,NC,27705",35.9903,-78.995,,2026-04-01
345552,The Shannon Gray Rehabilitation & Recovery Center,2005 Shannon Gray Court,Jamestown,NC,27282,3363074729,400,Guilford,Y,For profit - Corporation,150,101.8,,Medicare and Medicaid,N,"GREATEST GENERATION, INC.",2010-07-09,,,,,,,,N,,N,N,N,Resident,Yes,4,,4,,3,,2,,3,,2,,,,2.37794,1.15836,0.33824,1.49660,3.87455,3.45089,0.18678,0.01492,56.1,,68.4,,2,,1.24967,0.89796,2.09398,0.77252,0.61000,3.47650,3.08412,2.62969,1.28100,0.37405,4.28474,3.81623,2025-04-03,5,4,2,20,1,0,20,2024-01-11,1,1,0,8,1,0,8,17.000,,0,0.00,0,0,"2005 Shannon Gray Court,Jamestown,NC,27282",35.9891,-79.951,,2026-04-01
345553,Autumn Care of Fayetteville,1401 71st School Road,Fayetteville,NC,28314,9108674960,250,Cumberland,Y,For profit - Corporation,90,84.7,,Medicare and Medicaid,N,"AUTUMN CARE OF FAYETTEVILLE, LLC",2011-03-24,SABER HEALTHCARE GROUP,461,126,3.0,2.7,2.3,4.0,N,,N,N,N,Both,Yes,5,,5,,4,,5,,2,,2,,,,2.11365,0.96555,0.41862,1.38417,3.49782,3.07517,0.19977,0.06757,44.9,,45.5,,0,,1.41762,1.01863,2.37539,0.87634,0.69197,3.94371,3.49859,2.06050,0.94127,0.40810,3.40987,2.99785,2025-01-09,1,1,0,4,1,0,4,2023-12-14,1,0,1,8,0,0,8,5.000,,0,0.00,0,0,"1401 71st School Road,Fayetteville,NC,28314",35.0458,-79.008,,2026-04-01
345554,Trinity Grove,631 Junction Creek Drive,Wilmington,NC,28412,9104423000,640,New Hanover,Y,Non profit - Church related,100,92.7,,Medicare and Medicaid,N,"LUTHERAN HOME - WILMINGTON, INC.",2011-06-29,LUTHERAN SERVICES CAROLINAS,327,9,4.3,3.7,4.7,3.0,Y,,Y,N,N,Resident,Yes,3,,2,,3,,2,,4,,5,,,,2.53226,0.80408,0.87343,1.67751,4.20978,3.56651,0.54108,0.07881,44.1,,34.6,,0,,1.23865,0.89004,2.07551,0.76571,0.60462,3.44584,3.05692,2.82527,0.89712,0.97449,4.69688,3.97919,2025-09-18,5,5,1,36,1,0,36,2024-10-10,7,3,4,80,1,0,80,47.000,,4,102910.00,0,4,"631 Junction Creek Drive,Wilmington,NC,28412",34.1434,-77.891,,2026-04-01
345555,Hillcrest Raleigh at Crabtree Valley,3830 Blue Ridge Road,Raleigh,NC,27612,9197814900,910,Wake,Y,For profit - Corporation,134,99.1,,Medicare and Medicaid,N,"HILLCREST RALEIGH AT CRABTREE, LLC",2012-11-08,,,,,,,,N,,N,N,N,Resident,Yes,3,,4,,1,,1,,2,,4,,,,2.88012,1.03760,0.79800,1.83559,4.71572,4.26380,0.73858,0.28193,43.7,,40.0,,0,,1.56039,1.12122,2.61463,0.96460,0.76166,4.34089,3.85095,2.55081,0.91896,0.70676,4.17652,3.77628,2025-03-20,1,0,1,4,0,0,4,2023-12-15,4,4,1,28,1,0,28,10.000,,1,17202.00,0,1,"3830 Blue Ridge Road,Raleigh,NC,27612",35.8321,-78.682,,2026-04-01
345556,Deerfield Episcopal Retirement,1617  Hendersonville Road,Asheville,NC,28803,8282741531,100,Buncombe,Y,Non profit - Corporation,62,59.8,,Medicare,N,"DEERFIELD EPISCOPAL RETIREMENT COMMUNITY, INC.",2013-01-23,,,,,,,,Y,,N,N,N,Resident,Yes,5,,5,,3,,2,,3,,5,,,,3.08948,0.72871,1.55115,2.27986,5.36934,4.81904,1.15178,0.01575,34.1,,28.6,,0,,1.17943,0.84748,1.97628,0.72910,0.57571,3.28108,2.91076,3.62005,0.85385,1.81754,6.29143,5.64663,2025-04-03,1,1,0,4,1,0,4,2024-02-08,1,1,0,8,1,0,8,5.000,,0,0.00,0,0,"1617  Hendersonville Road,Asheville,NC,28803",35.5106,-82.526,,2026-04-01
345557,Azalea Health & Rehab Center,3800 Independence Boulevard,Wilmington,NC,28412,9103923110,640,New Hanover,Y,For profit - Corporation,80,74.1,,Medicare and Medicaid,N,WRIGHTSVILLE HEALTH HOLDINGS LLC,2013-02-13,SABER HEALTHCARE GROUP,461,126,3.0,2.7,2.3,4.0,N,,N,N,N,Resident,Yes,2,,2,,3,,3,,4,,3,,,,1.95871,0.91231,0.56722,1.47954,3.43824,3.02510,0.34651,0.08200,54.3,,57.1,,0,,1.27505,0.91619,2.13650,0.78821,0.62238,3.54709,3.14675,2.12296,0.98882,0.61479,3.72657,3.27879,2025-05-30,3,3,1,16,1,0,16,2024-04-02,27,17,14,220,1,0,220,67.000,4,2,24470.00,0,2,"3800 Independence Boulevard,Wilmington,NC,28412",34.1784,-77.922,,2026-04-01
345558,NC State Veterans Home - Black Mountain,62 Lake Eden Road,Black Mountain,NC,28711,8282576800,100,Buncombe,Y,For profit - Corporation,100,78.5,,Medicare and Medicaid,N,NC DEPT OF MILTARY AND VETERANS AFFAIRS NC DIVISION OF VETERAN AFF,2013-02-20,,,,,,,,N,,N,N,N,Resident,Yes,4,,2,,5,,5,,,2,5,,,,3.24499,0.83613,1.41447,2.25060,5.49559,4.47418,0.73192,0.04172,43.5,,45.5,,2,,1.35868,0.97629,2.27664,0.83991,0.66321,3.77976,3.35315,3.30062,0.85046,1.43871,5.58979,4.55087,2025-12-04,2,2,0,12,1,0,12,2024-09-05,18,8,12,333,1,0,333,92.250,0,2,240964.00,0,2,"62 Lake Eden Road,Black Mountain,NC,28711",35.6177,-82.371,,2026-04-01
345559,Homestead Hills,2101 Homestead Hills Drive,Winston-Salem,NC,27103,3366590386,330,Forsyth,Y,For profit - Corporation,40,31.5,,Medicare and Medicaid,N,HOMESTEAD HILL RETIREMENT LIMITED PARTNERSHIP,2013-07-24,SENIOR LIVING COMMUNITIES,470,9,4.4,4.0,4.4,3.7,N,,N,N,N,Resident,Yes,5,,5,,5,,4,,5,,4,,,,3.93093,0.98544,0.68847,1.67391,5.60484,5.08847,0.53026,0.09334,55.6,,57.1,,1,,1.42261,1.02222,2.38377,0.87943,0.69441,3.95761,3.51093,3.81864,0.95729,0.66880,5.44473,4.94310,2025-05-08,0,0,0,0,0,0,0,2024-04-25,1,1,0,4,1,0,4,1.000,,0,0.00,0,0,"2101 Homestead Hills Drive,Winston-Salem,NC,27103",36.0572,-80.304,,2026-04-01
345560,NC State Veterans Home-Kinston,2150 Hull Road,Kinston,NC,28504,2529398000,530,Lenoir,N,Government - State,100,90.7,,Medicare and Medicaid,N,NC DEPARTMENT OF MILITARY AND VETERAN AFFAIRS NC DIVISION OF VET,2013-08-08,,,,,,,,N,,Y,N,N,Resident,Yes,2,,1,,3,,5,,1,,5,,,,3.53867,0.65641,0.89960,1.55601,5.09467,4.36270,0.73262,0.08722,38.7,,44.4,,,26,1.20057,0.86267,2.01170,0.74217,0.58603,3.33989,2.96293,4.07336,0.75559,1.03553,5.86448,5.02190,2025-11-14,4,0,4,80,0,0,80,2024-08-22,6,2,4,153,1,0,153,98.250,,5,74987.00,0,5,"2150 Hull Road,Kinston,NC,28504",35.2847,-77.623,,2026-04-01
345561,Fuquay-Varina Health and Rehabilitation Center,410 S Judd Parkway SE,Fuquay Varina,NC,27526,9195770421,910,Wake,Y,For profit - Limited Liability company,100,97.6,,Medicare and Medicaid,N,Legal Business Name Not Available,2013-10-30,,,,,,,,N,,N,N,N,Resident,Yes,1,,1,,3,,5,,2,,1,,,,2.11906,1.02717,0.48742,1.51459,3.63365,3.09004,0.24831,0.15584,63.6,,58.8,,0,,1.57554,1.13211,2.64002,0.97397,0.76906,4.38305,3.88835,1.85871,0.90098,0.42753,3.18722,2.71040,2024-12-05,19,14,10,72,1,0,72,2023-10-18,26,26,8,249,1,0,249,116.250,,1,76047.00,0,1,"410 S Judd Parkway SE,Fuquay Varina,NC,27526",35.589,-78.78,,2026-04-01
345562,Clear Creek Nursing & Rehabilitation Center,10506 Clear Creek Commerce Drive,Mint Hill,NC,28227,7045452377,590,Mecklenburg,Y,For profit - Corporation,120,113.5,,Medicare and Medicaid,N,"SPRUCE LTC GROUP, LLC",2013-11-07,PRINCIPLE LONG TERM CARE,423,44,3.1,3.0,3.0,3.4,N,,N,N,N,Resident,Yes,2,,2,,3,,5,,1,,4,,,,2.75490,0.93890,0.62962,1.56852,4.32341,4.04517,0.40979,0.06735,56.7,,54.5,,2,,1.15458,0.82963,1.93464,0.71374,0.56358,3.21196,2.84944,3.29747,1.12381,0.75362,5.17490,4.84186,2025-03-21,7,7,1,40,1,0,40,2023-11-17,23,17,7,329,1,0,329,112.250,,3,284007.00,2,5,"10506 Clear Creek Commerce Drive,Mint Hill,NC,28227",35.2133,-80.638,,2026-04-01
345563,Pavilion Health Center at Brightmore,10011 Providence Road West,Charlotte,NC,28277,9802458500,590,Mecklenburg,Y,For profit - Limited Liability company,108,98.7,,Medicare and Medicaid,N,LIBERTY HEALTHCARE GROUP LLC,2014-03-20,LIBERTY SENIOR LIVING,310,37,2.6,2.9,2.1,3.0,N,,N,N,N,Resident,Yes,2,,2,,3,,5,,1,,2,,,,1.94795,0.95241,0.41353,1.36594,3.31388,3.08433,0.36752,0.05447,43.2,,54.5,,0,,1.32085,0.94910,2.21325,0.81652,0.64474,3.67452,3.25979,2.03808,0.99648,0.43267,3.46723,3.22705,2025-07-03,7,6,1,44,1,0,44,2024-03-26,19,19,9,230,1,0,230,90.500,,2,112580.00,0,2,"10011 Providence Road West,Charlotte,NC,28277",35.0374,-80.831,,2026-04-01
345564,Sharon Towers,5100 Sharon Road,Charlotte,NC,28210,7045531670,590,Mecklenburg,Y,Non profit - Corporation,19,4.8,,Medicare,N,PRESBYTERIAN HOME AT CHARLOTTE INC,2014-08-04,,,,,,,,Y,,N,N,N,Resident,Yes,4,,4,,3,,,2,3,,,2,6,6,,,,,,,,,,26,,26,,26,,,,,,,,,,,,,2025-11-25,0,0,0,0,0,0,0,2024-11-07,6,6,0,24,1,0,24,6.000,,0,0.00,0,0,"5100 Sharon Road,Charlotte,NC,28210",35.143,-80.834,,2026-04-01
345565,Trinity Elms,7449 Fair Oaks Drive,Clemmons,NC,27012,3367471153,330,Forsyth,Y,Non profit - Church related,100,89.5,,Medicare and Medicaid,N,"LUTHERAN HOME - FORSYTH COUNTY, INC.",2014-11-13,LUTHERAN SERVICES CAROLINAS,327,9,4.3,3.7,4.7,3.0,Y,,N,N,N,Resident,Yes,2,,3,,1,,2,,1,,4,,,,2.81993,0.93259,0.52624,1.45882,4.27876,4.03242,0.60401,0.07401,51.5,,63.6,,0,,1.29160,0.92809,2.16424,0.79844,0.63046,3.59315,3.18760,3.01723,0.99784,0.56305,4.57813,4.31455,2025-01-17,5,4,1,32,1,0,32,2023-08-30,4,2,3,44,1,0,44,35.000,,2,15646.00,0,2,"7449 Fair Oaks Drive,Clemmons,NC,27012",36.0246,-80.406,,2026-04-01
345566,PruittHealth-Union Pointe,3510 West Highway 74,Monroe,NC,28110,7042918500,890,Union,Y,For profit - Limited Liability company,90,84.0,,Medicare and Medicaid,N,"THE HERITAGE OF UNION COUNTY, LLC",2014-11-25,PRUITTHEALTH,434,96,2.9,2.8,2.4,3.7,N,,N,N,N,Resident,Yes,1,,1,,3,,4,,2,,4,,,,2.15598,0.90923,0.73956,1.64879,3.80477,3.23616,0.54206,0.07093,51.6,,59.1,,0,,1.25476,0.90161,2.10250,0.77567,0.61248,3.49065,3.09667,2.37457,1.00141,0.81454,4.19052,3.56426,2025-05-12,5,5,4,32,1,0,32,2024-02-16,20,18,12,313,1,0,313,102.250,,2,197532.00,1,3,"3510 West Highway 74,Monroe,NC,28110",35.0303,-80.543,,2026-04-01
345567,Autumn Care of Cornelius,19530 Mount Zion Parkway,Cornelius,NC,28031,7049972970,590,Mecklenburg,Y,For profit - Corporation,102,95.2,,Medicare and Medicaid,N,AUTUMN CORPORATION,2015-03-09,SABER HEALTHCARE GROUP,461,126,3.0,2.7,2.3,4.0,N,,N,N,N,Resident,Yes,2,,2,,4,,4,,4,,3,,,,2.21169,1.00123,0.44325,1.44447,3.65616,3.29214,0.25875,0.07183,50.9,,45.5,,0,,1.35037,0.97031,2.26271,0.83477,0.65915,3.75663,3.33263,2.26345,1.02466,0.45362,3.74173,3.36919,2025-07-25,10,9,2,44,1,0,44,2024-05-02,7,7,0,44,1,0,44,44.000,,0,0.00,0,0,"19530 Mount Zion Parkway,Cornelius,NC,28031",35.4732,-80.851,,2026-04-01
345568,Davis Health and Wellness Center at Cambridge Vill,83 Cavalier Drive STE 200,Wilmington,NC,28405,9106798300,640,New Hanover,Y,Non profit - Corporation,20,18.0,,Medicare and Medicaid,N,"CORNELIA NIXON DAVIS, INC.",2015-06-06,,,,,,,,N,,N,N,N,None,Yes,3,,3,,4,,,2,4,,3,,,,2.22275,0.42347,1.27023,1.69370,3.91645,3.74488,1.07977,0.17140,73.9,,83.3,,2,,1.45698,1.04692,2.44136,0.90068,0.71119,4.05322,3.59575,2.10831,0.40167,1.20483,3.71482,3.55209,2025-01-24,2,1,1,20,1,0,20,2023-11-30,6,6,2,52,1,0,52,28.000,,1,5244.00,0,1,"83 Cavalier Drive STE 200,Wilmington,NC,28405",34.2817,-77.825,22,2026-04-01
345569,Springbrook Nursing and Rehabilitation Center,195 Springbrook Avenue,Clayton,NC,27520,9195507200,500,Johnston,Y,For profit - Limited Liability company,100,95.7,,Medicare and Medicaid,N,"EVEREST LONG TERM CARE, LLC",2015-08-01,PRINCIPLE LONG TERM CARE,423,44,3.1,3.0,3.0,3.4,N,,Y,N,N,Resident,Yes,2,,2,,2,,1,,3,,4,,,,2.33678,0.75029,0.67616,1.42645,3.76322,3.38941,0.40668,0.08950,56.7,,52.9,,0,,1.24968,0.89796,2.09399,0.77253,0.61000,3.47652,3.08413,2.58415,0.82972,0.74774,4.16161,3.74822,2025-04-24,1,0,1,4,0,0,4,2024-02-13,16,14,10,116,1,0,116,32.000,,2,25625.00,1,3,"195 Springbrook Avenue,Clayton,NC,27520",35.6363,-78.445,22,2026-04-01
345570,Huntersville Health & Rehabilitation Center,13835 Boren Street,Huntersville,NC,28078,7049122222,590,Mecklenburg,Y,For profit - Limited Liability company,90,86.4,,Medicare and Medicaid,N,HUNTERSVILLE OPERATOR LLC,2016-06-27,LIFEWORKS REHAB,768,62,2.1,2.1,1.5,4.0,N,,N,N,N,Resident,Yes,4,,3,,5,,3,,5,,2,,,,1.97928,1.20460,0.73340,1.93800,3.91728,3.47967,0.43834,0.28288,53.8,,52.6,,0,,1.56750,1.12634,2.62655,0.96900,0.76514,4.36069,3.86851,1.74501,1.06202,0.64659,3.45363,3.06781,2025-05-07,4,3,1,16,1,0,16,2024-01-25,7,4,3,44,1,0,44,23.000,0,0,0.00,0,0,"13835 Boren Street,Huntersville,NC,28078",35.4022,-80.866,,2026-04-01
345571,Bradley Creek Health Center,740 Diamond Shoals Road,Wilmington,NC,28403,9107697550,640,New Hanover,Y,For profit - Corporation,30,28.3,,Medicare,N,Legal Business Name Not Available,2016-08-18,,,,,,,,Y,,N,N,N,Resident,Yes,5,,5,,3,,,2,3,,5,,,,2.22900,0.93433,1.37622,2.31055,4.53955,4.04626,1.04340,0.18720,34.0,,20.0,,,26,1.45305,1.04409,2.43476,0.89824,0.70927,4.04228,3.58604,2.11997,0.88863,1.30890,4.31750,3.84834,2025-05-30,0,0,0,0,0,0,0,2024-04-11,3,3,2,12,1,0,12,3.000,0,0,0.00,0,0,"740 Diamond Shoals Road,Wilmington,NC,28403",34.2369,-77.854,,2026-04-01
345572,The Cardinal at North Hills,311 Garden at North Hills Street,Raleigh,NC,27609,9842048444,910,Wake,Y,For profit - Limited Liability company,15,11.9,,Medicare,N,"THE CARDINAL AT NORTH HILLS HEALTHCARE, LLC",2017-06-28,KISCO SENIOR LIVING,585,2,2.5,3.5,1.0,1.5,Y,,N,N,N,None,Yes,3,,4,,1,,,2,1,,,2,6,6,,,,,,,,,,26,,26,,26,,,,,,,,,,,,,2025-09-10,2,2,1,20,1,0,20,2024-09-19,0,0,0,0,0,0,0,15.000,,1,7901.00,0,1,"311 Garden at North Hills Street,Raleigh,NC,27609",35.8353,-78.635,,2026-04-01
345573,Arbor Acres United Methodist Retirement Community,1250 Arbor Road,Winston Salem,NC,27104,3367247921,330,Forsyth,Y,Non profit - Corporation,6,10.3,,Medicare,N,ARBOR ACRES UNITED METHODIST RETIREMENT COMMUNITY INC,2017-06-30,,,,,,,,Y,,N,N,N,Resident,Yes,4,,5,,2,,,2,2,,1,24,,,0.57466,0.17681,0.43527,0.61208,1.18674,0.87764,0.17978,0.06713,,26,,27,,26,1.29933,0.93364,2.17719,0.80322,0.63423,3.61464,3.20667,0.61122,0.18805,0.46296,1.26223,0.93346,2025-03-20,0,0,0,0,0,0,0,2023-11-09,0,0,0,0,0,0,0,0.000,,0,0.00,0,0,"1250 Arbor Road,Winston Salem,NC,27104",36.1067,-80.279,,2026-04-01
345574,Bellarose Nursing And Rehab,200 Bellarose Lake Way,Garner,NC,27529,9199858400,910,Wake,Y,For profit - Corporation,100,93.9,,Medicare and Medicaid,N,BELLAROSE NURSING AND REHAB CENTER INC,2018-03-29,,,,,,,,N,,N,N,N,Resident,Yes,5,,5,,3,,3,,3,,4,,,,2.58181,1.46894,0.39593,1.86486,4.44667,3.79142,0.31778,0.18769,27.0,,36.4,,0,,1.35921,0.97666,2.27752,0.84023,0.66346,3.78122,3.35445,2.62505,1.49354,0.40256,4.52115,3.85492,2025-07-24,0,0,0,0,0,0,0,2024-05-16,0,0,0,0,0,0,0,0.000,,0,0.00,0,0,"200 Bellarose Lake Way,Garner,NC,27529",35.6702,-78.602,,2026-04-01
345575,Brunswick Health & Rehab Center,9600 NO 5 School Road,Ash,NC,28420,9102876007,090,Brunswick,Y,For profit - Corporation,100,96.7,,Medicare and Medicaid,N,"BRUNSWICK HEALTH & REHAB CENTER, LLC",2018-03-28,SABER HEALTHCARE GROUP,461,126,3.0,2.7,2.3,4.0,N,,N,N,N,Resident,Yes,1,,1,,3,,5,,2,,3,,,,2.22782,0.73873,0.56346,1.30219,3.53002,3.09397,0.21169,0.02324,53.8,,62.5,,0,,1.27607,0.91692,2.13821,0.78884,0.62288,3.54993,3.14926,2.41272,0.80004,0.61023,3.82299,3.35076,2025-02-18,12,12,7,197,1,0,197,2023-12-21,13,7,6,76,1,0,76,166.750,,3,186707.00,0,3,"9600 NO 5 School Road,Ash,NC,28420",34.056,-78.518,22,2026-04-01
345576,Parkview Health and Rehabilitation Center,1716 Legion Road,Chapel Hill,NC,27517,9842343600,310,Durham,Y,For profit - Limited Liability company,108,96.9,,Medicare and Medicaid,N,LIBERTY HEALTHCARE GROUP LLC,2018-09-19,LIBERTY SENIOR LIVING,310,37,2.6,2.9,2.1,3.0,N,,N,N,N,Both,Yes,5,,5,,4,,2,,5,,3,,,,2.07112,1.16212,0.32834,1.49046,3.56158,3.20428,0.17151,0.06318,34.8,,0.0,,0,,1.31248,0.94309,2.19923,0.81135,0.64066,3.65124,3.23913,2.18077,1.22365,0.34572,3.75015,3.37393,2026-01-23,0,0,0,0,0,0,0,2024-10-03,0,0,0,0,0,0,0,0.000,,0,0.00,0,0,"1716 Legion Road,Chapel Hill,NC,27517",35.9428,-79.009,,2026-04-01
345577,Swift Creek Health Center,221 Brightmore Drive,CARY,NC,27518,9842003688,910,Wake,Y,For profit - Corporation,3,2.6,,Medicare,N,CARY SENIOR HOUSING I OPCO LLC,2020-11-17,LIBERTY SENIOR LIVING,310,37,2.6,2.9,2.1,3.0,Y,,N,N,N,Resident,Yes,3,,4,,1,,,2,1,,,2,6,6,,,,,,,,,,26,,26,,26,,,,,,,,,,,,,2025-06-18,2,2,0,20,1,0,20,2024-06-27,1,0,1,4,0,0,4,16.000,,0,0.00,0,0,"221 Brightmore Drive,CARY,NC,27518",35.7566,-78.782,22,2026-04-01
345578,Briar Creek Health Center,6041 Piedmont Row Drive,Charlotte,NC,28210,9802248540,590,Mecklenburg,Y,For profit - Limited Liability company,6,4.0,,Medicare,N,CHARLOTTE SP SENIOR HOUSING OPCO LLC,2021-04-19,LIBERTY SENIOR LIVING,310,37,2.6,2.9,2.1,3.0,Y,,N,N,N,None,Yes,4,,3,,5,,,2,5,,4,,,,1.89096,4.90685,3.61458,8.52142,10.41238,7.49631,2.50893,0.53638,,26,,26,,26,1.41879,1.01948,2.37736,0.87707,0.69255,3.94697,3.50149,1.84189,4.77952,3.52078,10.14219,7.30179,2025-05-06,2,2,0,20,1,0,20,2024-03-07,6,5,2,52,1,0,52,28.000,,1,8606.00,0,1,"6041 Piedmont Row Drive,Charlotte,NC,28210",35.1514,-80.84,,2026-04-01
345579,North Carolina State Veterans Home Kernersville,1795 Kernersville Medical Parkway,Kernersville,NC,27284,7432093042,330,Forsyth,Y,Government - State,120,54.5,,Medicare and Medicaid,N,NC DEPT OF MILITARY AND VETERANS AFFAIRS,2024-08-22,,,,,,,,N,,N,N,N,Resident,Yes,5,,5,,3,,3,,,2,5,,,,4.19308,1.88394,1.07549,2.95943,7.15251,6.16750,0.87972,0.01381,,27,,27,,27,1.29468,0.93030,2.16940,0.80035,0.63197,3.60172,3.19521,4.47578,2.01096,1.14800,7.63474,6.58332,2025-12-05,0,0,0,0,0,0,0,2024-08-22,0,0,0,0,0,0,0,0.000,,0,0.00,0,0,"1795 Kernersville Medical Parkway,Kernersville,NC,27284",36.1163,-80.092,22,2026-04-01
34A001,Black Mountain Neuro-Medical Treatment Center,932 Old US Highway 70,Black Mountain,NC,28711,8282596700,100,Buncombe,Y,Government - State,163,76.3,,Medicaid,N,Legal Business Name Not Available,1991-10-04,,,,,,,,N,,N,N,N,Resident,Yes,5,,5,,5,,5,,,2,,2,6,6,,,,,,,,,,27,,27,,27,,,,,,,,,,,,,2025-09-25,0,0,0,0,0,0,0,2024-08-15,2,2,2,12,1,0,12,3.000,,0,0.00,0,0,"932 Old US Highway 70,Black Mountain,NC,28711",35.6076,-82.312,22,2026-04-01
34A002,O'Berry Neuro-Medical Treatment Center,400 Old Smithfield Road,Goldsboro,NC,27533,9195814001,950,Wayne,Y,Government - State,144,120.7,,Medicaid,N,Legal Business Name Not Available,2010-03-29,,,,,,,,N,SFF Candidate,N,N,N,Both,Yes,1,,1,,3,,3,,,2,,2,6,6,,,,,,,,,,26,,26,,26,,,,,,,,,,,,,2025-10-09,1,1,1,4,0,0,4,2024-12-16,25,12,17,776,2,388,1164,294.000,,1,167242.00,1,2,"400 Old Smithfield Road,Goldsboro,NC,27533",35.3994,-78.037,,2026-04-01
