rpt_rec_num,Provider CCN,Facility Name,Street Address,City,State Code,Zip Code,County,Medicare CBSA Number,Rural versus Urban,Fiscal Year Begin Date,Fiscal Year End Date,Type of Control,Total Days Title V,Total Days Title XVIII,Total Days Title XIX,Total Days Other,Total Days Total,Number of Beds,Total Bed Days Available,Total Discharges Title V,Total Discharges Title XVIII,Total Discharges Title XIX,Total Discharges Title Other,Total Discharges Total,SNF Average Length of Stay Title V,SNF Average Length of Stay Title XVIII,SNF Average Length of Stay Title XIX,SNF Average Length of Stay Total,SNF Admissions Title V,SNF Admissions Title XVIII,SNF Admissions Title XIX,SNF Admissions Other,SNF Admissions Total,SNF Days Title V,SNF Days Title XVIII,SNF Days Title XIX,SNF Days Other,SNF Days Total,SNF Number of Beds,SNF Bed Days Available,SNF Discharges Title V,SNF Discharges Title XVIII,SNF Discharges Title XIX,SNF Discharges Title Other,SNF Discharges Total,NF Number of Beds,NF Bed Days Available,NF Days Title V,NF Days Title XIX,NF Days Other,NF Days Total,NF Discharges Title V,NF Discharges Title XIX,NF Discharges Title Other,NF Discharges Total,NF Average Length of Stay Title V,NF Average Length of Stay Title XIX,NF Average Length of Stay Total,NF Admissions Title V,NF Admissions Title XIX,NF Admissions Other,NF Admissions Total,Total RUG Days,Total Salaries From Worksheet A,Overhead Non-Salary Costs,Total Charges,Total Costs,Wage-related Costs (core),Total Salaries (adjusted),Contract Labor,Cash on hand and in banks,Temporary Investments,Notes Receivable,Accounts Receivable,Less: Allowances for uncollectible notes and accounts receivable,Inventory,Prepaid expenses,Other current assets,Total Current Assets,Land,Land improvements,Buildings,Leasehold improvements,Fixed equipment,Major movable equipment,Minor equipment depreciable,Total fixed Assets,Investments,Other Assets,Total other Assets,Total Assets,Accounts payable,"Salaries, wages, and fees payable",Payroll taxes payable,Notes and Loans Payable (short term),Deferred income,Other current liabilities,Total current liabilities,Mortgage payable,Notes Payable,Unsecured Loans,Other long term liabilities,Total long term liabilities,Total liabilities,General fund balance,Total fund balances,Total Liabilities and fund balances,Total General Inpatient Care Services Revenue,Inpatient Revenue,Outpatient Revenue,Gross Revenue,Less Contractual Allowance and discounts on patients' accounts,Net Patient Revenue,Less Total Operating Expense,Net Income from service to patients,Total Other Income,Total Income,Net Income,Inpatient PPS Amount,Nursing and Allied Health Education Activities,Allowable Bad Debts
1364611,345066,GOLDEN AGE OF LEXINGTON,4748 OLD LEXINGTON ROAD,LEXINGTON,NC,27295-7827,DAVIDSON,49180,U,2022-10-01,2022-11-30,4,,365,2668,2100,5133,100,12100,,4,5,27,36,,91.25,533.6,142.58,,7,1,23,31,,365,2668,2100,5133,100,12100,,4,5,27,36,,,,,,,,,,,,,,,,,,,606968,1267746,570952,278828,203171,606968,,2224773,,,1493526,,,99153,,4234112,250000,20683,4934403,,,1126088,,3104080,,,,7338192,345539,152290,11505,,,13552,522886,,3105362,,,3105362,3628248,3709944,3709944,7338192,1855390,1991556,,1991556,,1991556,1874714,116842,2164,119006,119006,223842,,6419
1364613,345140,BRIGHTMOOR NURSING CENTER,610 WEST FISHER STREET,SALISBURY,NC,28144,ROWAN,16740,U,2022-10-01,2022-11-30,4,,54,1372,164,1590,60,3660,,1,6,,7,,54,228.67,224.29,,1,1,2,4,,54,1372,144,1570,58,3538,,1,6,,7,,,,,,,,,,,,,,,,,,,260800,431828,61929,26321,50397,260800,,245758,,,298030,,,,,543788,116000,,1913564,,,663933,,267062,,23051,26504,837354,1324832,74126,17107,,,,1416065,497798,,,3955980,4453778,5869843,-5032489,-5032489,837354,490501,499812,,499812,,499812,692628,-192816,,-192816,-192816,32590,,
1364742,345223,VALLEY HILL HEALTH AND REHAB,1510 HEBRON ROAD,HENDERSONVILLE,NC,28739,HENDERSON,11700,U,2022-11-01,2022-12-31,4,,500,307,3416,4223,130,7930,,8,11,4,23,,62.5,27.91,183.61,,24,24,17,65,,500,307,3416,4223,130,7930,,8,11,4,23,,,,,,,,,,,,,,,,,,,455926,1004404,211149,98546,40536,455926,526812,70089,,,1331300,960,,12509,,1412938,,,,,,41228,,39905,,15580,15580,1468423,741810,51196,4603,,,93697,891306,,,,,564322,1455628,12795,12795,1468423,867366,1081293,,1081293,-93900,1175193,1460330,-285137,297932,12795,12795,251408,,
1370214,345163,GLENBRIDGE HEALTH AND REHABILITATION,211 MILTON BROWN HEIRS ROAD,BOONE,NC,28607,WATAUGA,99934,R,2022-12-01,2023-06-30,4,,2349,7310,6529,16188,134,28274,,49,4,,53,,47.94,1827.5,305.43,,7,,43,50,,2349,7310,6529,16188,134,28274,,49,4,,53,,,,,,,,,,,,,,,,,,,1926077,3670476,850267,575090,268434,1926077,704563,604191,,,949910,63389,,87175,,1890839,,,7669,18990,,68963,,85146,,155020,155020,2131005,508083,297530,3435,,,757603,2920820,,115246,,,115246,3036066,-905061,-905061,2131005,4694626,5550347,,5550347,-17442,5567789,5596553,-28764,-1303,-30067,-30067,1371087,,18395
1372132,345542,THE FOREST AT DUKE  INC.,2701 PICKETT ROAD,DURHAM,NC,27705,DURHAM,20500,U,2022-10-01,2023-09-30,2,,590,,21043,21633,90,32850,,16,,40,56,,36.88,,355.22,,17,,16,33,,590,,13974,14564,58,21170,,16,,25,41,,,,,,,,,,,,,,,,,,,10750821,24067321,174021,197796,2237960,10750821,1274024,16755907,,,403675,,8082,78720,,17649250,6111141,11959996,86613034,,,33868705,,94525871,33201722,1049549,34251271,146426392,2035170,420481,6202,,,38411,2500264,,77942116,,53976615,131918731,134418995,12007397,12007397,146426392,4418530,27040756,281955,27322711,172254,27150457,34818142,-7667685,4964201,-2703484,-2703484,293353,,
1372336,345512,CYPRESS GLEN RETIREMENT COMMUNITY,100 HICKORY STREET,GREENVILLE,NC,27858,PITT,24780,U,2022-10-01,2023-09-30,1,,915,,22427,23342,72,26280,,31,,44,75,,29.52,,172.43,,35,,23,58,,915,,8396,9311,30,10950,,31,,23,54,,,,,,,,,,,,,,,,,,,8230100,10642671,709105,465257,1373998,8230100,323746,6210481,,,5662387,183982,231303,1527604,,24379995,6717324,25301200,292101500,,,24807955,,222458448,107282907,11911956,119448008,366286451,4450242,2187039,70462,,95310583,1870938,103889264,,150680275,,,150680275,254569539,111716912,111716912,366286451,7855646,19535099,,19535099,543254,18991845,18872771,119074,4097642,4216716,4216716,501883,,
1372526,345180,WESLEY PINES RETIREMENT HOME,1000 WESLEY PINES ROAD,LUMBERTON,NC,28358,ROBESON,99934,R,2022-10-01,2023-09-30,1,,986,12225,19475,32686,104,37960,,17,21,87,125,,58,582.14,200,,31,16,60,107,,986,12225,8189,21400,62,22630,,17,21,69,107,,,,,,,,,,,,,,,,,,,4924253,4875181,1389882,843852,843374,4924253,617142,6210481,,,5662387,183982,231303,1527604,,24379995,6717324,25301200,292101500,,,24807955,,222458448,107282907,11911956,119448008,366286451,4450242,2187039,70462,,95310583,1870938,103889264,,150680275,,,150680275,254569539,111716912,111716912,366286451,8625147,11148455,,11148455,976100,10172355,9799434,372921,469124,842045,842045,562117,,15361
1372907,345015,CLAPPS CONVALESCENT NURSING HOME,500 MOUNTAIN TOP DRIVE,ASHEBORO,NC,27203,RANDOLPH,24660,U,2022-10-01,2023-09-30,4,,2497,19653,10299,32449,96,35040,,92,32,267,391,,27.14,614.16,82.99,,122,32,244,398,,2497,19653,10299,32449,96,35040,,92,32,267,391,,,,,,,,,,,,,,,,,,,5054597,5167262,1484565,1204217,1350744,5054597,88008,883275,,,852141,,,,,1740141,,99999,584576,,1854838,,,588793,,,,2328934,169306,410790,16025,,,,596121,,,,,,596121,1732813,1732813,2328934,11367704,12859019,,12859019,1362507,11496512,10221859,1274653,244473,1519126,1519126,1403113,,5755
1372908,345024,CLAPPS NURSING CENTER  INC,5229 APPOMATTOX ROAD,PLEASANT GARDEN,NC,27313,GUILFORD,24660,U,2022-10-01,2023-09-30,4,,1711,19498,14219,35428,118,43070,,63,13,226,302,,27.16,1499.85,117.31,,87,17,207,311,,1711,19498,14219,35428,118,43070,,63,13,226,302,,,,,,,,,,,,,,,,,,,5550198,5722747,1298514,1228837,1266807,5550198,17865,655212,,,833994,,,,,1489206,251710,148792,1262341,,1175502,,,827229,,,,2316435,134956,297578,1886,,,,434420,345069,,,,345069,779489,1536946,1536946,2316435,11914151,13216465,,13216465,797510,12418955,11272945,1146010,228975,1374985,1374985,995130,,1200
1372912,345413,FLESHERS FAIRVIEW HEALTH CARE CTR,3016 CANE CREEK ROAD,FAIRVIEW,NC,28730,BUNCOMBE,11700,U,2022-10-01,2023-09-30,4,,655,14216,5765,20636,120,43800,,5,26,30,61,,131,546.77,340.29,,14,12,23,49,,655,14216,1463,16334,106,38690,,5,26,17,48,,,,,,,,,,,,,,,,,,,3234336,3837527,749264,539076,672493,3234336,205989,1618203,,,488746,,24742,,,2136532,,,289652,23135,,800685,,414133,,,,2550665,70385,214488,297395,,3718662,16870,4317800,,,,-557899,-557899,3759901,-1209236,-1209236,2550665,5075967,5839145,,5839145,-1000946,6840091,7071863,-231772,23831,-207941,-207941,358816,,27950
1373101,345322,THE LAURELS OF HENDERSONVILLE,290 CLEAR CREEK ROAD,HENDERSONVILLE,NC,28792,HENDERSON,11700,U,2022-10-01,2023-09-30,4,,3251,22543,14802,40596,120,43800,,95,34,208,337,,34.22,663.03,114.07,,105,34,152,291,,3251,22543,8312,34106,100,36500,,95,34,170,299,,,,,,,,,,,,,,,,,,,5269943,6444246,3145126,1545718,1440947,5269943,36000,-46902,,,1598588,391077,,79077,-62057,1143523,,,,412996,167063,,,263283,,204191,204191,1610997,502266,153261,191947,,,1663843,-21223171,,,,,,-21223171,22834168,22834168,1610997,13524182,16886041,,16886041,2726788,14159253,11714189,2445064,563102,3008166,3008166,1796181,,22426
1373237,345127,WHITE OAK MANOR - TRYON,70 OAK STREET,TRYON,NC,28782,POLK,99934,R,2022-10-01,2023-09-30,4,,1921,12281,5996,20198,70,25550,,39,15,53,107,,49.26,818.73,188.77,,57,6,42,105,,1921,12281,5996,20198,70,25550,,39,15,53,107,,,,,,,,,,,,,,,,,,,3910916,2751618,901289,614490,788641,3910916,,101099,,,322994,52555,23975,,-805,394708,,,,,,1482469,,232488,,819,819,628015,119446,185915,,,,-145230,160131,,,,,,160131,467884,467884,628015,6255520,7170685,,7170685,679176,6491509,6662534,-171025,322220,151195,151195,1067095,,11531
1373238,345171,WHITE OAK MANOR - SHELBY,401 N MORGAN STREET,SHELBY,NC,28151-1709,CLEVELAND,99934,R,2022-10-01,2023-09-30,4,,3024,25109,10808,38941,141,51465,,111,61,160,332,,27.24,411.62,117.29,,130,31,148,309,,3024,25109,10808,38941,141,51465,,111,61,160,332,,,,,,,,,,,,,,,,,,,7050625,5069876,1739373,1063431,1070344,7050625,,100893,,,1191160,26325,43103,,-628,1383632,,,,,,2241724,,425500,,-4628158,-4628158,-2819026,119690,179074,,,,174590,473354,,,,,,473354,-3292380,-3292380,-2819026,12547344,14330282,,14330282,1514808,12815474,12120501,694973,,694973,694973,1637770,,22562
1373239,345363,COMPASS HEALTHCARE & REHAB HAWFIELDS,2502 SOUTH NC 119,MEBANE,NC,27302,ALAMANCE,15500,U,2022-10-01,2023-09-30,4,,1424,14027,14636,30087,117,42705,,41,39,132,212,,34.73,359.67,141.92,,55,29,207,291,,1424,14027,14636,30087,117,42705,,41,39,132,212,,,,,,,,,,,,,,,,,,,4049929,5875026,1150869,1246218,507475,4049929,316684,1312022,,,739574,12770,,104629,,2163152,,,,,,344607,,247071,,172460,172460,2582683,479292,100911,173558,,,23440,777201,,,,,,777201,1805482,1805482,2582683,8667678,9818547,,9818547,-338636,10157183,9924955,232228,26148,258376,258376,874628,,13846
1373241,345530,PENN NURSING CENTER,618-A S. MAIN STREET,REIDSVILLE,NC,27320,ROCKINGHAM,24660,U,2022-10-01,2023-09-30,2,,1104,17445,8626,27175,92,33580,,41,46,134,221,,26.93,379.24,119.11,,172,31,16,219,,1104,17445,6465,25014,82,29930,,41,46,123,210,,,,,,,,,,,,,,,,,,,4252220,4387020,1943054,837138,1118966,4252220,,,,,,,,,,,,,,,,,,,,,,,,,,,,,,,,,,,,-1616847,-1616847,-1616847,7094143,9192223,,9192223,786258,8405965,8639240,-233275,42849,-190426,-190426,616445,,27346
1373358,345550,WHITE OAK MANOR - WAXHAW,700 HOWIR MINE ROAD,WAXHAW,NC,28173-9715,UNION,16740,U,2022-10-01,2023-09-30,4,,4801,15453,13221,33475,100,36500,,173,38,270,481,,27.75,406.66,69.59,,212,13,251,476,,4801,15453,13221,33475,100,36500,,173,38,270,481,,,,,,,,,,,,,,,,,,,5453766,6091216,2333582,1603898,977916,5453766,,100996,,,859126,24314,30289,,-3158,1086558,,,,343530,,2449529,,529803,,-3251332,-3251332,-1634971,279878,249804,,,,72955,602637,,,,,,602637,-2237608,-2237608,-1634971,12430677,14852265,,14852265,2077644,12774621,11544982,1229639,-6908,1222731,1222731,2955750,,21219
1373507,345196,MOUNTAIN VISTA HEALTH PARK,106 MOUNTAIN VISTA HEALTH PARK,DENTON,NC,27239,DAVIDSON,49180,U,2022-10-01,2023-09-30,2,,949,15246,17681,33876,120,43800,,29,25,109,163,,32.72,609.84,154.7,,34,17,69,120,,949,15246,3761,19956,60,21900,,29,25,75,129,,,,,,,,,,,,,,,,,,,4555539,3831799,1582861,825093,786468,4555539,532100,2973112,6890989,,712305,55088,27672,18522,58263,10648416,27158,513217,5157652,,1195503,,,2787346,,1579,1579,13437341,96009,605238,4837,,,,706084,,,,,,706084,12731257,12731257,13437341,7887452,9479755,,9479755,822285,8657470,8387338,270132,865841,1135973,1135973,544420,,12934
1373585,345160,CORNELIA NIXON DAVIS  INC.,1101 PORTERS NECK ROAD,WILMINGTON,NC,28411,NEW HANOVER,48900,U,2022-10-01,2023-09-30,2,,5765,12832,21066,39663,179,65335,,206,29,207,442,,27.99,442.48,89.74,,252,29,193,474,,5765,12832,21066,39663,179,65335,,206,29,207,442,,,,,,,,,,,,,,,,,,,10912828,23181515,2231068,1730233,2138725,10912828,3500257,5693614,132062,,3087802,517378,165436,1150178,1750383,11916221,6418678,1531557,85848629,,,5079478,,139781991,,2549130,2549130,154247342,2275508,943802,18577,2287831,197456,711251,6434425,,92126440,,14042,92140482,98574907,55672435,55672435,154247342,13916584,16196820,,16196820,1247562,14949258,34094343,-19145085,17467261,-1677824,-1677824,3069586,,
1373590,345568,CORNELIA NIXON DAVIS  INC.,83 CAVALIER DRIVE  SUITE 200,WILMINGTON,NC,28411,NEW HANOVER,48900,U,2022-10-01,2023-09-30,2,,2403,924,2427,5754,20,7300,,131,,85,216,,18.34,,26.64,,145,1,69,215,,2403,924,2427,5754,20,7300,,131,,85,216,,,,,,,,,,,,,,,,,,,10912828,23181515,642671,500278,119074,10912828,668305,5693614,132062,,3087802,517378,165436,1150178,1750383,11916221,6418678,1531557,85848629,,,5079478,,139781991,,2549130,2549130,154247342,2275508,943802,18577,2287831,197456,711251,6434425,,92126440,,14042,92140482,98574907,55672435,55672435,154247342,1927091,2586063,,2586063,56970,2529093,34094343,-31565250,29887426,-1677824,-1677824,1314678,,
1373644,345301,WHITE OAK MANOR - BURLINGTON,323 BALDWIN ROAD,BURLINGTON,NC,27217,ALAMANCE,15500,U,2022-10-01,2023-09-30,4,,762,22424,20738,43924,160,58400,,20,62,293,375,,38.1,361.68,117.13,,25,36,306,367,,762,22424,20738,43924,160,58400,,20,62,293,375,,,,,,,,,,,,,,,,,,,7848583,5316079,1969369,1236074,1316245,7848583,,100762,,,1838765,44709,24668,26249,-3217,1985682,,,,,,1606811,,206220,,,,2191902,186878,332361,,,,111341,630580,,,,,,630580,1561322,1561322,2191902,12910864,15019668,,15019668,2373987,12645681,13164662,-518981,435740,-83241,-83241,411180,,29589
1373699,345310,PIEDMONT CROSSING,100 HEDRICK DRIVE,THOMASVILLE,NC,27360,DAVIDSON,49180,U,2022-10-01,2023-09-30,1,,2493,7730,23097,33320,134,48910,,55,16,206,277,,45.33,483.13,112.04,,83,14,159,256,,2493,7730,20141,30364,114,41610,,55,16,200,271,,,,,,,,,,,,,,,,,,,8040352,9881083,2280813,1214088,1639838,8040352,743775,10226,,,1038178,94851,57375,87328,,1344684,510593,1788397,31810119,,,4952911,,7811398,,2881093,2881093,12037175,508802,732370,120937,345940,,,1717875,12761249,,,16276369,29037618,30755493,-18718318,-18718318,12037175,10479074,19933471,,19933471,2005267,17928204,17921435,6769,601627,608396,608396,1426473,,6583
1373990,345106,TRINITY RIDGE,1125 10TH STREET BLVD  NW,HICKORY,NC,28601,CATAWBA,25860,U,2022-10-01,2023-09-30,1,,4432,19888,14993,39313,120,43800,,123,40,142,305,,36.03,497.2,128.9,,170,16,130,316,,4432,19888,14993,39313,120,43800,,123,40,142,305,,,,,,,,,,,,,,,,,,,7143490,7212060,8592701,1949280,1103242,7143490,1016129,2048664,,,2737244,506928,61432,10240,,3375731,,,83982,,266540,2116062,,285625,2761653,,2761653,6423009,274817,537448,-20,,,8394,820639,,,,,,820639,5602370,5602370,6423009,13316739,21985448,,21985448,7692778,14292670,14355550,-62880,318350,255470,255470,2443955,,26501
1373991,345109,TRINITY PLACE,24724 HIGHWAY 52 SOUTH,ALBEMARLE,NC,28002,STANLY,16740,U,2022-10-01,2023-09-30,1,,3195,10424,18624,32243,103,37595,,68,28,123,219,,46.99,372.29,124.62,,93,14,94,201,,3195,10424,11056,24675,76,27740,,68,28,102,198,,,,,,,,,,,,,,,,,,,5265621,4706105,4307094,1141756,798566,5265621,518175,769740,,,811608,36215,54594,11570,249743,3573951,,,208699,,104612,1786901,,614507,2446248,,2446248,6634706,126213,375359,,,,68301,569873,,155095,,,155095,724968,5909738,5909738,6634706,8119488,12493426,,12493426,2906259,9587167,9971726,-384559,323213,-61346,-61346,1683382,,22842
1373992,345148,FRIENDS HOME GUILFORD,925 NEW GARDEN ROAD,GREENSBORO,NC,27410,GUILFORD,24660,U,2022-10-01,2023-09-30,1,,366,1478,38104,39948,129,47085,,7,7,99,113,,52.29,211.14,351.81,,25,1,43,69,,366,1478,22431,24275,69,25185,,7,7,55,69,,,,,,,,,,,,,,,,,,,8224942,18726378,1555506,1396974,2618532,8224942,899559,22065246,37175232,,1551012,,28572,155098,,61035671,3068772,3346297,52843732,,4877029,,,37958471,,96352,-73855878,25138264,1513573,1106875,7102,350128,10733267,790299,14501244,,,,55043844,1816157,16317401,8820863,8820863,25138264,10493914,19600273,,19600273,696591,18903682,26951320,-8047638,4708580,-3339058,-3339058,341946,,
1373993,345153,TRINITY OAKS,820 KLUMAC ROAD,SALISBURY,NC,28144,ROWAN,16740,U,2022-10-01,2023-09-30,1,,1874,18672,18829,39375,140,51100,,40,33,114,187,,46.85,565.82,193.65,,72,13,102,187,,1874,18672,14892,35438,115,41975,,40,33,110,183,,,,,,,,,,,,,,,,,,,6993464,6018367,6020493,1411650,1098174,6993464,792709,4350751,,,1306756,265445,38285,16857,1000818,9735622,,,64757,,161494,1546813,,383614,9626502,,9626502,19745738,169748,451112,-40,,,81497,702317,,151446,,,151446,853763,18891975,18891975,19745738,12441941,18717502,,18717502,5422235,13295267,13011831,283436,1197794,1481230,1481230,1066170,,7590
1373994,345161,ABERNETHY LAURELS,102 LEONARD DRIVE,NEWTON,NC,28658,CATAWBA,25860,U,2022-10-01,2023-09-30,1,,3006,23802,33640,60448,192,70080,,137,29,239,405,,21.94,820.76,136.49,,182,14,214,410,,3006,23802,28199,55007,174,63510,,137,29,237,403,,,,,,,,,,,,,,,,,,,10470301,17375336,2705562,1301386,3309811,10470301,911276,23896,,,1895848,177461,81823,102127,,2027803,442395,3113776,61966809,,,29073424,,46978464,,868375,868375,49874642,525808,973095,218513,1614060,,,3353472,52140912,,,-10786463,41354449,44707921,5166721,5166721,49874642,18898963,30299733,,30299733,2462916,27836817,27845637,-8820,2539621,2530801,2530801,1699701,,3000
1374077,345167,YADKIN NURSING CARE CENTER,903 WEST MAIN STREET,YADKINVILLE,NC,27055,YADKIN,49180,U,2022-10-01,2023-09-30,4,,903,19298,19922,40123,167,60955,,22,43,169,234,,41.05,448.79,177.13,,32,32,190,254,,903,19298,15402,35603,147,53655,,22,43,136,201,,,,,,,,,,,,,,,,,,,4407392,7895158,1982198,1423420,790609,4407392,2292119,2389935,,,330839,18505,33487,81920,1785,3863620,,,,229127,520591,,,1309068,,,,5172688,-10717,389854,57735,,,1115376,2458031,,,,199733,199733,2657764,2514924,2514924,5172688,11203114,13457828,,13457828,1615512,11842316,12302550,-460234,406915,-53319,-53319,547831,,26524
1374795,345001,HILLCREST CONVALESCENT CENTER  INC.,1417 WEST PETTIGREW STREET,DURHAM,NC,27705,DURHAM,20500,U,2022-10-01,2023-09-30,4,,17472,2864,26345,46681,154,56210,,599,12,161,772,,29.17,238.67,52.53,,602,10,35,647,,17472,2864,17220,37556,120,43800,,599,12,104,715,,,,,,,,,,,,,,,,,,,12934774,10576961,8321302,5382167,1696647,12934774,907787,1039196,1020960,,3905456,310349,136658,99301,,11772788,282443,294286,16549215,,3784739,,,8029954,3630274,391394,4021668,23824410,635661,656084,,,26475,90609,1408829,8047518,,,273082,8320605,9729434,14094976,14094976,23824410,25671847,33993149,,33993149,8787962,25205187,23511735,1693452,1324204,3017656,2021242,9779833,,
1374796,345091,EDGEWOOD PLACE AT THE VILLAGE,1820 BROOKWOOD AVENUE,BURLINGTON,NC,27215,ALAMANCE,15500,U,2022-10-01,2023-09-30,2,,225,,13867,14092,75,27375,,4,,67,71,,56.25,,201.23,,11,,34,45,,225,,7824,8049,51,18615,,4,,36,40,,,,,,,,,,,,,,,,,,,5555083,14065883,461672,536186,1030842,5555083,,1285930,,,239127,13195,49913,-90626,,1720524,7094031,908661,36340883,20226817,,4772654,,44600181,,6547331,6547401,52868106,146511,587873,208214,502163,22691801,202018,24679417,,28301546,,,28301546,52980963,-112857,-112857,52868106,2930492,13179699,,13179699,397397,12782302,19620966,-6838664,1411130,-5427534,-5427534,117380,,
1374797,345093,MARYFIELD NURSING HOME,1315 GREENSBORO ROAD,HIGH POINT,NC,27260,GUILFORD,24660,U,2022-10-01,2023-09-30,1,,1916,16758,20441,39115,125,45625,,59,6,184,249,,32.47,2793,157.09,,163,143,444,750,,1916,16758,20441,39115,125,45625,,59,6,184,249,,,,,,,,,,,,,,,,,,,13528671,22225036,2078968,1707325,2791926,13528671,,2842878,11182884,,3012701,309662,53357,214894,37440,17486923,1417666,5088555,153096985,,,21115498,,128201594,21435548,1185178,22620726,168309243,1556738,1107916,44758,,41754503,800117,45264032,,98082479,,,98082479,143346511,24962732,24962732,168309243,18420607,34630551,,34630551,3217941,31412610,35753707,-4341097,5499328,1158231,1158231,1053476,,
1374798,345209,BROOKRIDGE RETIREMENT COMMUNITY,1199 HAYES FOREST DRIVE,WINSTON-SALEM,NC,27106,FORSYTH,49180,U,2022-10-01,2023-09-30,1,,2749,6238,14936,23923,77,28105,,87,22,222,331,,31.6,283.55,72.27,,99,14,217,330,,2749,6238,14936,23923,77,28105,,87,22,222,331,,,,,,,,,,,,,,,,,,,7499170,10988536,3480493,2181036,1357249,7499170,1419587,3273,,,2813379,,65168,,,-4747724,,,55917297,,1523195,556146,,26246531,,73468,73468,21572275,1182511,155470,,,,139349,1477330,,,,21274888,21274888,22752218,-1179943,-1179943,21572275,8859121,19424024,,19424024,2696867,16727157,18487706,-1760549,207661,-1552888,-2101399,1761517,,
1374800,345297,SCOTIA VILLAGE,2200 ELM AVENUE,LAURINBURG,NC,28352,SCOTLAND,99934,R,2022-10-01,2023-09-30,1,,2227,5983,20246,28456,90,32850,,59,16,95,170,,37.75,373.94,132.09,,104,4,26,134,,2227,5983,11603,19813,58,21170,,59,16,75,150,,,,,,,,,,,,,,,,,,,7540546,9211510,1414426,1131695,1636040,7540546,487974,294049,,,1411985,363647,10000,93744,,1861478,201635,1150107,42482751,,1790868,,,24344785,5419826,4180746,9600572,35806835,529237,327059,65460,,,1290188,2211944,,,,15230759,15230759,17442703,18364132,18364132,35806835,7916627,9331053,,9331053,648912,8682141,16752056,-8069915,8583526,513611,513611,1177984,,
1374802,345432,WESTERN NORTH CAROLINA BAPTIST HOME,213 RICHMOND HILL DRIVE,ASHEVILLE,NC,29906,BUNCOMBE,11700,U,2022-10-01,2023-09-07,1,,1729,8703,9829,20261,100,34200,,60,34,34,128,,28.82,255.97,158.29,,63,16,54,133,,1729,8703,9829,20261,100,34200,,60,34,34,128,,,,,,,,,,,,,,,,,,,4836364,7179732,2334662,1406957,512675,4836364,1860928,28602,,,1286474,,39196,,,3075048,,,,,,,,,,9000,9000,3084048,89472,1397,,,,28336,119205,,33,,-5694,-5661,113544,2970504,2970504,3084048,6451776,11107604,,11107604,2147686,8959918,12016096,-3056178,9475755,6419577,5559254,979789,,
1374803,345445,GLENAIRE INC,4000 GLENAIRE CIRCLE,CARY,NC,27511,WAKE,39580,U,2022-10-01,2023-09-30,1,,2084,2388,33648,38120,120,43800,,44,7,168,219,,47.36,341.14,141.92,,91,2,69,162,,2084,2388,20364,24836,71,25915,,44,7,124,175,,,,,,,,,,,,,,,,,,,12045056,16345214,2182703,1748011,2428098,12045056,733029,8718736,,,1398992,413898,15827,390303,,11663884,13879568,1709908,86094299,,5724373,,,256660580,42767644,13444543,56212187,324536651,4684132,499224,98529,,,75970005,81251890,,,,185060203,185060203,266312093,58224558,58224558,324536651,11765860,13948563,,13948563,935065,13013498,28390270,-15376772,19366616,3989844,3989844,1164638,,
1374804,345528,RIVER LANDING AT SANDY RIDGE,1575 JOHN KNOX DRIVE,COLFAX,NC,27235,GUILFORD,24660,U,2022-10-01,2023-09-30,1,,2065,2743,30269,35077,116,42340,,39,5,212,256,,52.95,548.6,73.96,,93,4,97,194,,2065,2743,11093,15901,60,21900,,39,5,171,215,,,,,,,,,,,,,,,,,,,14299242,23409523,1496436,1152131,3257398,14299242,434092,1651797,,,1426346,267291,98593,276115,,4594996,4646574,2546578,174556858,,6029291,,,129892604,58501511,14110544,72612055,207099655,1774529,674694,118400,,,8736097,11303720,,,,124969767,124969767,136273487,70826168,70826168,207099655,13267182,14763618,,14763618,1846374,12917244,37708765,-24791521,38196197,13404676,13404676,1166313,,
1374880,345198,ASTON PARK HEALTH CARE CENTER  INC.,380 BREVARD ROAD,ASHEVILLE,NC,28806,BUNCOMBE,11700,U,2022-10-01,2023-09-30,2,,3440,21530,18658,43628,139,50735,,93,26,92,211,,36.99,828.08,192.89,,143,2,70,215,,3440,21530,13994,38964,120,43800,,93,26,83,202,,,,,,,,,,,,,,,,,,,5290446,9754058,3179309,1085050,991814,5290446,4215842,3001406,,,1374985,47132,76763,-84211,,4217687,212775,,10876371,,1501709,13162,,4457442,9150085,,9150085,17825214,349382,565155,6123,,,63404,984064,-1444,,,,-1444,982620,16842594,16842594,17825214,11558921,14665630,,14665630,58227,14607403,15044504,-437101,991364,554263,554263,1839745,,13939
1374881,345218,MARY GRAN NURSING CENTER,120 SOUTHWOOD DRIVE,CLINTON,NC,28329,SAMPSON,99934,R,2022-10-01,2023-09-30,4,,1646,27368,11659,40673,242,88330,,62,98,151,311,,26.55,279.27,114.14,,84,90,146,320,,1646,27368,5115,34129,212,77380,,62,98,139,299,,,,,,,,,,,,,,,,,,,4509575,9765112,1222637,1160094,827967,4509575,970274,-5982867,,,1177882,139967,36218,180083,901,-2876701,,,,457700,760176,,,13426041,,,,10549340,96011,603012,56912,,,355510,3605653,,,,14366188,14366188,17971841,-7422501,-7422501,10549340,11956060,13178698,,13178698,1181477,11997221,14274687,-2277466,476124,-1801342,-1801342,937279,,7934
1374882,345314,FAIR HAVEN OF FOREST CITY,830 BETHANY CHURCH ROAD,FOREST CITY,NC,28043,RUTHERFORD,99934,R,2022-10-01,2023-09-30,4,,2720,23222,12533,38475,128,46720,,92,40,88,220,,29.57,580.55,149.11,,90,36,79,205,,2720,23222,4029,29971,100,36500,,92,40,69,201,,,,,,,,,,,,,,,,,,,5761897,4969675,5315929,1233639,725154,5761897,,2095010,,,1037388,,44738,,,3354345,,20000,57381,,371278,,,256103,,115584,115584,3726032,155356,561170,9711,,,260935,1003025,,9206,,,9206,1012231,2713801,2713801,3726032,9047200,14363129,,14363129,3052317,11310812,10731572,579240,1789726,2368966,2368966,1486678,,24562
1374883,345394,TRENT VILLAGE NURSING HOME  INC.,8990 HIGHWAY 17 SOUTH,POLLOCKSVILLE,NC,28573,JONES,35100,U,2022-10-01,2023-09-30,6,,2161,11660,7270,21091,100,36500,,85,31,37,153,,25.42,376.13,122.77,,89,34,41,164,,2161,11660,3613,17434,80,29200,,85,31,26,142,,,,,,,,,,,,,,,,,,,2461455,3112191,492388,484659,421935,2461455,,-17818,,,521134,80000,,70246,,446824,,,73587,343412,,,,174452,,,,621276,378643,121283,,,,-596,499330,,,,,,499330,121946,121946,621276,5443479,5935867,,5935867,436715,5499152,5573646,-74494,20843,-53651,-53651,1057369,,22198
1374884,345404,THREE RIVERS HEALTH & REHAB CENTER,1403 CONNOR AVENUE,WINDSOR,NC,27983,BERTIE,99934,R,2022-10-01,2023-09-30,4,,2884,11011,6854,20749,80,29200,,128,51,117,296,,22.53,215.9,59.75,,155,43,113,311,,2884,11011,3254,17149,60,21900,,128,51,108,287,,,,,,,,,,,,,,,,,,,2850502,3750606,1229350,879766,514813,2850502,638977,2782583,,,962918,13286,23607,40149,641,4434555,,,,193999,524142,,,1839322,,,,6273877,42073,248747,11833,,,361472,2039420,,110500,,1600747,1711247,3750667,2523210,2523210,6273877,6653799,7883148,,7883148,1203756,6679392,6601108,78284,167819,246103,246103,1620466,,13909
1374885,345475,TSALI CARE CENTER,55 ECHOTA CHURCH ROAD,CHEROKEE,NC,28719,SWAIN,99934,R,2022-10-01,2023-09-30,13,,1474,3235,,4709,72,26280,,22,20,38,80,,67,161.75,58.86,,50,14,11,75,,1474,3235,,4709,72,26280,,22,20,38,80,,,,,,,,,,,,,,,,,,,4875937,6450779,1911429,1203612,1798166,4875937,418802,10314,,,785441,287266,,,,2508489,,,1856936,,,,,1003641,,,,3512130,-47092,-244722,-148493,,,-5494190,-5934497,,,,,,-5934497,-1686242,-1686242,-7620739,8402073,9455304,,9455304,2867580,6587724,11326716,-4738992,2060311,-2678681,-2678681,787933,,19647
1374887,345516,CONOVER NURSING & REHAB CENTER,920 4TH STREET SW,CONOVER,NC,28613,CATAWBA,25860,U,2022-10-01,2023-09-30,4,,2344,16073,5120,23537,90,32850,,97,26,167,290,,24.16,618.19,81.16,,116,20,156,292,,2344,16073,5120,23537,90,32850,,97,26,167,290,,,,,,,,,,,,,,,,,,,5042776,3985166,2279130,1269029,617911,5042776,,824586,,,1207791,,,,,2690580,,,365463,155232,334273,,,356694,,-97726,-97726,2949548,853172,273079,56761,,,4710,1187722,36003,,,,36003,1223725,1725823,1725823,2949548,8986413,11265543,,11265543,2194821,9070722,9027942,42780,2224634,2267414,2267414,1327422,,18828
1374888,345518,QUAIL HAVEN HEALTHCARE CTR PINEHURST,155 BLAKE BLVD,PINEHURST,NC,28374-8450,MOORE,99934,R,2022-10-01,2023-09-30,4,,3950,6236,7475,17661,60,21900,,137,19,180,336,,28.83,328.21,52.56,,177,15,161,353,,3950,6236,7475,17661,60,21900,,137,19,180,336,,,,,,,,,,,,,,,,,,,3591363,3440807,1249377,1109675,565868,3591363,139268,1150156,,,634885,3740,15100,26229,,8786862,,,,180254,378055,,,1302648,,,,10089510,70843,346197,13775,,59758,436438,6425393,,,,1024402,1024402,7449795,2639715,2639715,10089510,6444972,8551681,,8551681,1238530,7313151,7032170,280981,10409,291390,291390,2227347,,22033
1374889,345525,THE GARDENS OF TAYLOR GLEN RETIREMEN,3700 TAYLOR GLEN LANE,CONCORD,NC,28027,CABARRUS,16740,U,2022-10-01,2023-09-30,1,,530,,4963,5493,24,8760,,16,,52,68,,33.13,,80.78,,19,,54,73,,530,,4963,5493,24,8760,,16,,52,68,,,,,,,,,,,,,,,,,,,4155933,8637399,1528549,1001127,642493,4155933,826657,36440,,,543774,,32310,,,612524,,,44900376,,1054985,477819,,19119430,,21735,21735,19753689,763845,79963,,,,150084,28602834,,,,13424901,13424901,42027735,-22274046,-22274046,19753689,1710376,11832848,,11832848,753941,11078907,12793332,-1714425,83475,-1630950,-1770271,320574,,
1374890,345565,TRINITY ELMS,7449 FAIR OAKS DRIVE,CLEMMONS,NC,27012,FORSYTH,49180,U,2022-10-01,2023-09-30,1,,2408,14261,13166,29835,100,36500,,85,33,146,264,,28.33,432.15,113.01,,108,19,148,275,,2408,14261,13166,29835,100,36500,,85,33,146,264,,,,,,,,,,,,,,,,,,,4985173,5003593,6444484,1736676,764242,4985173,946063,1205055,,,1740656,190542,33120,13323,,2573708,,,12531,,276209,1902244,,498506,2912288,,2912288,5984502,235938,446348,,,,-2094,680192,,,,,,680192,5304310,5304310,5984502,9500550,15982900,,15982900,5376322,10606578,9988766,617812,217064,834876,834876,1340014,,3345
1374974,345535,ADAMS FARM LIVING & REABILITATION,5100 MACKAY ROAD,JAMESTOWN,NC,27282,GUILFORD,24660,U,2022-10-01,2023-09-30,4,,3441,17090,16785,37316,120,43800,,105,44,291,440,,32.77,388.41,84.81,,127,27,284,438,,3441,17090,16785,37316,120,43800,,105,44,291,440,,,,,,,,,,,,,,,,,,,4214328,8737182,2916711,1874755,921000,4214328,2317457,1258338,,,1299022,,,294665,,2852025,,,,480510,,681854,,482575,,24373,24373,3358973,465439,271309,85643,,15232,345665,1183288,,,,,,1183288,2175685,2175685,3358973,12981998,15955978,,15955978,2620894,13335084,12951510,383574,343836,727410,727410,1980675,,21695
1374975,345554,TRINITY GROVE,631 JUNCTION CREEK DRIVE,WILMINGTON,NC,28412,NEW HANOVER,48900,U,2022-10-01,2023-09-30,1,,7429,9665,17308,34402,100,36500,,189,13,170,372,,39.31,743.46,92.48,,252,4,127,383,,7429,9665,17308,34402,100,36500,,189,13,170,372,,,,,,,,,,,,,,,,,,,6122528,6446606,9903121,2643958,877832,6122528,1300172,2398476,,,1917229,258098,67183,13253,13400,3320268,,,7295,,156452,1623285,,210859,1650022,,1650022,5181149,152791,385827,-1686,,,5800,542732,,43792,,,43792,586524,4594625,4594625,5181149,10189127,20176401,,20176401,7293976,12882425,12569134,313291,248616,561907,561907,4066257,,21025
1374976,345556,DEERFIELD EPISCOPAL RETIREMENT,1617 HENDERSONVILLE ROAD,ASHEVILLE,NC,28803,BUNCOMBE,11700,U,2022-10-01,2023-09-30,2,,616,,39333,39949,124,45260,,14,,80,94,,44,,329.07,,35,,64,99,,616,,18799,19415,62,22630,,14,,45,59,,,,,,,,,,,,,,,,,,,14234117,27175844,381619,317989,2727053,14234117,135768,28704873,,,1179248,,175485,294850,548855,30903311,13966230,,149378080,44280890,,11242618,,130109081,81374894,9523307,90898201,251910593,4328788,1666061,104522,,,889486,6988857,,38905000,,115109884,154014884,161003741,90906852,90906852,251910593,14525481,38352324,,38352324,91107,38261217,41409961,-3148744,14167561,11018817,11018817,311404,,
1374977,345571,CAROLINA BAY HC CTR OF WILMINGTON,630 CAROLINA BAY DRIVE,WILMINGTON,NC,28403,NEW HANOVER,48900,U,2022-10-01,2023-09-30,4,,6857,,28433,35290,108,39420,,250,,522,772,,27.43,,15.01,,304,,127,431,,6857,,3602,10459,30,10950,,250,,447,697,,,,,,,,,,,,,,,,,,,4560686,8939797,2038450,2160165,582798,4560686,101781,-2172090,,,601012,16026,15743,357468,,3078002,,,,14488,261963,,,11157005,,,,14235007,12837,,,,85934,758665,9114361,,,,11059379,11059379,20173740,-5938733,-5938733,14235007,11907456,13945906,,13945906,2069527,11876379,13500483,-1624104,46172,-1577932,-1577932,3828879,,7843
1374978,345577,SWIFT CREEK HEALTH CARE,221 BRIGHTMORE DRIVE,CARY,NC,27511,WAKE,39580,U,2022-10-01,2023-09-30,4,,5537,,3460,8997,28,10220,,219,,139,358,,25.28,,25.13,,248,,150,398,,5537,,3460,8997,28,10220,,219,,139,358,,,,,,,,,,,,,,,,,,,12924927,23673844,1681767,2207179,1658304,12924927,380185,-2984651,,,929260,77488,26796,992937,,14363976,,4723,,26353,371232,,,27154532,,418830,418830,41937338,97782,462732,25283,,983817,4557075,22357515,,,,30718118,30718118,53075633,-11138295,-11138295,41937338,6150147,23874429,,23874429,1681689,22192740,36598771,-14406031,10351668,-4054363,-4054363,3255211,,1651
1374979,345578,BRIAR CREEK HEALTH CENTER,6041 PIEDMONT ROW DRIVE,CHARLOTTE,NC,28210,MECKLENBURG,16740,U,2022-10-01,2023-09-30,4,,4603,,2049,6652,22,8030,,197,,259,456,,23.37,,14.59,,214,,246,460,,4603,,2049,6652,22,8030,,197,,259,456,,,,,,,,,,,,,,,,,,,8440850,20265788,1815127,1799108,1089138,8440850,236960,1756435,,,892239,44814,,390644,,6925509,,9954,,104051,355151,,,74919848,,1058239,1058239,82903596,165683,,,,237703,8914734,32176213,,,,79420479,79420479,111596692,-28693096,-28693096,82903596,5686532,21280810,,21280810,1640360,19640450,28706638,-9066188,749435,-8316753,-8316753,2834655,,
1375277,345111,PENICK VILLAGE,EAST RHODE ISLAND AVE. EXT,SOUTHERN PINES,NC,28387,MOORE,99934,R,2022-10-01,2023-09-30,1,,870,1278,21040,23188,92,33580,,25,1,77,103,,34.8,1278,141.63,,40,1,37,78,,870,1278,9466,11614,50,18250,,25,1,56,82,,,,,,,,,,,,,,,,,,,8358898,11532742,531064,466400,1352409,8358898,1045476,6836984,,,921047,102788,39488,399695,,8094511,588542,123286,64155920,,,1638908,,46803058,10740304,1358313,13578998,68476567,1760420,733553,32478,465000,819179,235776,4046406,,,,55232877,55232877,59279283,9197284,9197284,68476567,10473631,11004695,,11004695,919071,10085624,19891640,-9806016,10400011,593995,593995,482815,,
1375279,345496,LIBERTY COMMONS - ALAMANCE COUNTY,791 BOONE STATION ROAD,BURLINGTON,NC,27215,ALAMANCE,15500,U,2022-10-01,2023-09-30,4,,1433,14753,9813,25999,170,62050,,68,24,201,293,,21.07,614.71,88.73,,77,21,217,315,,1433,14753,9813,25999,122,44530,,68,24,201,293,,,,,,,,,,,,,,,,,,,3185663,5949822,1422880,1183800,593506,3185663,1558711,-262624,,,809776,36928,18114,78273,219,1407124,,,,380953,635033,,,390994,,,,1798118,48558,366636,15630,,,342837,2312476,,513554,,,513554,2826030,-1027912,-1027912,1798118,8686468,10109348,,10109348,1383010,8726338,9135485,-409147,417861,8714,8714,825966,,7795
1375462,345537,PEAK RESOURCES - WILMINGTON  INC.,2305 SILVER STREAM LANE,WILMINGTON,NC,28401,NEW HANOVER,48900,U,2022-10-01,2023-09-30,4,,2325,26007,6275,34607,110,40150,,89,101,195,385,,26.12,257.5,89.89,,147,82,132,361,,2325,26007,6275,34607,110,40150,,89,101,195,385,,,,,,,,,,,,,,,,,,,4270322,6225943,1557129,1088883,658706,4270322,,1783262,,,522064,,,244996,,2550322,,9238,,360160,,91802,,376158,,12697805,12697805,15624285,288503,294864,12791,,,652716,1261761,,,,12180627,12180627,13442388,2181897,2181897,15624285,8413412,9970542,,9970542,-2114786,12085328,10496265,1589063,150671,1739734,1739734,1398026,,25263
1375979,345481,LIBERTY COMMONS OF PELT WOODLANDS,400 PELT DRIVE,FAYETTEVILLE,NC,28301,CUMBERLAND,22180,U,2022-10-01,2023-09-30,4,,1621,15767,16036,33424,100,36500,,52,49,244,345,,31.17,321.78,85.01,,,35,295,330,,1621,15767,10070,27458,80,29200,,52,49,222,323,,,,,,,,,,,,,,,,,,,3590120,7100551,1404110,1434132,497000,3590120,1904484,404918,,,1179409,42577,50162,21187,63,3122521,,10233,,417112,437249,,,7028405,,,,10150926,-3046,217617,44247,,,630641,2957033,,853050,,6248412,7101462,10058495,92431,92431,10150926,10134251,11538361,,11538361,1271283,10267078,10690671,-423593,259108,-164485,-164485,854388,,58063
1376081,345235,TWIN LAKES COMMUNITY,3801 WADE COBLE DRIVE,BURLINGTON,NC,27215,ALAMANCE,15500,U,2022-10-01,2023-09-30,1,,1365,10626,22984,34975,104,37960,,42,11,81,134,,32.5,966,261.01,,59,10,64,133,,1365,10626,22984,34975,104,37960,,42,11,81,134,,,,,,,,,,,,,,,,,,,16761281,25554494,1518143,1693206,2539023,16761281,1025603,9163494,29441756,,1642351,142900,369027,41719,,46135641,8661846,23624121,176832319,,,18400113,,158729938,3235176,1565250,4800426,209666005,4808281,-1823155,,1435000,64418522,,68839806,74877598,,,,74877598,143717404,65948601,65948601,209666005,12140831,39273609,,39273609,1400056,37873553,42315775,-4442222,10951926,6509704,6509704,735428,,
1376358,345316,SENIOR CITIZENS HOME  INC.,2275 RUIN CREEK RD,HENDERSON,NC,27536,VANCE,99934,R,2022-10-01,2023-07-05,4,,995,7017,8673,16685,114,31692,,23,15,37,75,,43.26,467.8,177.11,,24,11,27,62,,995,7017,3146,11158,60,16680,,23,15,25,63,,,,,,,,,,,,,,,,,,,1230102,8553986,911557,650523,144872,1230102,1677987,456713,,,95100,,,29639,,581452,11258,,330637,,,81220,,126983,,1300000,1300000,2008435,328559,,,,,,328559,,,,,100,328659,1679776,1679776,2008435,3838387,4872649,,4872649,473873,4398776,9784088,-5385312,4995854,-389458,-389458,336062,,2529
1376417,345277,ASHEBORO REHABILITATION AND HEALTHCA,400 VISION DRIVE,ASHEBORO,NC,27203,RANDOLPH,24660,U,2023-08-01,2023-09-30,4,,208,4434,932,5574,100,6100,,16,23,13,52,,13,192.78,107.19,,33,44,17,94,,208,4434,932,5574,100,6100,,16,23,13,52,,,,,,,,,,,,,,,,,,,527450,1159652,145951,138043,87112,527450,186842,179676,,,1208922,38480,,45835,10320,991361,,,,3859,,78014,,77544,,,,1068905,227876,232631,15129,,,315648,834944,,-2930,,,-2930,832014,236891,236891,1068905,1803708,1949659,,1949659,25666,1923993,1687102,236891,,236891,236891,116706,,14192
1376514,345150,KENANSVILLE REHABILITATION AND HEALT,204 BEASLEY STREET,KENANSVILLE,NC,28349,DUPLIN,99934,R,2023-03-01,2023-09-30,4,,941,11638,1087,13666,92,19688,,56,88,9,153,,16.8,132.25,89.32,,88,90,9,187,,941,11638,1087,13666,92,19688,,56,88,9,153,,,,,,,,,,,,,,,,,,,1280675,3212375,371643,429417,201378,1280675,685020,448420,,,1441811,77679,,33602,18186,1122687,,,,6900,3250,50587,,112259,,,,1234946,288366,98458,7756,,,456243,903791,,50965,,,50965,954756,280190,280190,1234946,4542877,4914520,,4914520,141246,4773274,4493050,280224,-34,280190,280190,1,,95218
1376515,345546,CYPRESS OF RALEIGH DBA ROSEWOOD HC,8801 CYPRESS LAKES DRIVE,RALEIGH,NC,27615-2118,WAKE,39580,U,2023-01-01,2023-12-31,2,,597,,17263,17860,61,22265,,16,,56,72,,37.31,,249.01,,23,,50,73,,597,,16087,16684,57,20805,,16,,51,67,4,1460,,,1176,1176,,,5,5,,,235.2,,,7,7,,13019762,14972197,1111579,866637,2758752,13019762,699582,3789972,,,886595,,117357,159117,,19384941,,,101279,,,1928132,,1443932,,9911831,9911831,30740704,633928,1104886,,,,17606,1756420,,,,4403856,4403856,6160276,24580428,24580428,30740704,11214110,32224727,,32224727,4245331,27979396,27991959,-12563,5877963,5865400,5865400,377571,,
1377117,345437,ECKERD LIVING CENTER,250 HOSPITAL DRIVE,HIGHLANDS,NC,28741,MACON,99934,R,2022-12-01,2023-11-30,4,,1795,10723,5421,17939,80,29200,,52,28,45,125,,34.52,382.96,143.51,,61,10,48,119,,1795,10723,5421,17939,80,29200,,52,28,45,125,,,,,,,,,,,,,,,,,,,3471649,4230670,605296,475115,,3471649,416741,630,,,502858,129784,57396,,,423247,,,1174429,275103,335569,385277,104824,1555313,,,,1978560,140922,279434,87961,,,,508317,,,6322215,1429,6323644,6831961,-4853401,-4853401,1978560,5290002,5895298,,5895298,110749,5784549,7702014,-1917465,3470,-1913995,-1913995,914628,,19164
1377451,345483,SHAIRE NURSING CENTER,1450 SHAIRE CENTER DRIVE,LENOIR,NC,28645,CALDWELL,25860,U,2023-01-01,2023-12-31,4,,3119,7084,7215,17418,80,29200,,104,21,169,294,,29.99,337.33,59.24,,266,4,17,287,,3119,7084,7215,17418,80,29200,,104,21,169,294,,,,,,,,,,,,,,,,,,,3853326,2694769,2400860,1214586,555237,3853326,,1509939,,,1048137,,,,,3945501,,,434993,,,1481311,,985996,931821,,931821,5863318,-297,126266,55960,,,,181929,,360903,,,360903,542832,5320486,5320486,5863318,5602500,8003360,,8003360,1524741,6478619,6548095,-69476,877684,808208,808208,1623777,,7197
1377452,345573,ARBOR ACRES UNITED METHODIST RETIREM,1240 ARBOR ROAD,WINSTON SALEM,NC,27104,FORSYTH,49180,U,2023-01-01,2023-12-31,1,,550,,61311,61861,189,68985,,18,,177,195,,30.56,,198.44,,49,,103,152,,550,,27430,27980,83,30295,,18,,123,141,,,,,,,,,,,,,,,,,,,17024839,26853727,2653758,1206390,3939043,17024839,194238,11124756,52698463,,322423,100000,,460748,,64973306,2166825,14610030,192037509,,12664096,,,129250290,5505542,,5505542,199729138,1593560,1506960,,2519275,60680535,,66335330,61974472,,,15269623,77244095,143579425,56149713,56149713,199729138,20342235,45501114,,45501114,3691131,41809983,43878566,-2068583,7207325,5138742,5138742,305326,,
1377521,345184,CITADEL AT ELIZABETH CITY LLC,901 S. HALSTEAD BOULEVARD,ELIZABETH CITY,NC,27909,PASQUOTANK,99934,R,2023-01-01,2023-03-19,5,,500,3678,928,5106,108,8424,,16,12,22,50,,31.25,306.5,102.12,,22,10,26,58,,500,3678,928,5106,108,8424,,16,12,22,50,,,,,,,,,,,,,,,,,,,300683,1320708,83918,139053,54020,300683,,-188659,,,857289,,,589295,,1433485,,,,1449000,116583,54046,,1323093,,350452,361517,3118095,919059,50021,2059,,,44419,1044555,,,,15539,15539,1060094,2058001,2058001,3118095,1243324,1325239,,1325239,56640,1268599,1621391,-352792,-4163,-356955,-356955,271863,,10417
1377625,345337,PEAK RESOURCES - ALAMANCE,215 COLLEGE STREET,GRAHAM,NC,27253,ALAMANCE,15500,U,2022-10-01,2023-09-30,4,,4025,26772,16358,47155,142,51830,,143,107,574,824,,28.15,250.21,57.23,,185,96,495,776,,4025,26772,16358,47155,142,51830,,143,107,574,824,,,,,,,,,,,,,,,,,,,4486856,10479175,4432555,2366295,907890,4486856,,2849119,,,1735203,,,210367,,4794689,,,,88577,,62709,,65447,,19796926,19796926,24657062,655355,342788,14981,,,997796,2039291,,,,19010354,19010354,21049645,3607417,3607417,24657062,14277834,18710388,,18710388,1442227,17268161,14966031,2302130,514805,2816935,2816935,2441572,,50676
1377627,345439,PEAK RESOURCES - BROOKSHIRE  INC.,300 MEADOWLAND DR,HILLSBOROUGH,NC,27278,ORANGE,20500,U,2022-10-01,2023-09-30,4,,2538,13506,16647,32691,100,36500,,79,104,308,491,,32.13,129.87,59.53,,126,86,230,442,,2538,13506,11220,27264,80,29200,,79,104,275,458,,,,,,,,,,,,,,,,,,,4007517,7156200,1866807,1229556,630537,4007517,,1493044,,,658457,,,116548,,2268049,,,,664248,,32743,,625134,,19033386,19033386,21926569,275207,302988,12864,,,966928,1531139,,,,18272157,18272157,19803296,2123273,2123273,21926569,9689676,11947537,,11947537,511955,11435582,11163717,271865,124286,396151,396151,1659682,,44483
1377735,345559,HOMESTEAD HILL RETIREMENT L P,2101 HOMESTEAD HILLS DRIVE,WINSTON-SALEM,NC,27103,FORSYTH,49180,U,2023-01-01,2023-12-31,4,,805,,9159,9964,40,14600,,33,,125,158,,24.39,,63.06,,41,,118,159,,805,,9159,9964,40,14600,,33,,125,158,,,,,,,,,,,,,,,,,,,5760794,15519999,1640793,894909,538014,5760794,1097273,10485,,,376644,53355,42278,34767,23258,434077,,46190,9081507,,,314125,,5613320,,40166481,40166481,46213878,420773,949288,,,,25564,1395625,,,,75111771,75111771,76507396,-30293518,-30293518,46213878,4777458,6418251,,6418251,1640793,4777458,21280793,-16503335,15538486,-964849,-974975,510665,,
1378232,345246,HICKORY FALLS HEALTH AND REHAB,100 SUNSET ST,GRANITE FALLS,NC,28630,CALDWELL,25860,U,2023-01-01,2023-12-31,4,,6503,22117,11863,40483,120,43800,,144,68,233,445,,45.16,325.25,90.97,,195,44,477,716,,6503,22117,11863,40483,120,43800,,144,68,233,445,,,,,,,,,,,,,,,,,,,5126569,9509918,5570761,3040651,1258913,5126569,1412242,1094770,,,1348184,58620,,15975,,2552085,,229465,22630913,1394409,,971476,,22490996,,,,25043081,431093,386560,61166,,,21761217,22638433,,,,,,22638433,2404648,2404648,25043081,11359615,16990513,,16990513,766704,16223809,14636487,1587322,152214,1739536,1739536,4278345,,197220
1378235,345380,VILLAGE GREEN HEALTH AND REHAB,1601 PURDUE DRIVE,FAYETTEVILLE,NC,28304,CUMBERLAND,22180,U,2023-01-01,2023-12-31,4,,8136,15487,8903,32526,170,62050,,251,67,120,438,,32.41,231.15,74.26,,195,49,204,448,,8136,15487,8903,32526,170,62050,,251,67,120,438,,,,,,,,,,,,,,,,,,,4742778,9136943,5646491,3098827,868633,4742778,1627515,1179553,,,1257282,239551,,3488,,2336012,,40317,19069221,2300220,,1940177,,20452670,,,,22788682,402056,191484,53937,,,19006548,19664906,,,,,,19664906,3123776,3123776,22788682,11317260,16979609,,16979609,1650339,15329270,13879721,1449549,2408,1451957,1451957,5258202,,124614
1378238,345471,MECKLENBERG HEALTH AND REHABILITATIO,2415 SANDY PORTER ROAD,CHARLOTTE,NC,28273,MECKLENBURG,16740,U,2023-01-01,2023-12-31,4,,2599,20427,5639,28665,100,36500,,59,67,147,273,,44.05,304.88,105,,89,59,149,297,,2599,20427,5639,28665,100,36500,,59,67,147,273,,,,,,,,,,,,,,,,,,,4392382,6845022,2504559,1227966,649158,4392382,607236,697271,,,992778,123399,,6441,,1636910,,5692,25363796,994454,,1504761,,25991459,,841851,841851,28470220,251040,209582,41097,,,25144783,28408651,,,,,,28408651,61569,61569,28470220,7651446,10188872,,10188872,-1202968,11391840,11237404,154436,177235,331671,331671,1806884,,146899
1378241,345547,CAMDEN HEALTH & REHAB,1 MARITHE COURT,GREENSBORO,NC,24660,GUILFORD,24660,U,2023-01-01,2023-12-31,4,,5908,27518,10294,43720,135,49275,,112,79,230,421,,52.75,348.33,103.85,,148,75,250,473,,5908,27518,10294,43720,135,49275,,112,79,230,421,,,,,,,,,,,,,,,,,,,6673318,9005416,4905481,2609392,971441,6673318,1265147,1512936,,,895638,181541,,16650,,2396551,,,19350070,164509,,1619587,,19544730,,,,21941281,398802,253470,75690,,,19358494,20084545,,,,,,20084545,1856736,1856736,21941281,13875933,18899437,,18899437,1529390,17370047,15678734,1691313,167134,1858447,1858447,4168966,,146841
1378430,345184,LAUREL PARK REHABILITATION AND HEALT,901 S. HALSTEAD BOULEVARD,ELIZABETH CITY,NC,27909,PASQUOTANK,99934,R,2023-03-20,2023-09-30,5,,2091,10743,2478,15312,108,21060,,43,81,37,161,,48.63,132.63,95.11,,197,58,21,276,,2091,10743,2478,15312,108,21060,,43,81,37,161,,,,,,,,,,,,,,,,,,,1200598,3848326,404646,599603,189579,1200598,1274810,751327,,,1515382,106208,,60221,,1628097,,,,2490,,48117,,42577,,10920,10920,1681594,521020,86839,7288,,,593847,939910,,,,,1,939911,741683,741683,1681594,5643434,6048080,,6048080,257620,5790460,5048924,741536,148,741684,741683,1184996,,131734
1378792,345252,WARSAW NURSING & REHABILITATION CENT,214 LANEFIELD ROAD,WARSAW,NC,28398,DUPLIN,99934,R,2023-01-01,2023-12-31,5,,2604,24081,2800,29485,100,36500,,55,6,54,115,,47.35,4013.5,256.39,,76,5,63,144,,2604,24081,2800,29485,100,36500,,55,6,54,115,,,,,,,,,,,,,,,,,,,4972687,5057124,1826604,919600,782430,4972687,313582,704784,,,1945732,626436,,5028,2366283,4395391,,,,519543,,325536,,1001732,,,,5397123,315209,371695,-3150,-2907,,2237000,2917847,,4897,,-1249765,-1244868,1672979,3724144,3724144,5397123,9099825,10926429,,10926429,976678,9949751,10029811,-80060,14295,-65765,-65765,1406956,,84599
1379712,345511,AUTUMN CARE OF STATESVILLE,2001 VAN HAVEN DRIVE,STATESVILLE,NC,28625-4342,IREDELL,16740,U,2023-01-01,2023-12-31,4,,4145,22983,11965,39093,113,41245,,81,89,200,370,,51.17,258.24,100.98,,127,38,187,352,,4145,22983,8721,35849,103,37595,,81,89,185,355,,,,,,,,,,,,,,,,,,,4780748,7984106,4173673,1651970,575576,4780748,2781311,17903,,,1804124,352133,,23183,,1490861,,,,381117,,506960,,607724,,,1261975,3360560,515472,192200,31343,,,-3390,735625,,,,,,735625,2624935,2624935,3360560,10389937,14845581,,14845581,587710,14257871,12764854,1493017,8007,1501024,1501024,2568535,,92191
1380466,345340,GREENS AT MAPLE LEAF,1101 MAPLE CARE LANE,STATESVILLE,NC,28677,IREDELL,16740,U,2023-01-01,2023-12-31,4,,4430,20517,6939,31886,102,37230,,112,72,147,331,,39.55,284.96,94.43,,116,69,157,342,,4430,20517,6215,31162,94,34310,,112,72,146,330,,,,,,,,,,,,,,,,,,,3598057,7216325,1886221,1785518,567465,3598057,1311643,254285,,,2652512,,,41642,,2963725,,,,73747,148919,,,196448,,,68025,3228198,235180,157814,,,,166624,559618,,8112,,,-262177,297441,2930757,2930757,3228198,11810732,13696953,,13696953,971078,12725875,10814382,1911493,16899,1928392,1928392,2874115,,189223
1380902,345270,GREENS AT SPRUCE PINES,218 LAUREL CREEK COURT,SPRUCE PINE,NC,28777,MITCHELL,99934,R,2023-01-01,2023-12-31,4,,3549,17125,13579,34253,127,46355,,120,68,269,457,,29.58,251.84,74.95,,120,71,278,469,,3549,17125,13579,34253,127,46355,,120,68,269,457,,,,,,,,,,,,,,,,,,,2325810,9952159,1233921,1421794,324763,2325810,3514693,157369,,,2193623,,,44667,,2395885,,,,1069627,159428,,,1193319,,,91970,3681174,571277,167495,,,,128990,867762,,9580,,,2543607,3411369,269805,269805,3681174,11645854,12879775,,12879775,723543,12156232,12277969,-121737,4856,-116881,-116881,2018401,,201196
1381555,345177,THE PINEHURST OPCO,205 RATTLESNAKE TRAIL,PINEHURST,NC,28374,MOORE,99934,R,2023-01-01,2023-12-31,5,,3997,16165,10841,31003,120,43800,,146,54,192,392,,27.38,299.35,79.09,,134,66,195,395,,3997,16165,10841,31003,120,43800,,146,54,192,392,,,,,,,,,,,,,,,,,,,4092267,6488384,1493956,1580259,650560,4092267,1223321,439037,,,2120886,15000,,69245,,2638299,,33182,,2195483,248353,,,2176727,,399194,1861191,6676217,603215,211913,13530,,,196877,1025535,,,,,,1025535,5650682,5650682,6676217,11061328,12555284,,12555284,864238,11691046,10580651,1110395,3520,1113915,1113915,2380038,,227873
1382197,345250,GREENS AT LINCOLNTON,515 S GENERALS BLVD,LINCOLNTON,NC,28092,LINCOLN,16740,U,2023-01-01,2023-12-31,4,,5807,24674,9964,40445,117,42705,,203,93,282,578,,28.61,265.31,69.97,,196,98,295,589,,5807,24674,9964,40445,117,42705,,203,93,282,578,,,,,,,,,,,,,,,,,,,3413399,10422668,1877854,1801951,692897,3413399,3282663,346884,,,2353143,,-56,62992,,2761370,,,,113166,180029,,,260399,,,98865,3120634,572629,132855,,,,65896,771380,,9197,,,306915,1078295,2042339,2042339,3120634,14805952,16683806,,16683806,1177296,15506510,13836067,1670443,5455,1675898,1675898,3580126,,225229
1382595,345221,GREENS AT WEAVERVILLE,78 WEAVER BOULEVARD,WEAVERVILLE,NC,28787,BUNCOMBE,11700,U,2023-01-01,2023-12-31,4,,7842,22188,10390,40420,122,44530,,201,63,290,554,,39.01,352.19,72.96,,201,71,295,567,,7842,22188,10390,40420,122,44530,,201,63,290,554,,,,,,,,,,,,,,,,,,,3392618,11274363,2622136,2512836,591824,3392618,3873746,165359,,,3163318,,,30595,,3434284,,,,81238,213180,,,259321,,,88295,3781900,433876,222141,,,,368001,1024018,,8673,,,1050040,2074058,1707842,1707842,3781900,14557432,17179568,,17179568,1557082,15622486,14666981,955505,15807,971312,971312,4478047,,399238
1383051,345165,AUTUMN CARE OF MARION,1264 AIRPORT ROAD,MARION,NC,28752-3190,MC DOWELL,99934,R,2023-01-01,2023-12-31,4,,2552,24299,13055,39906,125,45625,,60,81,193,334,,42.53,299.99,116.25,,95,29,185,309,,2552,24299,8373,35224,110,40150,,60,81,162,303,,,,,,,,,,,,,,,,,,,5660871,5724749,3182045,1378997,748895,5660871,609964,9187,,,1287709,155773,,24795,,1165918,,,,339280,,436986,,471490,,,2709489,4346897,395565,242739,35398,,,983,674685,,,,,,674685,3672212,3672212,4346897,8838267,12190961,,12190961,-1111246,13302207,11385620,1916587,7476,1924063,1924063,1485062,,56223
1383053,345186,FIVE OAKS REHABILITATION & CARE CTR,413 WINECOFF SCHOOL ROAD,CONCORD,NC,28027,CABARRUS,16740,U,2023-01-01,2023-12-31,4,,5634,28821,12683,47138,184,67160,,102,124,269,495,,55.24,232.43,92.04,,186,62,231,479,,5634,28821,10182,44637,160,58400,,102,124,259,485,,,,,,,,,,,,,,,,,,,7146010,9094551,2308167,2098089,676154,7146010,895438,795610,,,2930478,,,14163,,3756156,,,,157183,,776750,,882812,,666,666,4639634,775550,514642,,,,29634,2043342,,,,,,2043342,2596292,2596292,4639634,16434608,18743955,,18743955,1451292,17292663,16240561,1052102,3729,1055831,1055831,3883252,,484058
1383057,345232,GREENS AT HICKORY,3031 TATE BLVD SE,HICKORY,NC,28602,CATAWBA,25860,U,2023-01-01,2023-12-31,4,,2998,31696,4690,39384,150,54750,,114,100,206,420,,26.3,316.96,93.77,,112,105,204,421,,2998,31696,4690,39384,150,54750,,114,100,206,420,,,,,,,,,,,,,,,,,,,5124947,7839187,1267283,1265857,951872,5124947,756412,239164,,,2622440,,51256,,,2957635,,,,2959556,191344,,,3072393,,,257538,6287566,427903,234231,,,,191624,853758,,5212,,,3928501,4782259,1505307,1505307,6287566,13166572,14433855,,14433855,790748,13643107,12964134,678973,6351,685324,685324,1823907,,268668
1383061,345351,AUTUMN CARE OF SALUDA,501  ESSEOLA DRIVE,SALUDA,NC,28773-8821,POLK,99934,R,2023-01-01,2023-12-31,4,,1259,25098,4805,31162,99,36135,,25,87,63,175,,50.36,288.48,178.07,,41,44,93,178,,1259,25098,4805,31162,99,36135,,25,87,63,175,,,,,,,,,,,,,,,,,,,3889091,6161490,3089901,993620,516939,3889091,2530579,112253,,,963678,145515,,19648,,952064,,,,186837,,267286,,265272,,,1498544,2715880,613222,152814,26605,,,474,793115,,,,,,793115,1922765,1922765,2715880,7218030,10415027,,10415027,-190389,10605416,10050581,554835,3615,558450,558450,704682,,34813
1383415,345464,OAK GROVE HEALTHCARE CENTER,518 OLD US HIGHWAY 221,RUTHERFORDTON,NC,28139,RUTHERFORD,99934,R,2023-01-01,2023-12-31,6,,2370,13610,3660,19640,60,21900,,52,22,97,171,,45.58,618.64,114.85,,51,24,97,172,,2370,13610,3660,19640,60,21900,,52,22,97,171,,,,,,,,,,,,,,,,,,,2321246,4281335,2508599,860117,289231,2321246,,145142,,,694025,,,28969,,72577291,,,12549777,632815,,393051,,9230138,,27599,27599,81835028,9162,155812,3223,,,2076086,68211665,,,,10560804,10560804,78772469,3062559,3062559,81835028,6382499,8891098,,8891098,1676216,7214882,6602581,612301,20330,632631,632631,1441967,,99697
1383743,345557,WRIGHTSVILLE HEALTH HOLDINGS LLC,3800 INDEPENDENCE BLVD,WILMINGTON,NC,28412-2599,NEW HANOVER,48900,U,2023-01-01,2023-12-31,4,,2725,14227,8961,25913,80,29200,,130,59,248,437,,20.96,241.14,59.3,,169,25,249,443,,2725,14227,8961,25913,80,29200,,130,59,248,437,,,,,,,,,,,,,,,,,,,4287632,4397536,2881679,1127934,548649,4287632,568311,13895,,,1148492,114750,9502,2409,,1346117,,,,219238,,556636,,110004,,,3742404,5198525,240994,167071,26020,,,3462,437547,,,,,,437547,4760978,4760978,5198525,5755300,8691487,,8691487,-848985,9540472,8685168,855304,8486,863790,863790,1626261,,34799
1383744,345567,AUTUMN CARE OF CORNELIUS,19530 MT ZION PARKWAY,CORNELIUS,NC,28031-8398,MECKLENBURG,16740,U,2023-01-01,2023-12-31,4,,2952,15635,14302,32889,102,37230,,108,56,295,459,,27.33,279.2,71.65,,132,27,306,465,,2952,15635,14302,32889,102,37230,,108,56,295,459,,,,,,,,,,,,,,,,,,,5236493,5926690,3362765,1356462,632604,5236493,806411,14287,,,1551936,386141,,22588,,1237588,,,,147638,,221648,,196787,,,1484975,2919350,351428,179890,31813,,,12641,575772,,,,,,575772,2343578,2343578,2919350,9259914,12832290,,12832290,1065227,11767063,11163183,603880,5074,608954,608954,1772382,,40399
1384101,345006,BLUMENTHAL JEWISH NURSING & REHAB,3724 WIRELESS DRIVE,GREENSBORO,NC,27455,GUILFORD,24660,U,2023-01-01,2023-12-31,4,,2375,27146,12224,41745,154,56210,,57,73,264,394,,41.67,371.86,105.95,,73,45,271,389,,2375,27146,12224,41745,134,48910,,57,73,264,394,,,,,,,,,,,,,,,,,,,4985017,7159695,3061369,2425562,714767,4985017,,2360960,,,3016230,98702,21309,33382,-15909,5415204,,,,798450,,668692,,485327,,,,5900531,600442,215428,60955,-2322,,11692,1011294,,,,,,1011294,4889237,4889237,5900531,10959292,13766660,,13766660,-45277,13811937,12144712,1667225,554299,2221524,2221524,1304279,,110938
1384102,345138,LENOIR HEALTHCARE CENTER,322 NUWAY CIRCLE,LENOIR,NC,28645,CALDWELL,25860,U,2023-01-01,2023-12-31,4,,1194,22494,5677,29365,120,43800,,26,56,80,162,,45.92,401.68,181.27,,39,25,94,158,,1194,22494,5677,29365,120,43800,,26,56,80,162,,,,,,,,,,,,,,,,,,,3421978,4552130,1559287,1208058,499397,3421978,,3406669,,,967576,102789,15909,22913,6905,7685946,,40176,,1341516,,739405,,677266,,19074,19074,8382286,337459,184553,60878,204,,75726,661564,,-417,,,-417,661147,7721139,7721139,8382286,6796400,8304531,,8304531,-1498273,9802804,7974108,1828696,171474,2000170,2000170,743928,,56857
1384103,345181,UNIVERSAL HEALTHCARE/GREENVILLE,2578 WEST 5TH STREET,GREENVILLE,NC,27834,PITT,24780,U,2023-01-01,2023-12-31,4,,2731,27133,3925,33789,120,43800,,47,115,78,240,,58.11,235.94,140.79,,96,79,91,266,,2731,27133,3925,33789,120,43800,,47,115,78,240,,,,,,,,,,,,,,,,,,,4620591,6236336,2156170,1978509,662103,4620591,,-4471120,,,1871133,81278,9393,24502,-400,2872322,,,,907767,,482913,,477349,,,,3349671,532874,160999,72066,557450,,65338,3055154,,,,,,3055154,294517,294517,3349671,7719299,9873114,,9873114,-1006174,10879288,10856927,22361,340217,362578,362578,1650017,,86284
1384104,345183,UNIVERSAL HEALTHCARE & REHABILITATIO,430 BROOKWOOD AVENUE,CONORD,NC,28025,CABARRUS,16740,U,2023-01-01,2023-12-31,4,,975,26085,5139,32199,120,43800,,15,81,81,177,,65,322.04,181.92,,32,56,92,180,,975,26085,5139,32199,120,43800,,15,81,81,177,,,,,,,,,,,,,,,,,,,4661773,5295749,1670491,1660999,563474,4661773,,3123462,,,1490356,,14317,25357,37451,4766994,,,,1019955,,535805,,419877,,,,5186871,481033,174993,53999,1895,,90059,2216640,,12670,,,12670,2229310,2957561,2957561,5186871,7714145,9369097,,9369097,-780420,10149517,9957522,191995,137271,329266,329266,607047,,30512
1384105,345213,UNIVERSAL HEALTHCARE/LILLINGTON INC,1995 E CORNELIUS HARNETT BLVD,LILLINGTON,NC,27546,HARNETT,22180,U,2023-01-01,2023-12-31,4,,2939,34305,31688,68932,235,85775,,52,147,148,347,,56.52,233.37,139.15,,77,102,145,324,,2939,34305,7422,44666,129,47085,,52,147,122,321,,,,,,,,,,,,,,,,,,,6020479,7383744,2427494,1806923,733206,6020479,,12494743,,,4099156,271760,17770,40634,7568,18643917,,,,491776,,544684,,286245,,,,18930162,468739,145015,68221,308608,,131726,10860693,,,,,,10860693,8069469,8069469,18930162,13433820,16424406,,16424406,444112,15980294,13404223,2576071,990144,3566215,3566215,1713433,,267882
1384106,345291,UNIVERSAL HEALTHCARE/OXFORD INC,500 PROSPECT AVENUE,OXFORD,NC,27565,GRANVILLE,20500,U,2023-01-01,2023-12-31,4,,1669,31995,10159,43823,180,65700,,35,86,88,209,,47.69,372.03,196.62,,64,56,99,219,,1669,31995,7232,40896,160,58400,,35,86,87,208,,,,,,,,,,,,,,,,,,,4902583,7032038,2431670,2080133,704318,4902583,,2653206,,,2681927,354410,18404,34749,725,10653111,,,,741451,,460599,,325760,,,,10978871,539457,144535,59870,893136,,124905,4410901,,,,,,4410901,6567970,6567970,10978871,8975739,11295695,,11295695,-1646255,12941950,11934621,1007329,488514,1495843,1495843,1025606,,117755
1384107,345449,UNIVERSAL HEALTHCARE KING,115 WHITE ROAD,KING,NC,27021,STOKES,49180,U,2023-01-01,2023-12-31,4,,1192,22142,9328,32662,120,43800,,32,75,176,283,,37.25,295.23,115.41,,57,54,175,286,,1192,22142,9328,32662,120,43800,,32,75,176,283,,,,,,,,,,,,,,,,,,,3792502,5696688,2452306,1954958,519541,3792502,,2635533,,,1933010,757001,10179,24264,53364,4102391,,15629,,328093,,478981,,318374,,,,4420765,448050,155222,120246,1276,,28612,2025104,,,,,,2025104,2395661,2395661,4420765,7303814,9441813,,9441813,-573943,10015756,9489190,526566,607978,1134544,1134544,727553,,41065
1384108,345489,SATURN NURSING & REHABILITATION,1930 SUGAR CREEK ROAD,CHARLOTTE,NC,28262,MECKLENBURG,16740,U,2023-01-01,2023-12-31,4,,1269,31975,4281,37525,120,43800,,19,173,68,260,,66.79,184.83,144.33,,43,132,81,256,,1269,31975,4281,37525,120,43800,,19,173,68,260,,,,,,,,,,,,,,,,,,,5624059,5719957,1567011,1555692,655936,5624059,,5540368,,,1837192,211739,9480,27664,1412,9686254,,,,1026516,,733830,,790029,,,,10476283,440132,227605,111630,-4035,,111717,4316639,,11747,,,11747,4328386,6147897,6147897,10476283,8858712,10425723,,10425723,-1056630,11482353,11344016,138337,419297,557634,557634,767383,,149011
1384109,345499,LITCHFORD FALLS NURSING & REHAB,8200 LITCHFORD ROAD,RALEIGH,NC,27615,WAKE,39580,U,2023-01-01,2023-12-31,4,,3176,13973,10127,27276,114,41610,,86,31,195,312,,36.93,450.74,87.42,,111,18,205,334,,3176,13973,10127,27276,90,32850,,86,31,195,312,,,,,,,,,,,,,,,,,,,4298354,5148199,1880963,1685221,669755,4298354,,2019560,,,2097356,163141,8669,25804,-16847,4153263,,7811,,826690,,542554,,256500,,,,4409763,431713,191686,63087,,,6331,1479007,,,,,,1479007,2930756,2930756,4409763,5890422,7752070,,7752070,-1364270,9116340,9446553,-330213,276199,-54014,-54014,2013046,,43277
1384111,345522,UNIVERSAL HEALTHCARE-FLETCHER,86 OLD AIRPORT ROAD,FLETCHER,NC,28732,HENDERSON,11700,U,2023-01-01,2023-12-31,4,,1577,19268,6571,27416,90,32850,,33,45,119,197,,47.79,428.18,139.17,,58,26,125,209,,1577,19268,6571,27416,90,32850,,33,45,119,197,,,,,,,,,,,,,,,,,,,4016559,5086574,2242144,1668427,539557,4016559,,4452390,,,1700303,12540,6903,21617,-6789,6706566,,3606,,177509,,281438,,128263,,,,6834829,506961,94754,37272,1197,,11363,1975195,,,,,,1975195,4859634,4859634,6834829,7334571,9454582,,9454582,369986,9084596,9103133,-18537,328999,310462,310462,842168,,47477
1384113,345549,UNIVERSAL HEALTHCARE/BRUNSWICK,1070 OLD OCEAN HWY,BOLIVIA,NC,28422,BRUNSWICK,34820,U,2023-01-01,2023-12-31,4,,3481,18158,7597,29236,90,32850,,113,43,186,342,,30.81,422.28,85.49,,149,10,178,337,,3481,18158,7597,29236,90,32850,,113,43,186,342,,,,,,,,,,,,,,,,,,,3970984,6112105,2413139,1777589,631009,3970984,,-1182792,,,1259320,286997,7656,24751,5443,2433139,,,,223360,,636685,,300026,,,,2733165,624260,187650,69132,1220,,57721,1992395,,,,,,1992395,740770,740770,2733165,6751685,9120121,,9120121,-655086,9775207,10083089,-307882,260564,-47318,-47318,1909056,,62120
1384114,345561,UNIVERSAL HEALTH CARE FUQUAY-VARINA,410 S JUDD PARKWAY SE,FUQUAY-VARINA,NC,27526-2147,WAKE,39580,U,2023-01-01,2023-12-31,4,,1869,23396,6075,31340,100,36500,,38,78,125,241,,49.18,299.95,130.04,,59,49,136,244,,1869,23396,6075,31340,100,36500,,38,78,125,241,,,,,,,,,,,,,,,,,,,3995271,6815132,1759056,1504831,504906,3995271,,1864756,,,1751693,221909,9434,40194,194,3509355,,,,77098,,258444,,62500,,,,3571855,391865,106534,47402,367069,,19990,2384751,,-7991,,,-7991,2376760,1195095,1195095,3571855,7010881,8588461,,8588461,-1507939,10096400,10810403,-714003,548747,-165256,-165256,1146277,,42411
1384491,345092,WILLOW VALLEY HEALTH AND REHABILITAT,1900 WEST 1ST STREET,WINSTON SALEM,NC,27104,FORSYTH,49180,U,2023-01-01,2023-12-31,5,,1249,63462,8794,73505,230,83950,,23,470,113,606,,54.3,135.03,121.3,,43,456,118,617,,1249,63462,8794,73505,230,83950,,23,470,113,606,,,,,,,,,,,,,,,,,,,4914210,17061398,976241,1318730,558737,4914210,6785697,-39172,,,5287172,,,1237003,,4094057,,7983,,5233364,549549,134700,,4941975,,470769,481834,9517866,3640958,175768,15774,,,98256,3926664,,,,141804,141804,4068468,5449398,5449398,9517866,21030501,22435181,,22435181,397097,22038084,21975608,62476,-10891,51585,51585,763472,,172377
1384495,345169,GREENS AT GASTONIA,969 COX ROAD,GASTONIA,NC,28054,GASTON,16740,U,2023-01-01,2023-12-31,4,,1928,29938,9729,41595,162,59130,,74,119,311,504,,26.05,251.58,82.53,,74,105,331,510,,1928,29938,9729,41595,162,59130,,74,119,311,504,,,,,,,,,,,,,,,,,,,3625216,10179945,1222802,1386484,577009,3625216,3253619,197647,,,2855055,,,19464,,3076950,,,,2460414,198015,,,2597852,,103275,106955,5781757,594531,128470,,,,275236,998237,,12607,,,3074671,4072908,1708849,1708849,5781757,13811822,15034624,,15034624,757687,14276937,13805161,471776,11026,482802,482802,1236039,,238980
1384496,345174,ELEVATE HEALTH & REHAB(CP ASHEVILLE),91 VICTORIA ROAD,ASHEVILLE,NC,28801,BUNCOMBE,11700,U,2023-01-01,2023-12-31,4,,1726,27643,4340,33709,120,43800,,32,127,115,274,,53.94,217.66,123.03,,57,102,123,282,,1726,27643,4340,33709,120,43800,,32,127,115,274,,,,,,,,,,,,,,,,,,,2810574,9732848,983201,1014526,290033,2810574,3413191,2873,,,967520,,,16397,,955486,,,,48521,135323,5065,,171178,,8385,8385,1135049,2282829,83271,6703,,,5664,2378467,,,,,,2378467,-1243418,-1243418,1135049,10881563,11870815,,11870815,347208,11523607,12543422,-1019815,-20216,-1040031,-1040031,888680,,197491
1384969,345000,AUTUMN CARE OF BISCOE,401 LAMBERT ROAD,BISCOE,NC,27209-9002,MONTGOMERY,99934,R,2023-01-01,2023-12-31,4,,2488,26092,7491,36071,151,55115,,35,129,94,258,,71.09,189.09,136.96,,77,62,105,244,,2488,24203,5631,32322,132,48180,,35,128,73,236,9,3285,,1889,27,1916,,1,4,5,,1889,383.2,,3,1,4,,4960668,6118445,2084060,1089410,614179,4960668,1355716,-27,,,1098808,112556,,27447,,1027530,,,,203696,,299281,,300757,,,541245,1869532,345279,197148,32893,,,840,576160,,,,,,576160,1293372,1293372,1869532,7852211,10061763,,10061763,-1691919,11753682,11079113,674569,88,674657,674657,1495640,,48380
1384970,345066,DAVIDSON HEALTH & REHAB,4748 OLD LEXINGTON ROAD,LEXINGTON,NC,27295,DAVIDSON,49180,U,2022-12-01,2023-12-31,4,,2219,18766,15731,36716,100,39600,,48,35,137,220,,46.23,536.17,166.89,,72,9,152,233,,2219,18766,15731,36716,100,39600,,48,35,137,220,,,,,,,,,,,,,,,,,,,4456327,8266741,3018599,1206900,621919,4456327,2863223,12534,,,1627517,243636,,11339,,1409399,,,,22300,,66321,,78969,,16645,16645,1505013,496712,157922,34473,,,802,689909,,,,,255272,945181,559832,559832,1505013,10338261,13397958,,13397958,238269,13159689,12723068,436621,123211,559832,559832,1241518,,39756
1384971,345083,HILLTOP HEALTH AND REHABILITATION (A,188 OSCAR JUSTICE ROAD,RUTHERFORDTON,NC,28139,RUTHERFORD,99934,R,2023-01-01,2023-12-31,4,,2093,16975,7218,26286,80,29200,,50,69,134,253,,41.86,246.01,103.9,,71,54,130,255,,2093,16975,7218,26286,80,29200,,50,69,134,253,,,,,,,,,,,,,,,,,,,2483322,6628478,846312,829071,297035,2483322,1543980,7574,,,1418910,,,13236,,1610935,,,,4852,103796,13983,,109935,,53843,53843,1774713,1520903,62148,5018,,,18419,1606488,,,,7074,7074,1613562,161151,161151,1774713,8732409,9602321,,9602321,478730,9123591,9111800,11791,-24477,-12686,-12686,1178674,,132107
1384974,345103,MATTHEWS HEALTH & REHAB,600 FULLWOOD LANE,MATTHEWS,NC,28105,MECKLENBURG,16740,U,2022-12-01,2023-12-31,4,,6126,28333,15735,50194,176,69696,,156,91,230,477,,39.27,311.35,102.93,,237,40,210,487,,6126,28333,13816,48275,166,65736,,156,91,222,469,,,,,,,,,,,,,,,,,,,8753149,9009395,5128525,1542340,1021739,8753149,1107712,56593,,,2593181,464719,,17751,,2210318,,,,49002,,144083,,170078,,10917,10917,2391313,591466,254189,52577,,,4793,903025,,,,,900383,1803408,587905,587905,2391313,15127565,20293748,,20293748,2119099,18174649,17762544,412105,175800,587905,587905,3530104,,63055
1384976,345208,SAPPHIRE RIDGE HEALTH AND REHAB,115 N COUNTRY CLUB ROAD,BREVARD,NC,28712,TRANSYLVANIA,99934,R,2023-01-01,2023-12-31,4,,900,22711,4734,28345,147,53655,,18,70,55,143,,50,324.44,198.22,,36,57,71,164,,900,22711,4734,28345,147,53655,,18,70,55,143,,,,,,,,,,,,,,,,,,,1473869,8320199,755983,702426,150508,1473869,4281558,,,,1204729,,,23676,,1546280,,,,59071,84602,13287,,141293,,77375,77375,1764948,1975370,63826,2637,,,-2,2044305,,,,,,2044305,-279357,-279357,1764948,8916401,9672384,,9672384,211053,9461331,9794068,-332737,-2130,-334867,-334867,499878,,93302
1384978,345282,AHSNF - CLEVELAND PINES,1404 NORTH LAFAYETTE STREET,SHELBY,NC,28150,CLEVELAND,99934,R,2023-01-01,2023-12-31,2,,1528,22655,8578,32761,120,43800,,39,70,101,210,,39.18,323.64,156,,148,39,5,192,,1528,22655,8578,32761,120,43800,,39,70,101,210,,,,,,,,,,,,,,,,,,,6528938,7076468,2469421,1343949,1451867,6528938,636048,200,,,1198586,417658,750,10301,,-1745211,129158,526231,6604766,21493,1456679,,,2796599,,,,1051388,138818,,,,,6482,145300,,,,,,145300,906088,906088,1051388,6491424,8960844,,8960844,170104,8790740,13605406,-4814666,64712,-4749954,-4749954,780817,,58773
1384981,345441,GASTONIA HEALTH & REHAB,1770 OAK HOLLOW ROAD,GASTONIA,NC,28054,GASTON,16740,U,2022-12-01,2023-12-31,4,,669,11276,11677,23622,100,39600,,20,50,91,161,,33.45,225.52,115.46,,30,42,69,141,,669,11276,5027,16972,60,23760,,20,50,77,147,,,,,,,,,,,,,,,,,,,2995287,4767177,1430327,502946,339996,2995287,1531481,15353,,,1025393,166077,,7982,,887801,,,,63038,,51642,,105603,,16180,16180,1009584,279172,74778,19297,,,626,373873,,,,,1643080,2016953,-1007369,-1007369,1009584,6107598,7588088,,7588088,930108,6657980,7762464,-1104484,97115,-1007369,-1007369,311779,,30724
1384982,345529,UNIVERSAL HEALTHCARE/NORTH RALEIGH,5201 CLARKS FORK DRIVE NW,RALEIGH,NC,27616,WAKE,39580,U,2023-01-01,2023-12-31,4,,1498,26298,9843,37639,132,48180,,25,81,154,260,,59.92,324.67,144.77,,41,59,157,257,,1498,26298,9843,37639,132,48180,,25,81,154,260,,,,,,,,,,,,,,,,,,,4933994,5938976,1531493,1416921,635375,4933994,,-7903289,,,3234448,,19294,28025,-22719,3002339,,16618,,194907,,452718,,257709,,,,3260048,702079,126896,81618,1680,,6215,281166,,,,,,281166,2978882,2978882,3260048,8793266,10241534,,10241534,-1293480,11535014,10872970,662044,561153,1223197,1223197,939800,,71846
1385540,345115,SALISBURY REHABILITATION AND NURSING,635 STATESVILLE BOULEVARD,SALISBURY,NC,28144,ROWAN,16740,U,2023-01-01,2023-12-31,4,,1825,40062,6689,48576,185,67525,,26,148,108,282,,70.19,270.69,172.26,,46,110,110,266,,1825,40062,6689,48576,185,67525,,26,148,108,282,,,,,,,,,,,,,,,,,,,4468046,10466396,624255,729713,498930,4468046,3427847,84590,,,3457467,,,114996,,2112068,,79165,,982807,350387,93896,,960751,,261507,278745,3351564,2793877,116397,7825,,,28182,2927447,,,,87413,87413,3014860,336704,336704,3351564,13749300,14699864,,14699864,251839,14448025,14934442,-486417,21269,-465148,-465148,1136302,,214747
1385541,345116,PIEDMONT HILLS NURSING AND REHAB,109 SOUTH HOLDEN ROAD,GREENSBORO,NC,27407,GUILFORD,24660,U,2023-01-01,2023-12-31,4,,1365,31096,5349,37810,126,45990,,33,141,124,298,,41.36,220.54,126.88,,42,127,145,314,,1365,31096,5349,37810,126,45990,,33,141,124,298,,,,,,,,,,,,,,,,,,,2710552,9628147,781875,804116,347541,2710552,3370922,-77995,,,4430630,,,-164682,,4080816,,3800,,2585098,328806,96200,,2233987,,305403,305563,6620366,3686289,101446,5821,,,113591,3907147,,,,34134,34134,3941281,2679085,2679085,6620366,12285588,13164312,,13164312,352310,12812002,12338700,473302,-7676,465626,465626,818542,,98593
1385542,345149,MILL CREEK CENTER NURSING AND REHAB,4911 BRIAN CENTER LANE,WINSTON SALEM,NC,27106,FORSYTH,49180,U,2023-01-01,2023-12-31,4,,2677,12167,6807,21651,80,29200,,76,113,309,498,,35.22,107.67,43.48,,92,86,318,496,,2677,12167,6807,21651,80,29200,,76,113,309,498,,,,,,,,,,,,,,,,,,,3138134,5114560,831678,942029,399457,3138134,861863,-11526,,,1687445,,,333497,,1356436,,,,1348013,395967,75275,,1273041,,167765,178830,2808307,3535342,85804,8098,,,28419,3657663,,,,-4236,-4236,3653427,-845120,-845120,2808307,8145279,8976957,,8976957,554707,8422250,8252694,169556,-33150,136406,136406,1693479,,94426
1385545,345243,EASTLAND NURSING CNTR(AH CHARLOTTE),5939 REDDMAN ROAD,CHARLOTTE,NC,28212,MECKLENBURG,16740,U,2023-01-01,2023-12-31,4,,1501,25207,5377,32085,120,43800,,37,114,106,257,,40.57,221.11,124.84,,52,94,119,265,,1501,25207,5377,32085,120,43800,,37,114,106,257,,,,,,,,,,,,,,,,,,,4247586,7362141,804742,833418,466977,4247586,631323,12074,,,2389915,,,1174835,,8655377,,12750,,1865599,380816,84313,,1744252,,131218,142481,10542110,5608835,112524,4662,,,52585,5777057,,,,54654,54654,5831711,4710399,4710399,10542110,10942082,11845689,,11845689,256285,11589404,11609727,-20323,2251,-18072,-18072,845864,,126469
1385546,345261,LOTUS VILLAGE CTR NURSING AND REHAB,179 COMBS STREET,SPARTA,NC,28675,ALLEGHANY,99934,R,2023-07-01,2023-12-31,4,,460,12487,1804,14751,90,16470,,9,32,37,78,,51.11,390.22,189.12,,13,24,45,82,,460,12487,1804,14751,90,16470,,9,32,37,78,,,,,,,,,,,,,,,,,,,1280498,3778187,214840,257450,273715,1280498,1682572,-15162,,,1137053,,,109264,,703052,,,,10140,54694,104666,,189213,,104817,104817,997082,1568562,71398,7084,,,5688,1652732,,,,,,1652732,-655650,-655650,997082,4423772,4641966,,4641966,146312,4495654,5058685,-563031,-7454,-570485,-570485,254729,,65880
1385547,345304,SHAMROCK NURSING CENTER (AH MIDWOOD),2727 SHAMROCK DRIVE,CHARLOTTE,NC,28205,MECKLENBURG,16740,U,2023-01-01,2023-12-31,4,,715,15563,2370,18648,100,36500,,6,103,49,158,,119.17,151.1,118.03,,16,93,49,158,,715,15563,2370,18648,100,36500,,6,103,49,158,,,,,,,,,,,,,,,,,,,1801174,6195919,551434,563657,245900,1801174,1818290,-93779,,,1809050,,,222535,,1988351,,,,595485,444386,73570,,678739,,193897,204962,2872052,2413581,43410,3422,,,23977,2484390,,,,26957,26957,2511347,360705,360705,2872052,6369300,6920979,,6920979,90160,6830819,7997093,-1166274,28815,-1137459,-1137459,408777,,61717
1385548,345362,GREENS AT CABARRUS,250 BISHOP LANE,CONCORD,NC,28025,CABARRUS,16740,U,2023-01-01,2023-12-31,4,,4056,16762,9275,30093,90,32850,,182,58,433,673,,22.29,289,44.71,,176,58,430,664,,4056,16762,9275,30093,90,32850,,182,58,433,673,,,,,,,,,,,,,,,,,,,3664170,6861167,1478925,1739676,582366,3664170,1356311,162758,,,2130171,,,117781,,2407652,,,,172436,189369,,,320071,,60000,60000,2787723,442043,154404,,,,153961,750408,,8277,,,-172775,577633,2210090,2210090,2787723,11751827,13230752,,13230752,1169279,12061473,10525337,1536136,18102,1554238,1554238,2698860,,135759
1385991,345010,BEAR MOUNTAIN HEALTH AND REHAB,500 BEAVERDAM ROAD,ASHEVILLE,NC,28804,BUNCOMBE,11700,U,2023-01-01,2023-12-31,4,,976,19125,3041,23142,77,28105,,8,101,35,144,,122,189.36,160.71,,23,90,38,151,,976,19125,3041,23142,77,28105,,8,101,35,144,,,,,,,,,,,,,,,,,,,1712691,6694628,858848,801449,234964,1712691,2505443,,,,1784858,,,11456,,1813667,,,,14411,107417,10256,,118141,,3877,3877,1935685,2930369,43525,3620,,,11286,2988800,,,,,,2988800,-1053115,-1053115,1935685,7106849,7965698,,7965698,464853,7500845,8407319,-906474,-12908,-919382,-919382,500537,,96333
1385993,345223,VALLEY HILL HEALTH AND REHAB,1510 HEBRON ROAD,HENDERSONVILLE,NC,28739,HENDERSON,11700,U,2023-01-01,2023-12-31,4,,1136,22919,4527,28582,130,47450,,14,63,39,116,,81.14,363.79,246.4,,32,42,47,121,,1136,22919,4527,28582,130,47450,,14,63,39,116,,,,,,,,,,,,,,,,,,,2985767,7105763,1392608,583054,407405,2985767,3682758,47941,,,1190508,273133,,15921,,986715,,,,107716,,79571,,171224,,11687440,11687440,12845379,525504,127784,30494,,,2667,686449,,,,11867113,13040857,13727306,-881927,-881927,12845379,8054572,9447184,,9447184,236587,9210597,10091530,-880933,589,-880344,-880344,621736,,58326
1386435,345011,PINE ACRES CENTER NURSING AND REHAB,279 BRIAN CENTER DRIVE,LEXINGTON,NC,27292,DAVIDSON,49180,U,2023-01-01,2023-12-31,4,,1284,25179,8691,35154,106,38690,,35,156,292,483,,36.69,161.4,72.78,,57,139,293,489,,1284,25179,8691,35154,106,38690,,35,156,292,483,,,,,,,,,,,,,,,,,,,3247402,8087646,797980,962250,385123,3247402,2342224,50150,,,1544060,,,-171874,,3929755,,,,534693,328494,79945,,519510,,203177,214242,4663507,2428628,101067,3662,,,42496,2579082,,,,14657,14657,2593739,2069768,2069768,4663507,11945010,12978730,,12978730,563491,12415239,11335048,1080191,110622,1190813,1190813,822424,,32390
1387042,345145,THE CARROLTON AT WILLIAMSTON,119 GATLING STREET,WILLIAMSTON,NC,27892,MARTIN,99934,R,2023-01-01,2023-12-31,4,,1656,31165,2965,35786,154,56210,,25,27,110,162,,66.24,1154.26,220.9,,37,27,105,169,,1656,31165,2965,35786,154,56210,,25,27,110,162,,,,,,,,,,,,,,,,,,,3446540,8893042,2703645,1668293,494722,3446540,761390,-97914,,,1434945,577868,,,,2819366,,,,11435,,185334,,119099,,231,231,2938696,1320612,-63002,-15351,,21585,-126502,2103122,,982647,,,1037641,3140763,-202067,-202067,2938696,7905219,10846088,,10846088,-407396,11253484,12339582,-1086098,1268488,182390,182390,878111,,108296
1387043,345193,MOUNTAIN VIEW MANOR,410 BUCKNER BRANCH ROAD,BRYSON CITY,NC,28713,SWAIN,99934,R,2023-01-01,2023-12-31,4,,1783,18930,5715,26428,120,43800,,27,63,73,163,,66.04,300.48,162.13,,45,32,96,173,,1783,18930,5715,26428,120,43800,,27,63,73,163,,,,,,,,,,,,,,,,,,,4931320,4857188,1288577,754950,807624,4931320,,297202,,,1268045,20000,57990,148808,,2716399,,,,532393,638733,,,403855,,9165,9165,3129419,984369,159873,,,,15733,1159975,,,,,,1159975,1969444,1969444,3129419,5572588,6849311,,6849311,-1948610,8797921,9788508,-990587,13156,-977431,-977431,851101,,118420
1387046,345266,THE CARROLTON OF PLYMOUTH,1084 US 64 EAST,PLYMOUTH,NC,27962,WASHINGTON,99934,R,2023-01-01,2023-12-31,4,,1328,23779,3018,28125,123,44895,,29,78,58,165,,45.79,304.86,173.24,,44,20,84,148,,1328,23779,2958,28065,114,41610,,29,78,55,162,,,,,,,,,,,,,,,,,,,2798716,7503507,3180482,1536236,540994,2798716,946513,-55896,,,1137997,534556,,,,4636937,,,,1535,,155391,,93713,,,,4730650,1217401,-1354,-8628,,126241,5698,2497172,,591531,,,601614,3098786,1631864,1631864,4730650,7020400,10254572,,10254572,582808,9671764,10302223,-630459,1259657,629198,629198,682817,,103162
1387047,345279,THE CARROLTON AT NASH,7369 HUNTER HILL ROAD,ROCKY MOUNT,NC,27804,NASH,40580,U,2023-01-01,2023-12-31,4,,3265,30669,5932,39866,150,54750,,79,42,188,309,,41.33,730.21,130.2,,92,20,196,308,,3265,30669,5907,39841,141,51465,,79,42,185,306,,,,,,,,,,,,,,,,,,,4713619,9532835,3792363,2159128,824930,4713619,1013096,-159120,,,2105128,442267,,,,4434206,,,,13034,,228627,,154975,,,,4589181,1440837,18947,-27144,,288514,34767,3702755,,1037964,,,1142228,4844983,-255802,-255802,4589181,11330985,15714085,,15714085,2483203,13230882,14246454,-1015572,1916756,901184,901184,1802543,,184473
1387048,345315,THE CARROLTON AT LUMBERTON,1170 LINKHAW ROAD,LUMBERTON,NC,28358,ROBESON,99934,R,2023-01-01,2023-12-31,4,,2211,14702,2800,19713,95,34675,,37,29,103,169,,59.76,506.97,114.21,,43,56,134,233,,2211,14702,2160,19073,90,32850,,37,29,101,167,,,,,,,,,,,,,,,,,,,3196325,6062169,1753865,1558594,480624,3196325,827136,-83625,,,1161495,264200,,8867,,-915766,,,,270671,,479522,,656031,,,,-259735,995421,-8982,-700,,,-46408,4224576,,281601,,,281701,4506277,-4766012,-4766012,-259735,6479187,8418310,,8418310,1027225,7391085,9258494,-1867409,13041,-1854368,-1854368,1166160,,84089
1387049,345325,THE CARROLTON OF DUNN,711 SUSAN TART ROAD,DUNN,NC,28334,HARNETT,22180,U,2023-01-01,2023-12-31,4,,1362,22228,5786,29376,108,39420,,30,34,139,203,,45.4,653.76,140.54,,29,33,133,195,,1362,22228,4659,28249,100,36500,,30,34,137,201,,,,,,,,,,,,,,,,,,,3508034,8133866,3537909,1890693,595100,3508034,1042582,-62118,,,1157066,,,,,6091095,,,,1535,,165141,,103563,,303,303,6194961,991020,-30730,-14938,,,-61781,1570578,,421189,,,470835,2041413,4153548,4153548,6194961,9167448,13058047,,13058047,258326,12799721,11641900,1157821,1418168,2575989,2575989,731379,,32530
1387453,345179,ACCORDIUS HEALTH AT MOORESVILLE,752 EAST CENTER AVENUE,MOORESVILLE,NC,28115,IREDELL,16740,U,2023-01-01,2023-12-31,4,,2002,24429,5769,32200,131,47815,,62,78,108,248,,32.29,313.19,129.84,,75,81,111,267,,2002,24429,5769,32200,131,47815,,62,78,108,248,,,,,,,,,,,,,,,,,,,3031018,8804994,647600,761851,403111,3031018,3467067,-4252,,,2800420,,,270660,,3033034,,1400,,1033724,581555,98704,,1559333,,228760,240025,4832392,6857040,93308,77571,,,5735,7033654,,,,33800,33800,7067454,-2235062,-2235062,4832392,10614269,11423153,,11423153,487378,10935775,11836012,-900237,-3270,-903507,-903507,1241669,,104965
1387454,345283,GLENWOOD REHABILITATION AND NURSING,500 GLENWOOD DRIVE,MOORESVILLE,NC,28115,IREDELL,16740,U,2023-01-01,2023-12-31,4,,3200,23928,11564,38692,160,58400,,94,111,197,402,,34.04,215.57,92.04,,112,77,215,404,,3200,23928,9226,36354,130,47450,,94,111,190,395,,,,,,,,,,,,,,,,,,,4018132,10422237,788453,1241023,453733,4018132,3416334,118338,,,2311237,,,34236,,-892088,,,,1203004,259089,106288,,1984206,,89604,89388,1181506,1706137,124229,10448,,,40781,1881595,,,,42723,42723,1924318,-742812,-742812,1181506,12553006,13587121,,13587121,410308,13176813,14440369,-1263556,45520,-1218036,-1218036,1953924,,176663
1387776,345302,VERO HEALTH & REHAB OF SYLVA,417 CLOVERDALE ROAD,SYLVA,NC,28779,JACKSON,99934,R,2023-01-01,2023-12-31,4,,2509,24677,3254,30440,106,38690,,43,37,113,193,,58.35,666.95,157.72,,48,50,102,200,,2509,24677,3254,30440,106,38690,,43,37,113,193,,,,,,,,,,,,,,,,,,,3572119,6272351,1982933,1305651,666138,3572119,,101552,,,4567954,2014710,,54794,,2943161,,,,329572,,368863,,460957,,37092,233758,3637876,837945,164306,12569,-7859,,-54287,952674,,,,,,952674,2685202,2685202,3637876,6884565,8867498,,8867498,-1336105,10203603,10220818,-17215,4089,-13126,-13126,1003803,,129852
1387777,345345,ACCORDIUS HEALTH AT MONROE,204 OLD HIGHWAY 74 EAST,MONROE,NC,28112,UNION,16740,U,2023-01-01,2023-12-31,4,,1397,13198,3995,18590,72,26280,,25,55,71,151,,55.88,239.96,122.88,,43,32,70,145,,1397,13198,3714,18309,60,21900,,25,55,69,149,,,,,,,,,,,,,,,,,,,1385599,5702936,601141,540778,183172,1385599,1834394,-25278,,,813369,,,505793,,3615407,,,,583001,283584,74020,,581070,,145998,158058,4354535,1416542,36482,1913,,,12767,1467704,,,,101366,101366,1569070,2785465,2785465,4354535,6137572,6744345,,6744345,198687,6545658,7088535,-542877,-15162,-558039,-558039,829463,,103930
1389186,345326,WILLOWBROOKE COURT AT MATTHEWS GLEN,733 PLANTATION ESTATES DRIVE,MATTHEWS,NC,28105,MECKLENBURG,16740,U,2023-01-01,2023-12-31,2,,1046,,27640,28686,90,32850,,50,,110,160,,20.92,,48.44,,50,,10,60,,1046,,1957,3003,15,5475,,50,,12,62,75,27375,,,25683,25683,,,98,98,,,262.07,,,88,88,,14317349,21489713,2013626,2200159,2730350,14317349,320352,2000,,,746521,139714,38176,47431,-25288214,-23758700,12588223,2679078,250422637,,11864534,,,246174387,,16002589,16002589,238418276,8669540,622670,,,89739509,-657965,98373754,,,,,,98373754,140044522,140044522,238418276,7109172,50482103,,50482103,6576932,43905171,35807062,8098109,1873908,9972017,9972017,597557,,
1389187,345356,RICH SQUIARE OPERATIONS LLC,300 N MAIN ST,RICH SQUARE,NC,27869,NORTHHAMPTON,99934,R,2023-01-01,2023-12-31,5,,2890,14130,2716,19736,69,25185,,51,65,62,178,,56.67,217.38,110.88,,77,20,51,148,,2890,14130,2716,19736,69,25185,,51,65,62,178,,,,,,,,,,,,,,,,,,,2053047,4758859,1825536,959711,355254,2053047,,-36504,,,871103,32597,,6309,62485,4004871,,,,67377,4382,219587,,101152,,,,4106023,379039,102329,,,,107306,588674,,,,,,588674,3517349,3517349,4106023,6783003,8735787,,8735787,1678245,7057542,6811906,245636,10008,255644,255644,1589228,,211878
1389188,345459,WILLOWBROOKE COURT AT TRYON ESTATES,617 LAUREL LAKE DRIVE,COLUMBUS,NC,28722,POLK,99934,R,2023-01-01,2023-12-31,2,,559,,11216,11775,52,18980,,27,,43,70,,20.7,,162.5,,19,,50,69,,559,,10166,10725,16,15668,,27,,39,66,36,3312,,,1050,1050,,,4,4,,,262.5,,,5,5,,7076817,11178971,793929,956800,1512788,7076817,10561,2961,,,704637,218931,29449,1650,,546358,930068,1945694,108213769,,5016773,,,58404721,,3876062,3876062,62827141,243354,327543,,,37008203,-26111472,11467628,,,,9,9,11467637,51359504,51359504,62827141,3973711,25662505,,25662505,3540486,22122019,18255788,3866231,1152100,5018331,5018331,315953,,
1389421,345131,CEDAR HILLS HEALTH AN REHABILITATION,3905 CLEMMONS ROAD,CLEMMONS,NC,27012,FORSYTH,49180,U,2023-01-01,2023-12-31,4,,969,22009,6342,29320,94,34310,,37,139,212,388,,26.19,158.34,75.57,,51,136,215,402,,969,22009,6342,29320,94,34310,,37,139,212,388,,,,,,,,,,,,,,,,,,,1893460,8931125,616831,644857,249528,1893460,3783975,-253043,,,1969951,,,-394403,,3027724,,12675,,2053530,515663,33376,,2030715,,457186,470883,5529322,6385254,67433,8303,,,54972,6515962,,,,26549,26549,6542511,-1013189,-1013189,5529322,9377861,10188508,,10188508,458466,9730042,10824585,-1094543,3923,-1090620,-1090620,642532,,126543
1389540,345539,THE ARBOR,3000 GALLOWAY RIDGE,PITTSBORO,NC,27312,CHATHAM,20500,U,2023-01-01,2023-12-31,2,,554,,9738,10292,58,21170,,14,,37,51,,39.57,,51,,28,,38,66,,554,,1843,2397,16,5840,,14,,33,47,,,,,,,,,,,,,,,,,,,12242152,23238589,895778,1540620,2470343,12242152,2178697,378731,,,1208404,346000,344920,310737,,2280611,5690693,898635,125012371,,,10727675,,99641628,,38052563,38052563,139974802,2071805,511741,,2075715,92563552,2971029,100193842,,66842135,,,66842135,167035977,-27061175,-27061175,139974802,3908256,32738007,,32738007,169810,32568197,35480741,-2912544,5053509,2140965,2140965,339438,,
1389541,345572,THE CARDINAL AT NORTH HILLS,311 CARDINAL AT NORTH HILLS STREET,RALEIGH,NC,27609,DARE,99934,R,2023-01-01,2023-12-31,6,,1284,,18337,19621,70,25550,,51,,62,113,,25.18,,49.43,,50,,38,88,,1284,,3016,4300,15,5475,,51,,36,87,,,,,,,,,,,,,,,,,,,6142824,18589811,829572,831180,897401,6142824,266832,371860,,,280980,73417,,178307,,1332340,,46451,,1666731,760186,195533,,1873683,,92367946,92384357,95590380,45950,410866,,,136033,7072431,8089493,,,,85445943,85445943,93535436,2054944,2054944,95590380,3191216,4020788,,4020788,995822,3024966,24732635,-21707669,21035684,-671985,-671985,699715,,
1389638,345199,CAROL WOODS HEALTH CARE,750 WEAVER DAIRY ROAD,CHAPEL HILL,NC,27514,ORANGE,20500,U,2023-01-01,2023-12-31,2,,947,,32365,33312,119,43435,,28,,276,304,,33.82,,31.07,,44,,167,211,,947,,5640,6587,30,10950,,28,,184,212,,,,,,,,,,,,,,,,,,,15054021,19205698,877903,1351068,2914390,15054021,6415,153884,,,1554668,90000,226920,307550,2528386,5009879,4453189,6784721,46511216,46526068,3336245,9281313,,62588676,56905733,,56905733,124504288,1333153,2205567,,5101624,,335097,8975441,,26202922,,53159586,79362508,88337949,36166339,36166339,124504288,10259049,36335497,,36335497,7225960,29109537,34259719,-5150182,10387475,5237293,4669244,515868,,
1389640,345500,WINDSOR POINT  CCRC,1221 BROAD STREET,FUQUAY VARINA,NC,27526,WAKE,39580,U,2023-01-01,2023-12-31,4,,922,,23172,24094,100,36500,,7,,90,97,,131.71,,197.85,,45,,22,67,,922,,7190,8112,45,16425,,7,,34,41,,,,,,,,,,,,,,,,,,,2268866,1920745,300977,336302,220956,2268866,,11845818,,,400132,275000,,48841,310655,12330446,,,,1998172,1016573,,,1585326,2848852,12818841,16215833,30131605,286650,250526,1586,,1208467,2984911,4732140,,,,16863516,16863516,21595656,8535949,8535949,30131605,4636217,5011143,,5011143,226409,4784734,4189611,595123,995264,1590387,1590387,466099,,
1389641,345544,ALDERSGATE UNITED METHODIST RETIREME,3800 SHAMROCK DRIVE,CHARLOTTE,NC,28215,MECKLENBURG,16740,U,2023-01-01,2023-12-31,4,,10684,3583,60309,74576,230,83950,,403,8,425,836,,26.51,447.88,50.08,,431,5,324,760,,10684,3583,24895,39162,120,43800,,403,8,371,782,,,,,,,,,,,,,,,,,,,17425240,31167133,5082612,3647820,1890943,17425240,1589166,3037675,,,5888259,1969989,114444,250241,5780758,14731119,3392785,9766065,166693029,,20182886,,,107776891,,22029317,22029317,144537327,4498160,1525044,,3356250,27386197,1394367,38198342,,66157864,,83003116,149160980,187359322,-42821995,-42821995,144537327,24318718,29401330,,29401330,5378524,24022806,48592373,-24569567,26137502,1567935,1567935,5890311,,
1389642,345564,SHARON TOWERS,5100 SHARON ROAD,CHARLOTTE,NC,28210,MECKLENBURG,16740,U,2023-01-01,2023-12-31,2,,2073,,30498,32571,136,49640,,89,,107,196,,23.29,,22.34,,102,,27,129,,2073,,898,2971,19,6935,,89,,44,133,77,28105,,,17000,17000,,,43,43,,,395.35,,,66,66,,11416650,23506772,1967505,1878377,2009406,11416650,1720811,12327678,,,1446680,150000,,548986,,21637014,,5997089,175110847,,6610430,,,163682573,19029958,7600558,26630516,211950103,2805908,903049,,,60125737,1756861,65591555,,81475183,,5000000,86475183,152066738,59883365,59883365,211950103,8874112,10841617,,10841617,271712,10569905,34923422,-24353517,28352767,3999250,3801363,1285525,,
1389828,345416,ML BERMUDA VILLAGE LLC,142 BERMUDA VILLAGE DRIVE,ADVANCE,NC,27006,DAVIE,49180,U,2023-01-01,2023-12-31,2,,2224,,8495,10719,57,20805,,99,,103,202,,22.46,,53.06,,75,,132,207,,2224,,8495,10719,36,13140,,99,,103,202,,,,,,,,,,,,,,,,,,,5661713,11370978,1906941,1286099,453675,5661713,,772182,,,1496130,665664,17099,106796,,1701636,6343981,50916,28539451,,,1721468,,33836058,,,,35537694,1358464,608778,,955000,,,705697,39792028,,,,39792028,40497725,-4960031,-4960031,35537694,4334381,17074476,,17074476,1062524,16011952,17032691,-1020739,800234,-220505,-220505,1322574,,
1390450,345234,HARBORVIEW LUMBERTON,1555 WILLIS AVENUE,LUMBERTON,NC,28358,ROBESON,99934,R,2023-01-01,2023-12-31,4,,2224,28405,4293,34922,122,44530,,64,543,236,843,,34.75,52.31,41.43,,82,491,270,843,,2224,28405,4293,34922,122,44530,,64,543,236,843,,,,,,,,,,,,,,,,,,,4757960,7240646,2166139,1024087,546934,4757960,,-138576,,,1766411,367493,,62007,,1329076,,,15733014,75789,,154269,,15912359,,253760,253760,17495195,662191,228716,,217609,,15719032,16827548,,,,,,16827548,667647,667647,17495195,11205252,13371391,,13371391,1299004,12072387,12421541,-349154,34545,-314609,-314609,1243010,,122681
1390586,345191,SURRY COMMUNITY HEALTH CENTER BY HAR,542 ALLRED MILL ROAD,MOUNT AIRY,NC,27030,SURRY,99934,R,2023-01-01,2023-12-31,4,,3521,22510,10644,36675,120,43800,,118,275,284,677,,29.84,81.85,54.17,,142,240,302,684,,3521,22510,10644,36675,120,43800,,118,275,284,677,,,,,,,,,,,,,,,,,,,4275016,7030171,2529886,1288068,477410,4275016,,-123505,,,2244797,396397,,57772,,1781099,,,15474974,97499,,105496,,15625980,,249600,249600,17656679,813654,177170,,214041,,13670326,14875191,,,,,,14875191,2781488,2781488,17656679,12155043,14684929,,14684929,1544536,13140393,11762917,1377476,107673,1485149,1485149,1937785,,275593
1390714,345195,EDGECOMBE HEALTH CENTER BY HARBORVIE,1000 WESTERN BOULEVARD,TARBORO,NC,27886,EDGECOMBE,40580,U,2023-01-01,2023-12-31,4,,6210,35631,6996,48837,159,58035,,172,413,196,781,,36.1,86.27,62.53,,228,340,210,778,,6210,35631,6996,48837,159,58035,,172,413,196,781,,,,,,,,,,,,,,,,,,,5133587,9577690,3266028,1505354,638577,5133587,,-31781,,,1269184,179925,,73252,,1131430,,,20504374,103980,,189040,,20737619,,330227,330227,22199276,718106,307617,,283605,,18347373,19656701,,,,,,19656701,2542575,2542575,22199276,16082560,19348588,,19348588,2483047,16865541,15308322,1557219,54555,1611774,1611774,3857739,,334143
1390986,345168,MACGREGOR DOWNS HEALTH CENTER BY HAR,2910 MACGREGOR DOWNS DRIVE,GREENVILLE,NC,27834,PITT,24780,U,2023-01-01,2023-12-31,4,,10152,24891,11590,46633,152,55480,,370,200,442,1012,,27.44,124.46,46.08,,394,166,447,1007,,10152,24891,11590,46633,152,55480,,370,200,442,1012,,,,,,,,,,,,,,,,,,,6959496,8617978,6019772,2534898,899243,6959496,,-128036,,,2996241,691178,,77673,,2258033,,,19601637,130514,,91366,,19776671,,316160,316160,22350864,888112,315787,,271119,,16010474,17485492,,,,,,17485492,4865372,4865372,22350864,16373850,22393622,,22393622,4041691,18351931,16175335,2176596,74868,2251464,2251464,6417872,,477178
1391238,345423,WILMED NURSING CARE CENTER,1705 S. TARBORO ST,WILSON,NC,27893,WILSON,99934,R,2023-03-01,2024-02-29,4,,5496,15611,1687,22794,90,32940,,196,17,10,223,,28.04,918.29,102.22,,228,5,5,238,,5496,15611,1687,22794,90,32940,,196,17,10,223,,,,,,,,,,,,,,,,,,,3322041,5328844,1479904,1611824,696458,3322041,,143574,,,1837882,,15605,33534,,2011442,,,,,195755,,,89667,,40707,40707,2141816,479876,162102,,,,43507,685485,,-1699287,,19,1284620,1970105,171711,171711,2141816,5541120,7021024,4573,7025597,1490490,5535107,8650885,-3115778,19,-3115759,-3115759,2531244,,94994
1391378,345253,THE LODGE AT MILLS RIVER,5593 OLD HAYWOOD ROAD,MILLS RIVER,NC,28759,HENDERSON,11700,U,2023-01-01,2023-12-31,4,,9591,2339,3723,15653,50,18250,,314,7,87,408,,30.54,334.14,38.37,,356,3,76,435,,9591,2339,3723,15653,50,18250,,314,7,87,408,,,,,,,,,,,,,,,,,,,2503226,4759359,3893505,1946901,390035,2503226,948253,1112266,,,857915,24112,,2164,,1961626,,8175,12842107,68834,,727818,,12130001,,183333,183333,14274960,238142,117288,33611,,,12132095,12523681,,,,,,12523681,1751279,1751279,14274960,6352696,10254562,,10254562,1826018,8428544,7262585,1165959,29651,1195610,1195610,6142740,,14864
1391379,345268,AUTUMN CARE OF MARSHVILLE,311 W PHIFER ROAD,MARSHVILLE,NC,28103-1332,UNION,16740,U,2023-01-01,2023-12-31,4,,971,19450,8169,28590,120,43800,,26,93,116,235,,37.35,209.14,112.12,,49,58,114,221,,971,19450,4581,25002,110,40150,,26,93,104,223,,,,,,,,,,,,,,,,,,,3715653,5112236,1450607,866288,472508,3715653,1069635,27691,,,964907,228997,,24150,,875874,,,,172793,,257160,,240734,,,1073459,2190067,318850,148972,23416,,,4154,495392,,,,,,495392,1694675,1694675,2190067,6618079,8265200,,8265200,-801941,9067141,8827889,239252,1926,241178,241178,638282,,17496
1391380,345575,BRUNSWICK HEALTH & REHAB CENTER LLC,9600 NO. 5 SCHOOL ROAD,ASH,NC,28420-2122,BRUNSWICK,34820,U,2023-01-01,2023-12-31,4,,3130,15214,14254,32598,100,36500,,138,63,290,491,,22.68,241.49,66.39,,185,21,289,495,,3130,15214,14254,32598,100,36500,,138,63,290,491,,,,,,,,,,,,,,,,,,,5308180,5570372,3058566,1109708,703227,5308180,661742,29297,,,1563540,250506,,21112,,1365308,,,,173397,,334989,,261661,,,,1626969,293624,199921,30831,,,2736,527112,,,,,47044,574156,1052813,1052813,1626969,8141988,11200557,,11200557,-42106,11242663,10878552,364111,14083,378194,378194,1864069,,6424
1392492,345063,HARMONY PARK AT WILSON,1804 FOREST HILLS ROAD,WILSON,NC,27893-3413,WILSON,99934,R,2023-01-01,2023-12-31,4,,760,20756,5448,26964,110,40150,,22,93,103,218,,34.55,223.18,123.69,,30,82,124,236,,760,20756,5448,26964,110,40150,,22,93,103,218,,,,,,,,,,,,,,,,,,,3133731,6490437,871870,1074851,313117,3133731,,21991,,,2175448,167123,,22479,-272107,1780688,,,79114,,,91886,,154654,,33037,33037,1968379,1470714,76777,,,,931924,2479415,,-42708,,,-42708,2436707,-468328,-468328,1968379,8599272,9471142,,9471142,457284,9013858,9624168,-610310,14867,-595443,-595444,444796,,24515
1392635,345078,GIVENS HIGHLAND FARMS,200 TABERNACLE ROAD,BLACK MOUNTAIN,NC,28711,BUNCOMBE,11700,U,2023-01-01,2023-12-31,4,,2699,3723,11575,17997,60,21900,,74,6,81,161,,36.47,620.5,111.78,,102,1,62,165,,2699,3723,11575,17997,60,21900,,74,6,81,161,,,,,,,,,,,,,,,,,,,7168287,14610694,1395376,1089325,1052246,7168287,1329200,30099811,,,1157716,106000,,89383,,36452746,1945840,907563,79290836,,4135213,,,81311277,,1365069,1365069,119129092,6850289,3400912,,4222663,,5977,14932425,54983431,,,64147228,119130659,134063084,-14933992,-14933992,119129092,6172429,21627854,,21627854,507415,21120439,21778981,-658542,-13,-658555,-658555,1633168,,3800
1392636,345096,AHSNF - HUNTERSVILLE OAKS,12019 VERHOFF DRIVE,HUNTERSVILLE,NC,28078,MECKLENBURG,16740,U,2023-01-01,2023-12-31,2,,540,18945,4489,23974,168,61320,,13,39,34,86,,41.54,485.77,278.77,,46,32,11,89,,540,18945,4489,23974,168,61320,,13,39,34,86,,,,,,,,,,,,,,,,,,,5611185,8430541,1395514,1153358,1165429,5611185,364547,260,,,1322785,455362,,,,-6294546,1019592,148365,26608332,,1854966,,,16803770,,,,10509224,238486,,,,,40129,278615,,,,,,278615,10230609,10230609,10509224,6386176,7236662,,7236662,421074,6815588,14041726,-7226138,82300,-7143838,-7143838,428576,,4400
1392637,345097,AHSNF - JESSE HELMS,1411 DOVE STREET,MONROE,NC,28112,UNION,16740,U,2023-01-01,2023-12-31,2,,1978,8320,11467,21765,70,25550,,60,32,124,216,,32.97,260,100.76,,158,16,33,207,,1978,8320,11467,21765,70,25550,,60,32,124,216,,,,,,,,,,,,,,,,,,,3944508,5139255,1930434,1190803,783208,3944508,377649,,,,927487,68810,,1048,,47194,95773,2017,8823242,,901235,,,2275479,,,,2322673,115323,,,,,34943,150266,,,,,,150266,2172407,2172407,2322673,4808925,6739359,,6739359,1264334,5475025,9083763,-3608738,23469,-3585269,-3585269,1204114,,9096
1392638,345140,PIEDMONT HEALTH & REHAB,610 WEST FISHER STREET,SALISBURY,NC,28144,ROWAN,16740,U,2022-12-01,2023-12-31,4,,104,7871,1081,9056,58,23698,,1,23,5,29,,104,342.22,311.93,,2,13,9,24,,104,7871,1071,9046,58,22968,,1,23,5,29,,,,,,,,,,,,,,,,,,,1819475,2129093,120129,94189,233649,1819475,369395,5087,,,246422,34115,,8603,,225997,,,,28086,,38410,,59499,,6105,6105,291601,146473,70504,11012,,,213,228202,,,,,1223822,1452024,-1160423,-1160423,291601,1372116,1536001,,1536001,-1163557,2699558,3948568,-1249010,88587,-1160423,-1160423,66197,,7000
1392639,345173,HARNETT HEALTHCARE GROUP  LLC,54 RED MULBERRY WAY,LILLINGTON,NC,27546-9633,HARNETT,22180,U,2023-01-01,2023-12-31,4,,2084,20338,9256,31678,96,35040,,82,86,170,338,,25.41,236.49,93.72,,113,39,190,342,,2084,20338,9256,31678,96,35040,,82,86,170,338,,,,,,,,,,,,,,,,,,,4358797,5024301,1783879,831072,587033,4358797,515248,10072,,,1104523,188333,11314,11361,,948937,,,,179038,,567284,,168779,,,7435434,8553150,286513,163296,27871,,,644,478324,,,,,,478324,8074826,8074826,8553150,8390805,10206394,,10206394,-966606,11173000,9383098,1789902,51,1789953,1789953,1218652,,13746
1392640,345222,AUTUMN CARE OF DREXEL,307 OAKLAND AVENUE,MORGANTON,NC,28655-6928,BURKE,25860,U,2023-01-01,2023-12-31,4,,978,20673,15249,36900,120,43800,,30,92,183,305,,32.6,224.71,105.47,,47,47,202,296,,978,20673,8830,30481,100,36500,,30,92,167,289,,,,,,,,,,,,,,,,,,,4963186,6682200,2736477,1166469,612687,4963186,2048792,23262,,,1598851,251682,,24386,,1394817,,,,203538,,282079,,287957,,,1094697,2777471,418874,201512,32864,,,1405,654655,,,,,,654655,2122816,2122816,2777471,8078461,11018893,,11018893,-1008392,12027285,11645386,381899,334,382233,382233,533620,,12773
1392641,345280,AUTUMN CARE OF RAEFORD,1206 N. FULTON ST,RAEFORD,NC,28376-1926,HOKE,22180,U,2023-01-01,2023-12-31,4,,1257,28639,15840,45736,132,48900,,27,76,179,282,,46.56,376.83,162.18,,58,30,200,288,,1257,28639,15840,45736,132,48180,,27,76,179,282,,,,,,,,,,,,,,,,,,,6166761,6039511,2491373,1087167,789218,6166761,602792,31553,,,1764632,84447,,27464,,1739202,,,,258012,,258360,,272486,,,3730870,5742558,480969,275944,34571,,,400,791884,,,,,,791884,4950674,4950674,5742558,10108619,12882926,,12882926,-1979921,14862847,12206272,2656575,5334,2661909,2661909,719676,,18662
1392642,345281,AHSNF - STANLY MANOR,625 BETHANY ROAD,ALBEMARLE,NC,28001,STANLY,16740,U,2023-01-01,2023-12-31,2,,654,13914,4022,18590,100,36500,,42,41,9,92,,15.57,339.37,202.07,,57,36,16,109,,654,13914,4022,18590,90,32850,,42,41,9,92,,,,,,,,,,,,,,,,,,,3782632,5767780,1103170,792584,816518,3782632,216169,700,,,1192693,310689,,,,-1488395,166092,96811,6793056,,1401040,,,3371309,,,,1882914,249530,,,,,159,249689,,,,,,249689,1633225,1633225,1882914,4248401,5351571,,5351571,220802,5130769,9550412,-4419643,33884,-4385759,-4385759,492671,,5606
1392643,345328,GIVENS ESTATES  INC,2360 SWEETEN CREEK ROAD,ASHEVILLE,NC,28803,BUNCOMBE,11700,U,2023-01-01,2023-12-31,1,,2689,3445,14661,20795,70,25550,,65,7,108,180,,41.37,492.14,115.53,,93,3,78,174,,2689,3445,14661,20795,70,25550,,65,7,108,180,,,,,,,,,,,,,,,,,,,19159422,32356632,2349868,1740685,2487010,19159422,2323100,111879435,,,1928116,180000,,1390906,,119055593,8163906,1875161,180132944,,16162280,,,136223907,,,3813071,259092571,3573460,1688812,28739,,,13720,5678614,40352794,,,102591311,142944105,148622719,110469852,110469852,259092571,8284419,62595187,,62595187,1738107,60857080,51516054,9341026,7518975,16860001,16860001,1596700,,298
1392644,345376,THE CARROLTON AT FAYETTEVILLE,2461 LEGION ROAD,FAYETTEVILLE,NC,28306,CUMBERLAND,22180,U,2023-01-01,2023-12-31,4,,190,461,383,1034,120,43800,,6,1,5,12,,31.67,461,86.17,,6,19,40,65,,190,461,383,1034,120,43800,,6,1,5,12,,,,,,,,,,,,,,,,,,,254550,2313756,89420,182946,23478,254550,33606,-46051,,,406249,67239,,11200,,-1325627,,,,,,395168,,370170,,1064,1064,-954393,392094,-16582,,,,3085,3233318,,15258,,,15358,3248676,-4203069,-4203069,-954393,399800,489333,,489333,43261,446072,2568306,-2122234,150000,-1972234,-1972234,111657,,
1392645,345381,VILLAGE CARE OF KING LLC,440 INGRAM DRIVE,KING,NC,27021-8208,STOKES,49180,U,2023-01-01,2023-12-31,4,,1840,16469,18103,36412,116,42340,,67,57,344,468,,27.46,288.93,67.09,,82,24,356,462,,1840,16469,11480,29789,96,35040,,67,57,320,444,,,,,,,,,,,,,,,,,,,5393810,5946132,3550952,1421400,660115,5393810,1481842,5962,,,1420123,136901,,24409,,1385383,,,,206126,,346821,,249014,2135234,,3223145,4857542,499405,241327,35152,,,10828,786712,,,,2175161,2175161,2961873,1895669,1895669,4857542,8651304,12383304,,12383304,178769,12204535,11339942,864593,42557,907150,907150,1146472,,15346
1392646,345506,MASONIC & EASTERN STAR HOME,700 SOUTH HOLDEN ROAD,GREENSBORO,NC,27407,GUILFORD,24660,U,2023-01-01,2023-12-31,1,,2217,5699,15454,23370,88,33776,,69,3,202,274,,32.13,1899.67,91.76,,77,1,159,237,,2217,5699,9151,17067,60,21900,,69,3,114,186,28,10220,,,5102,5102,,,87,87,,,58.64,,,45,45,,8565798,15208834,2104174,1374479,1622849,8565798,1237421,1483729,,,1128488,,65991,507031,11124637,14558335,271503,2213078,105871300,17374501,2614090,4205668,,101514671,12815980,5141410,17957390,134030396,1671628,1861870,16114,1025000,32820725,613718,38009055,,86368793,,,86368793,124377848,9652548,9652548,134030396,7737301,9841475,,9841475,2250853,7590622,23774632,-16184010,14317786,-1866224,-1866224,1161263,,
1392647,345514,AUTUMN CARE OF NASH,1210 EASTERN DRIVE,NASHVILLE,NC,27856-1817,NASH,40580,U,2023-01-01,2023-12-31,4,,1698,16391,9338,27427,80,29200,,61,56,143,260,,27.84,292.7,88.14,,82,25,119,226,,1698,16391,2447,20536,60,21900,,61,56,116,233,,,,,,,,,,,,,,,,,,,4091830,3846864,1665521,732793,458045,4091830,399792,3616,,,745234,84520,,16344,,680674,,,,365585,,328592,,465684,,2000,1692861,2839219,225826,171752,25138,,,1468,424184,,,,,,424184,2415035,2415035,2839219,6634947,8493174,,8493174,-585454,9078628,7938694,1139934,4320,1144254,1144254,996062,,11584
1392648,345523,UNIVERSAL HEALTHCARE/RAMSEUR,7166 JORDAN,RAMSEUR,NC,27316,RANDOLPH,24660,U,2023-01-01,2023-12-31,4,,1344,17100,9275,27719,90,32850,,35,29,172,236,,38.4,589.66,117.45,,49,14,172,235,,1344,17100,9275,27719,90,32850,,35,29,172,236,,,,,,,,,,,,,,,,,,,3226305,6043573,1567727,1445923,447705,3226305,,3889764,,,1891767,198443,5171,30338,,6638745,,,,158320,,341845,,105593,,,,6744338,473707,151757,23444,1867,,16110,1665624,,,,,,1665624,5078714,5078714,6744338,7522739,9059929,,9059929,137564,8922365,9269878,-347513,198063,-149450,-149450,755327,,13588
1392802,345123,CAROLINA VILLAGE  INC.,600 CAROLINA VILLAGE ROAD,HENDERSONVILLE,NC,28792,HENDERSON,11700,U,2023-04-01,2024-03-31,2,,2324,,12660,14984,58,21228,,75,,104,179,,30.99,,83.71,,76,,93,169,,2324,,12660,14984,58,21228,,75,,104,179,,,,,,,,,,,,,,,,,,,14226714,19259617,1601613,1545660,2182489,14226714,,3778623,16727157,,572607,,129761,408347,,23743142,1513495,4275310,156630652,,,8356443,,107246486,,7666764,7666764,138656392,1245799,3872667,44548,2474998,505755,,8143767,56196098,,,67153470,123349568,131493335,7163057,7163057,138656392,36265289,40199670,,40199670,7930628,32269042,33486331,-1217289,3613072,2395783,2395783,1217747,,
1392803,345316,HENDERSON SC OPERATIONS,2275 RUIN CREEK RD,HENDERSON,NC,27536,VANCE,99934,R,2023-07-06,2023-12-31,5,,702,4608,5650,10960,114,20406,,5,9,17,31,,140.4,512,365.35,,15,5,20,40,,702,4608,3093,8403,60,10740,,5,9,9,23,,,,,,,,,,,,,,,,,,,802082,1822239,720211,255814,78815,802082,,-28676,,,1432679,43351,,,,1360652,,,,3700,,24104,,26083,,70487,70487,1457222,563855,61068,,,,68506,1044580,,,,,,1044580,499344,499344,1543924,2914467,3634679,,3634679,511014,3123665,2624321,499344,,499344,499344,284423,,
1392919,345479,MORAVIAN  HOME  INC DBA SALEMTOWNE,1000 SALEMTOWNE ROAD,WINSTON SALEM,NC,27106,FORSYTH,49180,U,2023-04-01,2024-03-31,1,,4870,2539,31608,39017,120,43920,,202,3,346,551,,24.11,846.33,59.51,,234,1,336,571,,4870,2539,24487,31896,100,36600,,202,3,331,536,,,,,,,,,,,,,,,,,,,14906258,25176178,7441667,2610537,2268443,14906258,2783659,2143319,22901011,,2034343,421384,,164245,,28619277,1731678,2556349,127186791,,,7118356,,101208089,,,,129827366,1104121,4074869,,,34033747,,39848234,83572433,,,5532873,89105306,128953540,873826,873826,129827366,16405722,41518128,,41518128,6866376,34651752,40082436,-5430684,5995522,564838,564838,3000253,,6200
1392920,345541,LAKESIDE HEALTH & REHAB,13825 HUTON LANE,HUNTERSVILLE,NC,28078,MECKLENBURG,16740,U,2022-12-01,2023-12-31,4,,3876,19047,15896,38819,114,45144,,91,73,179,343,,42.59,260.92,113.17,,138,38,181,357,,3876,19047,15896,38819,114,45144,,91,73,179,343,,,,,,,,,,,,,,,,,,,5304955,8315293,7348270,1925164,699581,5304955,2265674,17824,,,2288378,238871,,12203,,2079534,,,,14986,,140001,,140217,,12660,235774,2455525,617278,162713,41176,,,2279,823446,,,,,,823446,1632079,1632079,2455525,10733491,18164950,,18164950,3048072,15116878,13620248,1496630,135449,1632079,1632079,2306424,,11924
1393007,345450,WESTWOOD HEALTH AND REHAB CTR,625 ASHLAND DRIVE,ARCHDALE,NC,27263,RANDOLPH,24660,U,2023-01-01,2023-12-31,6,,994,14109,6492,21595,68,24820,,38,51,204,293,,26.16,276.65,73.7,,39,56,199,294,,994,14109,6492,21595,68,24820,,38,51,204,293,,,,,,,,,,,,,,,,,,,2650142,3680124,2142069,604268,318969,2650142,,2187,,,892102,,,36109,,61075580,,,9188242,567821,,438906,,7910275,,,300,68986155,44444,159932,-10750,,,1491601,60237960,,,,7772989,7772989,68010949,975206,975206,68986155,7638475,9780304,,9780304,2161031,7619273,6330266,1289007,45349,1334356,1334356,591599,,23555
1393206,345329,GATEWAY REHAB & HEALTHCARE,2030 HARPER AVENUE  NW,LENOIR,NC,28645,CALDWELL,25860,U,2023-01-01,2023-12-31,6,,1973,25544,3859,31376,100,36500,,28,101,126,255,,70.46,252.91,123.04,,29,99,125,253,,1973,25544,3859,31376,100,36500,,28,101,126,255,,,,,,,,,,,,,,,,,,,4114302,5717837,2094663,836793,470903,4114302,,-211,,,1119926,,,53442,,95286256,,,17190338,762990,,448967,,13583099,,,,108869355,20700,232446,-10835,,,3141324,86690076,,,,15782818,15782818,102472894,6396461,6396461,108869355,9140602,11235265,,11235265,1113764,10121501,9832139,289362,53566,342928,342928,1114961,,308387
1395101,345447,EMERALD RIDGE REHAB & CARE CTR,25 REYNOLDS MOUNTAIN BLVD.,ASHEVILLE,NC,28804,BUNCOMBE,11700,U,2023-01-01,2023-12-31,6,,2180,26082,6134,34396,100,36500,,47,61,126,234,,46.38,427.57,146.99,,43,61,129,233,,2180,26082,6134,34396,100,36500,,47,61,126,234,,,,,,,,,,,,,,,,,,,4019250,5534663,2642479,897806,495187,4019250,,-1411,,,1218427,,,55359,,99967193,,,14636888,489441,,428794,,11687107,,,9604,111663904,29528,230780,300,,,2996313,86428989,,,,13679032,13679032,100108021,11555883,11555883,111663904,11389570,14032049,,14032049,2581627,11450422,9553913,1896509,28496,1925005,1925005,1150496,,97247
1395194,345482,CARRIAGE CLUB OF CHARLOTTE,5800  OLD PROVIDENCE ROAD,CHARLOTTE,NC,28226,MECKLENBURG,16740,U,2023-01-01,2023-12-31,4,,1010,,111130,112140,430,156950,,42,,74,116,,24.05,,98.76,,21,,49,70,,1010,,6002,7012,44,16060,,42,,29,71,,,,,,,,,,,,,,,,,,,7291106,17300525,912225,426312,858174,7291106,,24700459,,,157323,37402,91856,227190,,43427170,10890000,1051397,103482147,,157380,5168335,,67721522,,-1040253,-1040253,110108439,800988,88285,,-129078,-67868,559115,1251442,59439505,-583973,,,58855532,60106974,50001465,50001465,110108439,3146761,4652066,705282,5357348,-14213721,19571069,24591631,-5020562,1739518,-3281044,-3281044,564905,,
1395195,345495,THE STEWART HEALTH CENTER,3442 CYPRESS CLUB DRIVE,CHARLOTTE,NC,28210,MECKLENBURG,16740,U,2023-01-01,2023-12-31,2,,886,,21667,22553,79,28835,,22,,35,57,,40.27,,346.52,,36,,28,64,,886,,18519,19405,65,23725,,22,,34,56,14,5110,,,3148,3148,,,1,1,,,3148,,,15,15,,12901854,18517056,1112842,971128,1182733,12901854,,1117840,,,27787220,,155804,530189,,29591053,,13508,34919709,,648170,1717053,,26167211,,6268455,6268455,62026719,25992365,1695112,,,,3136429,30823906,,8898499,,,8898499,39722405,22304314,22304314,62026719,9784515,10897357,,10897357,3644616,7252741,31418910,-24166169,24457021,290852,290852,465666,,
1395396,345081,ACCORDIUS HEALTH AT ROSE MANOR LLC,4230 NORTH ROXBORO ROAD,DURHAM,NC,27704,DURHAM,20500,U,2023-01-01,2023-12-31,5,,1404,27342,4071,32817,111,40515,,31,116,106,253,,45.29,235.71,129.71,,45,95,113,253,,1404,27342,4071,32817,111,40515,,31,116,106,253,,,,,,,,,,,,,,,,,,,2770578,8250910,1158900,1247623,349255,2770578,,77199,,,4888029,1053783,,103432,312496,4327373,,,766858,,,287577,,1484210,,624270,624270,6435853,1976556,75698,,,,100907,2153161,,10752,,50446,61199,2214360,4221493,4221493,6435853,10891152,12050052,,12050052,423974,11626078,11021488,604590,4770,609360,609360,855785,,63532
1395397,345375,SCOTLAND MANOR HEALTH & REHAB,920 JR HIGH SCHOOL ROAD,SCOTLAND NECK,NC,27874,HALIFAX,99934,R,2023-01-01,2023-12-31,4,,438,13964,2548,16950,62,22630,,13,60,63,136,,33.69,232.73,124.63,,19,36,68,123,,438,13964,2548,16950,62,22630,,13,60,63,136,,,,,,,,,,,,,,,,,,,1951262,3555298,398596,512132,309315,1951262,,215072,,,531300,101114,,11999,-370699,286558,,,17168,,,50351,,98724,,16296,16296,401578,288884,60149,,,,-207463,141570,,-5147,,,-5144,136426,265152,265152,401578,5255644,5654240,,5654240,116560,5537680,5506560,31120,237,31357,31357,255363,,54813
1395398,345406,GATES HEALTH AND REHABILITATION,38 CARTERS ROAD,GATESVILLE,NC,27938,GATES,47260,U,2023-01-01,2023-12-31,4,,1228,13130,1552,15910,80,29200,,21,84,26,131,,58.48,156.31,121.45,,42,51,34,127,,1228,13130,1552,15910,80,29200,,21,84,26,131,,,,,,,,,,,,,,,,,,,1893966,3910075,581908,627797,208159,1893966,,47845,,,701197,88499,,20851,-274517,406877,,,34740,,,62241,,87989,,20594,20594,515460,691887,51304,,,,103697,846888,,-12635,,,-12635,834253,-318793,-318793,515460,5119666,5701574,,5701574,218390,5483184,5804041,-320857,498,-320359,-320359,701578,,160090
1395545,345003,SILAS CREEK REHABILITATION CENTER,3350 SILAS CREEK PARKWAY,WINSTON-SALEM,NC,27103-3071,FORSYTH,49180,U,2023-01-01,2023-12-31,4,,2868,15436,10161,28465,90,32850,,101,41,306,448,,28.4,376.49,63.54,,122,22,323,467,,2868,15436,10161,28465,90,32850,,101,41,306,448,,,,,,,,,,,,,,,,,,,4865347,4308223,3142384,1440342,608038,4865347,,2471,,,1954028,567872,,60192,1464,1393610,,,,721129,313530,,,659220,,1386339,1386339,3439169,128791,304129,,597787,,4004,1060252,,836727,,,836727,1896979,1542190,1542190,3439169,9598182,12803217,,12803217,2497056,10306161,9173570,1132591,16833,1149424,1149424,1835473,,30340
1396178,345385,CARDINAL HEALTHCARE & REHAB CTR,931 NORTH ASPEN STREET,LINCOLNTON,NC,28092,LINCOLN,16740,U,2023-01-01,2023-12-31,6,,2564,15829,3487,21880,63,22995,,59,23,96,178,,43.46,688.22,122.92,,62,25,95,182,,2564,15829,3487,21880,63,22995,,59,23,96,178,,,,,,,,,,,,,,,,,,,3127684,3806332,2248159,729838,344413,3127684,,521,,,820426,,,41443,,66076990,,,4060097,418115,,366807,,2592628,,,1075,68670693,67951,186299,-9334,,,1380067,58105748,,,,3140790,3140790,61246538,7424155,7424155,68670693,7389935,9638094,,9638094,1959672,7678422,6934016,744406,12614,757020,757020,1576941,,192807
1396292,345162,HIGHLAND HEIGHTS HEALTH AND REHAB,416 N HIGHLAND STREET,GASTONIA,NC,28052,GASTON,16740,U,2023-01-01,2023-12-31,4,,1855,20708,7396,29959,118,43070,,45,94,229,368,,41.22,220.3,81.41,,51,62,254,367,,1855,20708,7396,29959,118,43070,,45,94,229,368,,,,,,,,,,,,,,,,,,,2602462,8715784,1213679,1204320,325518,2602462,2761320,-121674,,,3145699,,,-87620,,5049996,,,,808133,585586,99957,,829211,,234281,245346,6124553,2279795,56925,1913,,,20045,2358678,,,,-38468,-38468,2320210,3804343,3804343,6124553,10027589,11241268,,11241268,597645,10643623,11318246,-674623,-19574,-694197,-694197,1070713,,141952
1396293,345285,ORCHARD VALLEY HEALTH AND REHABILITA,200 HERITAGE WAY,HENDERSONVILLE,NC,28791,HENDERSON,11700,U,2023-01-01,2023-12-31,6,,1107,30316,3904,35327,134,48910,,20,116,69,205,,55.35,261.34,172.33,,35,118,70,223,,1107,30316,3904,35327,134,48910,,20,116,69,205,,,,,,,,,,,,,,,,,,,2250458,9343762,546206,717365,232085,2250458,3299908,,,,1091823,,,22981,,1106898,,,,14259,146096,13706,,165385,,61704,61704,1333987,1601812,47911,3506,,,6056,1659285,,,,,,1659285,-325298,-325298,1333987,10620079,11400923,,11400923,237349,11163574,11594220,-430646,-9130,-439776,-439776,584836,,91525
1396294,345307,THE IVY AT GASTONIA,4414 WILKINSON BLVD,GASTONIA,NC,28056,GASTON,16740,U,2023-01-01,2023-12-31,4,,1037,11473,2637,15147,50,18250,,24,72,56,152,,43.21,159.35,99.65,,40,54,52,146,,1037,11473,2637,15147,50,18250,,24,72,56,152,,,,,,,,,,,,,,,,,,,2080530,3360699,507367,550535,280608,2080530,,-37488,,,1174156,,,96377,500,2066096,,,,122081,196582,82050,,446871,,273281,273281,2786248,1440338,71684,487,173085,,288065,1973659,,,,,,1973659,812589,812589,2786248,4807150,5314518,,5314518,143626,5170892,5441229,-270337,29085,-241252,-241252,629706,,131319
1396295,345344,CAMELLIA GARDENS (PH HENDERSON),280 S. BECKFORD DRIVE,HENDERSON,NC,27536,VANCE,99934,R,2023-01-01,2023-12-31,5,,1062,18147,2262,21471,78,28470,,19,104,66,189,,55.89,174.49,113.6,,35,95,75,205,,1062,18147,2262,21471,78,28470,,19,104,66,189,,,,,,,,,,,,,,,,,,,1966562,5231086,459163,556175,259537,1966562,1235955,33398,,,1946231,,,-154423,,945070,,,,288656,210400,69175,,370486,,418885,438370,1753926,963845,57091,87626,,,46969,1155531,,,,21880,21880,1177411,576515,576515,1753926,7081412,7540575,,7540575,257379,7283196,7197648,85548,-12576,72972,72972,591007,,66025
1396296,345509,DAHLIA GARDENS (AH ABERDEEN),915 PEE DEE ROAD,ABERDEEN,NC,28315,MOORE,99934,R,2023-01-01,2023-12-31,4,,1183,21877,7973,31033,100,36500,,18,87,73,178,,65.72,251.46,174.34,,35,79,70,184,,1183,21877,7973,31033,90,32850,,18,87,73,178,,,,,,,,,,,,,,,,,,,2966196,7214309,438579,698935,481767,2966196,1801658,-2768,,,1294501,,,-13376,,1919401,,5500,,1126963,409839,25475,,1278206,,144423,166014,3363621,909246,99627,5903,,,53122,1053443,,,,31995,31995,1085438,2278183,2278183,3363621,9835154,10463488,,10463488,48261,10415227,10180505,234722,-2520,232202,232202,627106,,42386
1396297,345520,MAGNOLIA GARDENS CENTER FOR NURSING,1028 BLAIR STREET #504 N,THOMASVILLE,NC,27360-4359,DAVIDSON,49180,U,2023-01-01,2023-12-31,5,,448,26378,7868,34694,120,43800,,24,231,97,352,,18.67,114.19,98.56,,28,231,93,352,,448,26378,7868,34694,120,43800,,24,231,97,352,,,,,,,,,,,,,,,,,,,2540399,8752305,706671,846382,380484,2540399,3057233,-40540,,,1886459,,,755269,,2510211,,1200,,252923,358029,66978,,435882,,389540,403459,3349552,2295897,84864,5769,,,49807,2436337,,,,20344,20344,2456681,892871,892871,3349552,10185267,11030001,,11030001,447043,10582958,11292704,-709746,-1594,-711340,-711340,288261,,21353
1396411,345492,NC STATE VETERANS NSG HM FAYETTEVILL,214 COCRAN AVENUE,FAYETTEVILLE,NC,28301,CUMBERLAND,22180,U,2023-07-01,2024-01-31,10,,647,5197,9587,15431,150,32250,,15,31,63,109,,43.13,167.65,141.57,,5,,6,11,,647,5197,9587,15431,150,32250,,15,31,63,109,,,,,,,,,,,,,,,,,,,5578601,9283499,669591,885528,706677,5578601,207992,2454,,,35692,,,,16677,55631,,,12866850,,,,,5975074,,,,6030705,855371,867963,181279,2906905,,,4811518,,,,,,4811518,1219187,1219187,6030705,3691370,4360961,,4360961,-607173,4968134,14862100,-9893966,5753,-9888213,-9782871,325210,,7226
1396412,345533,THE CEDARS OF CHAPEL HILL,101 GREEN CEDAR LANE,CHAPEL HILL,NC,27517,DURHAM,20500,U,2023-01-01,2023-12-31,4,,565,,20345,20910,78,28470,,14,,59,73,,40.36,,175.88,,12,,16,28,,565,,2425,2990,12,4380,,14,,3,17,66,24090,,,17920,17920,,,56,56,,,320,,,68,68,,14057750,17116723,989120,502039,1706032,14057750,,150828,,,4921875,,140348,350316,3595405,9158772,,1,,,,,,1,,2749577,2749577,11908350,254679,348870,205409,,,4230759,5039717,,1612815,,,1612815,6652532,5255818,5255818,11908350,8861255,9850376,,9850376,3781948,6068428,31174473,-25106045,26900764,1794719,1794719,306446,,
1396940,345466,WILLOWBROOK REHAB & CARE CENTER,333 EAST LEE AVENUE,YADKINVILLE,NC,27055,YADKIN,49180,U,2023-01-01,2023-12-31,6,,1397,17495,5306,24198,76,27740,,25,63,121,209,,55.88,277.7,115.78,,30,55,112,197,,1397,17495,5306,24198,76,27740,,25,63,121,209,,,,,,,,,,,,,,,,,,,3115828,4542989,1924821,625084,371470,3115828,,209342,,,725933,,,39445,,75824925,,,14085051,242681,,398276,,9980194,,,,85805119,58368,188154,-13966,,,2211580,73394747,,,,10517650,10517650,83912397,1892722,1892722,85805119,7197782,9122603,,9122603,1274520,7848083,7658817,189266,26800,216066,216066,800618,,100807
1397366,345089,WALNUT COVE HEALTH & REHAB CTR,511 WINDMILL STREET,WALNUT COVE,NC,27052,STOKES,49180,U,2023-01-01,2023-12-31,6,,1944,25020,3078,30042,90,32850,,30,71,122,223,,64.8,352.39,134.72,,39,71,114,224,,1944,25020,3078,30042,90,32850,,30,71,122,223,,,,,,,,,,,,,,,,,,,3457629,4991191,2462953,910492,401300,3457629,,-6281,,,972401,,,44489,,88764566,,,14149023,765362,,494547,,10873226,,,,99637792,62128,190482,-5129,,,2884422,78960944,,,,12902018,12902018,91862962,7774830,7774830,99637792,10383551,12846504,,12846504,2417196,10429308,8448820,1980488,43035,2023523,2023523,1128598,,190808
1397734,345242,THE FOUNTAINS AT THE ALBEMARLE,200 TRADE STREET,TARBORO,NC,27886,EDGECOMBE,40580,U,2023-01-01,2023-04-29,4,,240,852,6103,7195,86,10234,,13,13,52,78,,18.46,65.54,49.9,,6,,1,7,,240,852,854,1946,30,3570,,13,13,13,39,,,,,,,,,,,,,,,,,,,1211755,1841558,118935,123809,176580,1211755,,46422,,,276605,35066,,49704,,337665,,53978,100684,158570,1821208,,,1852008,,36035,-2673291,-483618,216030,206282,7649,,,244949,696075,,,,,,696075,-1179693,-1179693,-483618,1278105,2318418,,2318418,25894,2292524,3053313,-760789,344052,-416737,-416737,123257,,3306
1398554,345103,CARRINGTON PLACE,600 FULLWOOD LANE,MATTHEWS,NC,28105,MECKLENBERG,16740,U,2022-10-01,2022-11-30,4,,1421,3574,2535,7530,176,10736,,26,4,23,53,,54.65,893.5,139.29,,25,3,22,50,,1421,3574,2248,7243,166,10126,,26,4,22,52,,,,,,,,,,,,,,,,,,,1448080,1502829,1076414,450302,340947,1448080,,2476821,,,2344155,,,90473,,4911449,386340,,4790597,,,1994620,,2127095,1701027,2059675,3760702,10799246,1232769,535004,40447,,,5426,1813646,2947250,40194,,1567812,4555256,6368902,4430344,4430344,10799246,2765079,2919720,,2919720,,2919720,2950909,-31189,-1586,-32775,-32775,800095,,21201
1398556,345441,ALEXANDRIA PLACE,1770 OAK HOLLOW ROAD,GASTONIA,NC,28054,GASTON,16740,U,2022-10-01,2022-11-30,4,,434,2073,1868,4375,100,6100,,4,3,17,24,,108.5,691,223.14,,7,,2,9,,434,2073,617,3124,60,3660,,4,3,7,14,,,,,,,,,,,,,,,,,,,632555,904150,577421,217347,132088,632555,,437711,,,875563,,,,,1454001,,,303476,,,410753,,253096,,,,1707097,1368249,206719,16255,,,13067,1604290,,102076,,,102076,1706366,731,731,1707097,1144500,1286888,,1286888,,1286888,1536705,-249817,2924,-246893,-246893,261479,,38317
1398630,345473,WILORA LAKE HEALTHCARE CENTER,6001 WILORA LAKE ROAD,CHARLOTTE,NC,28212,MECKLENBURG,16740,U,2023-01-01,2023-12-31,6,,914,18401,3451,22766,70,25550,,11,38,71,120,,83.09,484.24,189.72,,11,39,72,122,,914,18401,3451,22766,70,25550,,11,38,71,120,,,,,,,,,,,,,,,,,,,2843117,3924143,1959957,787629,352954,2843117,,-7449,,,687739,,,43223,,64162545,,,8009397,1104484,,523863,,7205041,,6667,6667,71374253,17198,166801,-3594,,,1734066,67251192,,,,6429175,6429175,73680367,-2306114,-2306114,71374253,7647179,9607136,,9607136,1880068,7727068,6767260,959808,31265,991073,991073,528333,,94383
1398682,345305,SMOKY RIDGE HEALTH AND REHABILITATIO,310 PENSACOLA ROAD,BURNSVILLE,NC,28714,YANCEY,99934,R,2023-07-01,2024-06-30,4,,3254,21605,7808,32667,140,51240,,67,50,67,184,,48.57,432.1,177.54,,55,11,91,157,,3254,21605,7808,32667,140,51240,,67,50,67,184,,,,,,,,,,,,,,,,,,,4394513,7557779,1793353,1008325,546438,4394513,101191,572345,,,1562412,238819,,125016,,2019605,,,,60420,,106866,,136464,,16699984,16699984,18856053,1658416,230375,11994,,,937803,3343686,,16855673,,,16855673,20199359,-1343306,-1343306,18856053,10945753,12739106,,12739106,1270444,11468662,11952292,-483630,2774,-480856,-480856,1835751,,287887
1398684,345433,CLAY COUNTY CARE CENTER,86 VALLEY HIDEAWAY DRIVE,HAYESVILLE,NC,28904,CLAY,99934,R,2023-01-01,2023-12-31,6,,2222,18165,6446,26833,90,32850,,33,41,55,129,,67.33,443.05,208.01,,34,38,54,126,,2222,18165,6446,26833,90,32850,,33,41,55,129,,,,,,,,,,,,,,,,,,,2991564,4155906,1425388,583262,402723,2991564,,3277,,,587263,,,39475,,74435879,,,6179002,880246,,532609,,5098500,,,,79534379,13693,187065,10091,,,1592948,68698705,,,,5426265,5426265,74124970,5409409,5409409,79534379,6479017,7904405,,7904405,-514981,8419386,7147470,1271916,43412,1315328,1315328,1163017,,64388
1398685,345442,FORREST OAKES HEALTHCARE CENTER,620 HEATHWOOD DRIVE,ALBEMARLE,NC,28001,STANLY,16740,U,2023-01-01,2023-12-31,6,,2188,14302,4272,20762,60,21900,,33,50,100,183,,66.3,286.04,113.45,,33,51,95,179,,2188,14302,4272,20762,60,21900,,33,50,100,183,,,,,,,,,,,,,,,,,,,2567947,3506107,2196142,675009,288004,2567947,,190996,,,724650,,,33226,,60892210,,,6820644,478390,,398567,,4929739,,,13100,65835049,47909,145759,7386,,,1194292,59462898,,,,4589233,4589233,64052131,1782918,1782918,65835049,6676943,8873085,,8873085,1578972,7294113,6074054,1220059,1207,1221266,1221266,1233050,,89317
1398745,345463,LCC OF HENDERSONVILLE,400 THOMPSON STREET,HENDERSONVILLE,NC,28792,HENDERSON,11700,U,2023-07-01,2024-06-30,6,,2772,7787,11364,21923,80,29280,,115,34,208,357,,24.1,229.03,61.41,,142,27,194,363,,2772,7787,11364,21923,80,29280,,115,34,208,357,,,,,,,,,,,,,,,,,,,5022285,4010466,4294200,1541827,763324,5022285,204132,409489,,,808769,90642,,10808,,1110548,,,,,,,,,,6437420,6449273,7559821,239348,221998,54608,220299,,3790,740043,,6213992,,191258,6447278,7187321,372500,372500,7559821,6956842,11253826,,11253826,2861425,8392401,9032751,-640350,7031,-633319,-633319,1709746,,16407
1399126,345277,WOODLAND HILL,400 VISION DRIVE,ASHEBRORO,NC,27203,RANDOLPH,24660,U,2023-01-01,2023-07-31,4,,774,15515,3985,20274,100,21200,,18,43,93,154,,43,360.81,131.65,,28,16,113,157,,774,15515,3985,20274,100,21200,,18,43,93,154,,,,,,,,,,,,,,,,,,,1641505,4978572,983130,667570,235510,1641505,2027364,4660,,,1620262,458643,32705,-29829,-10529,1135227,,11650,5322386,78300,30185,127890,,3393790,,,2619865,7148882,620759,,,,,479622,1100381,3587200,,,,5746276,6846657,302225,302225,7148882,5651832,6635474,,6635474,-276285,6911759,6620077,291682,10543,302225,302225,474139,,61068
1399223,345261,ALLEGHANY CENTER,179 COMBS STREET,SPARTA,NC,28675,ALLEGHANY,99934,R,2023-01-01,2023-06-30,4,,517,9951,1461,11929,90,16290,,7,36,36,79,,73.86,276.42,151,,15,16,31,62,,517,9951,1461,11929,90,16290,,7,36,36,79,,,,,,,,,,,,,,,,,,,617268,4586116,334668,268102,87926,617268,2817265,10356,,,1067524,199360,,-13409,-160456,659725,,,,,,,,,,,-2418518,-1758793,583884,,,,,579025,1162909,,,,,-1292637,-129728,-1629065,-1629065,-1758793,2496062,2830758,,2830758,-741095,3571853,5203384,-1631531,2466,-1629065,-1629065,278732,,38379
1399278,345350,COURTLAND TERRACE,2300 ABERDEEN BLVD,GASTONIA,NC,28054,GASTON,16740,U,2023-07-01,2024-06-30,2,,4831,9114,3256,17201,96,35136,,200,4,478,682,,24.16,2278.5,23.81,,495,1,67,563,,4831,9114,1628,15573,77,28182,,200,4,450,654,,,,,,,,,,,,,,,,,,,6636260,4597455,9355707,2591735,1148493,6636260,269021,6753,,,1713947,550813,10866,,,1195383,,277794,10681882,,291813,3275322,-94625,3982241,,15531,15531,5193155,112954,291640,,,,,404594,,,,,,404594,3761985,3761985,4166579,19401952,19401952,,19401952,8505520,10896432,11233715,-337283,4424,-332859,-454844,2916464,,
1399592,345258,THS OF KANNAPOLIS,1810 CONCORD LAKE ROAD,KANNAPOLIS,NC,28083,CABARRUS,16740,U,2023-01-01,2023-12-31,6,,1882,22788,6056,30726,107,39055,,45,103,143,291,,41.82,221.24,105.59,,51,102,135,288,,1882,22788,6056,30726,107,39055,,45,103,143,291,,,,,,,,,,,,,,,,,,,4052119,5369739,1991567,823555,489695,4052119,,892,,,841666,,,51726,,108069365,,,12549551,495646,,518032,,10812000,,,,118881365,24759,210258,-12601,,,3005962,103047742,,,,13149476,13149476,116197218,2684147,2684147,118881365,10875538,12867105,,12867105,2708913,10158192,9421858,736334,53102,789436,789436,1127503,,89764
1399593,345436,WELLINGTON REHAB & HEALTHCARE,1000 TANDALL PLACE,KNIGHTDALE,NC,27545,WAKE,39580,U,2023-01-01,2023-12-31,6,,1939,18593,5626,26158,80,29200,,56,56,197,309,,34.63,332.02,84.65,,55,55,192,302,,1939,18593,5626,26158,80,29200,,56,56,197,309,,,,,,,,,,,,,,,,,,,3834430,5094067,1854102,766888,453115,3834430,,-4880,,,901544,,,48774,,75562360,,,12911356,604965,,634418,,10505616,,2684,11788,86079764,42309,201514,-3720,,,2553347,77315705,1,,,12279635,12279636,89595341,-3515577,-3515577,86079764,8425890,10279992,,10279992,1589367,8690625,8928497,-237872,28025,-209847,-209847,1209613,,84183
1399594,345477,THE OAKS AT SWEETEN CREEK,3864 SWEETEN CREEK ROAD,ARDEN,NC,28704,BUNCOMBE,11700,U,2023-01-01,2023-12-31,6,,2252,23726,4675,30653,100,36500,,30,73,102,205,,75.07,325.01,149.53,,28,80,97,205,,2252,23726,4675,30653,100,36500,,30,73,102,205,,,,,,,,,,,,,,,,,,,3258515,5954210,2285445,693981,389892,3258515,,-75,,,1170633,,,39279,,92314026,,,16288392,439856,,397397,,12725948,,1206,9338,105049312,271238,229401,-6637,,,2931117,86648274,,,,14635292,14635292,101283566,3765746,3765746,105049312,8963451,11248896,,11248896,1175907,10072989,9212725,860264,23267,883531,883531,1218577,,192306
1399819,345061,PRUITTHEALTH - DURHAM  LLC,3100 ERWIN ROAD,DURHAM,NC,27704,DURHAM,20500,U,2023-07-01,2024-06-30,6,,1890,19174,13459,34523,125,45750,,45,51,207,303,,42,375.96,113.94,,54,6,159,219,,1890,19174,13459,34523,125,45750,,45,51,207,303,,,,,,,,,,,,,,,,,,,5426832,7396698,2097893,1714579,562699,5426832,,21760,,,1967694,870189,,8731,,-21545132,,44671,,8450062,520226,1962475,,1649981,,26797,26797,-19868354,279311,510220,25955,,,10721,826207,,,,,,826207,-20694561,-20694561,-19868354,11158917,13256810,,13256810,723680,12533130,12823530,-290400,66189,-224211,-224211,1164806,,118623
1399820,345403,CARY HEALTH & REHAB. CENTER,6590 TRYON ROAD,CARY,NC,27518,WAKE,39580,U,2023-01-01,2023-12-31,6,,2888,23822,5892,32602,120,43800,,73,87,162,322,,39.56,273.82,101.25,,75,92,155,322,,2888,23822,5892,32602,120,43800,,73,87,162,322,,,,,,,,,,,,,,,,,,,4408663,6501883,2080745,887962,478985,4408663,,-28488,,,1238425,,,59482,,105579858,,,17066776,2150363,,734145,,15410958,,,,120990816,33284,244141,-27650,,,3260538,112691715,,,,14739333,14739333,127431048,-6440232,-6440232,120990816,11777476,13858221,,13858221,3033495,10824726,10910546,-85820,16254,-69566,-69566,1676534,,188731
1399821,345551,PRUITTHEALTH - CAROLINA POINT  LLC,5935 MOUNT SINAI ROAD,DURHAM,NC,27705,DURHAM,20500,U,2023-07-01,2024-06-30,6,,1005,22521,9710,33236,142,51972,,33,72,177,282,,30.45,312.79,117.86,,32,10,131,173,,1005,22521,9710,33236,140,51240,,33,72,177,282,,,,,,,,,,,,,,,,,,,5462573,7195988,1957146,2032017,566829,5462573,,93197,,,2635949,1251668,,19420,,-17664809,,30437,,394051,547654,1214628,,506611,,25562,25562,-17132636,262356,487411,34433,4852,,32073,821125,,,,,,821125,-17953761,-17953761,-17132636,10362787,12319933,,12319933,602429,11717504,12658561,-941057,92406,-848651,-848651,612981,,39519
1399938,345192,NORTH CAROLINA SPECIAL CARE CENTER,4761 WARD BOULEVARD,WILSON,NC,27893,WILSON,,,,,3,,,,,,,,,,,,,,,,,,,,,,,,,,,,,,,,,,,,,,,,,,,,,,,,,,,,,,,,,,,,,,,,,,,,,,,,,,,,,,,,,,,,,,,,,,,,,,,,,,,,,,,,,,,,,
1400072,345289,CURRITUCK HEALTH & REHAB CENTER LLC,3907 CARATOKE HIGHWAY,BARCO,NC,27917-9500,CURRITUCK,47260,U,2023-01-01,2023-12-31,4,,3841,17094,5954,26889,100,36500,,134,85,149,368,,28.66,201.11,73.07,,182,27,157,366,,3841,17094,5954,26889,100,36500,,134,85,149,368,,,,,,,,,,,,,,,,,,,4041267,4418508,2217391,1047565,611080,4041267,608821,11841,,,1438124,339731,,17672,,1127906,,,,112064,,168890,,179212,,150,4399225,5706343,309265,184389,32268,,,-1544,524378,,,,,,524378,5181965,5181965,5706343,7147413,9431395,,9431395,-490044,9921439,8459775,1461664,52,1461716,1461716,2404884,,100479
1400638,345155,ALPINE HEALTH & REHABILITATION,230 E PRESNELL ST,ASHEBORO,NC,27203,RANDOLPH,24660,U,2022-10-01,2023-09-30,4,,2488,38339,4623,45450,238,86870,,47,91,109,247,,52.94,421.31,184.01,,86,89,106,281,,2488,38339,4623,45450,238,86870,,47,91,109,247,,,,,,,,,,,,,,,,,,,5936926,7458908,1792173,1440742,892614,5936926,,1010825,,,722706,495879,,218006,136420,2565414,,,,,,656320,,563811,,,,3129225,467895,19153,,,355100,315347,1157495,,,,,,1157495,1971730,1971730,3129225,36445764,38244950,,38244950,23017807,15227143,13395834,1831309,-56482,1774827,1774827,1501918,,108850
1400833,345323,WALLACE REHAB & HEALTHCARE CENTER,647 S. RAILROAD ST.,WALLACE,NC,28466,DUPLIN,99934,R,2022-10-01,2023-09-30,4,,3697,18368,5045,27110,80,29200,,59,77,39,175,,62.66,238.55,154.91,,157,47,22,226,,3697,18368,5045,27110,80,29200,,59,77,39,175,,,,,,,,,,,,,,,,,,,2863492,5075673,1112185,1045849,460582,2863492,743831,1113019,,,1481931,158224,,35686,8590,2575843,,1800,,30847,,40187,,76043,,70945,70945,2722831,177470,118376,6039,,,121667,458026,,,,,,458026,2264805,2264805,2722831,9514425,10626610,,10626610,567066,10059544,7939165,2120379,197,2120576,2120574,2149913,,439040
1400834,345541,OLDE KNOX COMMONS,13825 HUNTON LANE,HUNTERSVILLE,NC,28078,MECKLENBURG,16740,U,2022-10-01,2022-11-30,4,,825,2713,2123,5661,114,6954,,10,8,9,27,,82.5,339.13,209.67,,13,1,9,23,,825,2713,2123,5661,114,6954,,10,8,9,27,,,,,,,,,,,,,,,,,,,638439,1670620,1374362,547570,171510,638439,,1726298,,,2017921,,,18633,,3762852,,,56550,,,556870,,243064,,,,4005916,675395,326612,26090,,,11950,1040047,,9786,,,9786,1049833,2956083,2956083,4005916,1954122,2320571,,2320571,,2320571,2309059,11512,573,12085,11532,477550,,54823
1401022,345170,CRYSTAL BLUFFS HEALTH & REHAB,4010 BRIDGES STREET EXT,MOREHEAD CITY,NC,28557,CARTERET,99934,R,2022-10-01,2023-09-30,4,,7049,16715,8411,32175,92,33580,,224,30,119,373,,31.47,557.17,86.26,,293,13,102,408,,7049,16715,8411,32175,92,33580,,224,30,119,373,,,,,,,,,,,,,,,,,,,4265824,7356733,2565643,1769683,888833,4265824,1488632,1730950,,,647056,,,99977,,3162311,,,,68117,,314868,,34941,,7300,7300,3204552,355590,334686,90067,,7495,-597985,189853,,39208,,,39208,229061,2975491,2975491,3204552,12328051,14853132,,14853132,2304237,12548895,11622557,926338,424522,1350860,1350860,3973383,,44980
1401222,345508,REX NURSING CENTER OF APEX,911 SOUTH HUGHES STREET,APEX,NC,27502-7731,WAKE,39580,U,2023-07-01,2024-06-30,2,,6518,,26252,32770,107,39162,,269,,318,587,,24.23,,55.83,,238,,284,522,,6518,,26252,32770,107,39162,,269,,318,587,,,,,,,,,,,,,,,,,,,8372242,6214325,2784760,3193994,1987414,8372242,,42440000,,,161975000,,32140000,21957000,85858000,367567000,28921000,47458000,732164000,32874000,44792000,322971000,,640868000,743104000,115475000,858579000,1867014000,72139000,85612000,,9876000,,32767000,200394000,407813000,,,187770000,595583000,795977000,1071037000,1071037000,1867014000,11614078,14398838,,14398838,1187378,13211460,14586567,-1375107,148505,-1226602,-1226602,3899113,,15122
1401225,345558,NC STATE VETERANS NSG HM BLACK MOUNT,62 LAKE EDEN ROAD,BLACK MOUNTAIN,NC,28711,BUNCOMBE,11700,U,2023-07-01,2024-06-30,10,,1150,13123,10428,24701,100,36600,,10,9,19,38,,115,1458.11,650.03,,6,7,25,38,,1150,13123,10428,24701,100,36600,,10,9,19,38,,,,,,,,,,,,,,,,,,,6733780,16435962,1332423,1227918,883820,6733780,383115,31941,,,2562742,,,17966,26752,2639401,,,8566254,,1386666,,,6974362,,,,9613763,342861,770950,,,,,1113811,,,,,,1113811,8499952,8499952,9613763,6590571,7922994,,7922994,-1827318,9750312,23169742,-13419430,738,-13418692,-2319376,468140,,16338
1401226,345560,NC STATE VETERANS NSG HM KINSTON,HULL ROAD,KINSTON,NC,28504,LENOIR,99934,R,2023-07-01,2024-06-30,10,,2155,11192,18675,32022,100,36600,,31,5,77,113,,69.52,2238.4,283.38,,8,34,56,98,,2155,11192,18675,32022,100,36600,,31,5,77,113,,,,,,,,,,,,,,,,,,,7866565,18401935,1822245,1989132,1038727,7866565,372899,15011,,,2640221,,,17791,,2673023,,,7644761,,,2698667,,6874655,,8600,8600,9556278,555640,658948,,,,,1214588,,,,,,1214588,8341690,8341690,9556278,8558461,10380706,,10380706,-1281563,11662269,26268500,-14606231,1961,-14604270,-2405514,1184682,,3300
1401297,345175,SMITHFIELD MANOR  INC,902 BERKSHIRE ROAD,SMITHFIELD,NC,27577,JOHNSTON,39580,U,2022-10-01,2023-09-30,4,,6326,29555,8893,44774,180,65700,,159,108,101,368,,39.79,273.66,121.67,,285,64,27,376,,6326,29555,8893,44774,160,58400,,159,108,101,368,,,,,,,,,,,,,,,,,,,6686811,7295583,2848757,2206300,1187457,6686811,1996159,1793915,,,1687267,,67206,764816,,4319453,,,,569305,,1001887,,409941,,162953,162953,4892347,117923,517553,68017,,,,720106,,,,,,720106,4172241,4172241,4892347,9953659,12802416,,12802416,-1986591,14789007,13982394,806613,2285859,3092472,3092472,3583295,,118793
1401298,345288,COMPASS HEALTHCARE AND REHAB ROWAN,1404 SOUTH SALISBURY AVENUE,SPENCER,NC,28159,ROWAN,16740,U,2022-10-01,2023-09-30,4,,2063,17386,4408,23857,70,25550,,21,52,45,118,,98.24,334.35,202.18,,50,23,50,123,,2063,17386,4408,23857,70,25550,,21,52,45,118,,,,,,,,,,,,,,,,,,,3575441,5754460,1624772,908568,316949,3575441,,650597,,,863246,80128,,72805,288535,1885754,,,,132239,,48605,,156636,,,,2042390,244796,234803,,,,15313,494912,,,,,,494912,1547478,1547478,2042390,5435433,9117203,,9117203,-1035836,10153039,9329901,823138,-27841,795297,795297,1336495,,139537
1401299,345349,WOODBURY WELLNESS CENTER,2778 COUNTRY CLUB DRIVE,HAMPSTEAD,NC,28443,PENDER,48900,U,2022-10-01,2023-09-30,4,,5387,24871,28375,58633,212,77380,,198,48,230,476,,27.21,518.15,89.33,,262,13,155,430,,5387,24871,7888,38146,112,40880,,198,48,181,427,,,,,,,,,,,,,,,,,,,6035508,8760548,3606499,1438349,881566,6035508,,1795537,,,1665884,,,324493,,3787587,,118759,,850028,,470342,,1082541,,378732,378732,5248860,406298,326922,,,,2865,736085,,,,,,736085,4512775,4512775,5248860,12398033,16006578,,16006578,-1075547,17082125,14796056,2286069,280305,2566374,2566374,3103738,,35257
1401300,345390,COMPASS H&R GUILFORD DBA COUNTRYSIDE,7700 HWY 158,STOKESDALE,NC,27357,GUILFORD,24660,U,2022-10-01,2023-09-30,4,,1862,9499,13982,25343,76,27740,,37,19,78,134,,50.32,499.95,162.35,,54,19,64,137,,1862,9499,8770,20131,60,21900,,37,19,68,124,,,,,,,,,,,,,,,,,,,3646533,4246930,1130675,990430,491447,3646533,232542,1281900,,,506876,36566,,59428,,1811638,,,,64313,,42859,,78696,,27349,27349,1917683,174596,270918,,,,-37300,408214,,,,,,408214,1509469,1509469,1917683,6209044,7377708,,7377708,-535150,7912858,7893463,19395,386270,405665,405665,1031556,,37190
1401301,345501,CROASDAILE VILLAGE,2600 CROASDAILE FARM PARKWAY,DURHAM,NC,27705,DURHAM,20500,U,2022-10-01,2023-09-30,1,,5100,4522,40210,49832,166,60590,,127,7,256,390,,40.16,646,85.09,,156,8,194,358,,5100,4522,20841,30463,104,37960,,127,7,224,358,,,,,,,,,,,,,,,,,,,15137943,36794027,3780567,2417028,2145417,15137943,1689999,6210481,,,5662387,183982,231303,1527604,,24379995,6717324,25301200,292101500,,,24807955,,222458448,107282907,11911956,119448008,366286451,4450242,2187039,70462,,95310583,1870938,103889264,,150680275,,,150680275,254569539,111716912,111716912,366286451,20042818,47453041,,47453041,2977568,44475473,51931970,-7456497,10404985,2948488,2948488,3064322,,36084
1401497,345411,SKYLAND TERRACE & REHABILITATION,516 WALL ST,WAYNESVILLE,NC,28786,HAYWOOD,11700,U,2022-10-01,2023-09-30,4,,3129,17808,2637,23574,90,32850,,64,8,23,95,,48.89,2226,248.15,,50,9,54,113,,3129,17808,2637,23574,90,32850,,64,8,23,95,,,,,,,,,,,,,,,,,,,3728625,5952359,1695529,1630900,462143,3728625,,87739,,,821416,,40921,3026,,953102,,,,,,,,49543,,2111715,2111715,3114360,579997,222801,19289,,,8400,857653,,,,2081197,2585826,3443479,-329119,-329119,3114360,8140896,8750101,,8750101,,8750101,9680984,-930883,602232,-328651,-329119,1683329,,127650
1401786,345124,PRUITTHEALTH - ELKIN  LLC,560 JOHNSON RIDGE CENTER,ELKIN,NC,28621,SURRY,99934,R,2023-07-01,2024-06-30,6,,3083,18906,11277,33266,100,36600,,105,73,341,519,,29.36,258.99,64.1,,97,4,306,407,,3083,18906,11277,33266,100,36600,,105,73,341,519,,,,,,,,,,,,,,,,,,,5435196,7137217,2714920,2149559,639294,5435196,,20841,,,1776435,721707,,7657,,2318603,,21089,,1495445,319863,582422,,819981,,8600,8600,3147184,291759,542278,10027,,,-441,843623,,,,,,843623,2303561,2303561,3147184,10967747,13682667,,13682667,915294,12767373,12572413,194960,67967,262927,262927,1744711,,76893
1401787,345371,PRUITTHEALTH - TRENT  LLC,836 HOSPITAL DRIVE,NEW BERN,NC,28560,CRAVEN,35100,U,2023-07-01,2024-06-30,6,,994,28106,10238,39338,116,42456,,28,54,117,199,,35.5,520.48,197.68,,33,16,80,129,,994,28106,10238,39338,116,42456,,28,54,117,199,,,,,,,,,,,,,,,,,,,5510696,5778953,1040813,1104708,684559,5510696,,34422,,,1123095,141919,,9568,,-10857308,,,,1684855,373473,1193954,,603382,,8600,8600,-10245326,208808,545186,32125,,,10921,797040,,,,,,797040,-11042366,-11042366,-10245326,13317191,14358004,,14358004,1848390,12509614,11289649,1219965,14133,1234098,1234098,530162,,67464
1401788,345384,PRUITTHEALTH - FARMVILLE  LLC,ROUTE 1 BOX 96,FARMVILLE,NC,27828,PITT,24780,U,2023-07-01,2024-06-30,6,,1023,13172,4404,18599,56,20496,,27,40,82,149,,37.89,329.3,124.83,,25,9,58,92,,1023,13172,4404,18599,56,20496,,27,40,82,149,,,,,,,,,,,,,,,,,,,2636863,3275040,1059365,884992,307634,2636863,,28480,,,633575,171632,,5928,,196972,,4814,,171735,140310,567106,,508921,,13883,13883,719776,215862,233178,13114,,,3696,465850,,,,,,465850,253926,253926,719776,5576223,6635588,,6635588,319633,6315955,5911903,404052,64746,468798,468798,573871,,114621
1401843,345515,PRUITTHEALTH - TOWN CENTER  LLC,6300 ROBERTA ROAD,HARRISBURG,NC,28075,CABARRUS,16740,U,2023-07-01,2024-06-30,6,,3754,12215,8678,24647,70,25620,,116,24,296,436,,32.36,508.96,56.53,,110,,279,389,,3754,12215,8678,24647,70,25620,,116,24,296,436,,,,,,,,,,,,,,,,,,,3864279,5409811,2643407,1859179,446445,3864279,,5304,,,1386027,430032,,6998,,5427749,,106086,,361210,241148,800760,,407645,,18114,18114,5853508,134849,389212,17903,,,8983,550947,,,,,,550947,5302561,5302561,5853508,8091748,10735155,,10735155,652064,10083091,9274090,809001,16148,825149,825149,2194059,,59855
1401992,345357,PRUITTHEALTH - NEUSE  LLC,1303 HEALTH DRIVE,NEW BERN,NC,28560,CRAVEN,35100,U,2023-07-01,2024-06-30,6,,3504,22480,5586,31570,110,40260,,95,86,155,336,,36.88,261.4,93.96,,133,9,125,267,,3504,22480,5586,31570,110,40260,,95,86,155,336,,,,,,,,,,,,,,,,,,,4947853,6340925,1444925,1458798,515310,4947853,,16276,,-171,1446232,548771,,9258,,3311629,,7281,,794005,375065,713544,,475349,,8600,8600,3795578,256574,439867,28823,,,47578,772842,,,,,,772842,3022736,3022736,3795578,10875036,12319961,,12319961,1196752,11123209,11288778,-165569,-2385,-167954,-167954,1837934,,114124
1401993,345388,HUNTER WOODS NURSING & REHAB. CTR,620 TOM HUNTER ROAD,CHARLOTTE,NC,28213,MECKLENBURG,16740,U,2023-01-01,2023-12-31,6,,829,31512,3363,35704,120,43800,,16,105,116,237,,51.81,300.11,150.65,,17,102,120,239,,829,31512,3363,35704,120,43800,,16,105,116,237,,,,,,,,,,,,,,,,,,,4333660,5512224,1641636,647756,488276,4333660,,-17510,,,979279,,,61128,,94524526,,,6242524,634323,,642397,,4892416,,,11583,99428525,-3085,260220,-9449,,,2034989,90521334,,,,5903155,5903155,96424489,3004036,3004036,99428525,11346547,12988183,,12988183,2257018,10731165,9845884,885281,56217,941498,941498,410155,,63409
1402056,345267,BLADEN EAST HEALTH AND REHAB  LLC,804 S. POPLAR STREET,ELIZABETHOWN,NC,28337,BLADEN,99934,R,2022-10-01,2023-09-30,4,,1259,20894,11488,33641,120,43800,,7,33,49,89,,179.86,633.15,331.75,,26,43,33,102,,1259,20894,3060,25213,90,32850,,7,33,36,76,,,,,,,,,,,,,,,,,,,3136171,4609789,480168,568778,540175,3136171,,40171,,,422130,26000,,-24693,,1666783,,,,,158179,,,145187,,10676,10676,1822646,605078,200346,,,,-36249,769175,,58984,,,58984,828159,994487,994487,1822646,7952136,8432304,,8432304,280118,8152186,7745960,406226,26656,432882,432882,663491,,153163
1402524,345462,THE OAKS - BREVARD,ROUTE 3 MORRIS RD,BREVARD,NC,28712-1156,LIBERTY,99934,R,2023-07-01,2024-06-30,6,,1416,19201,6561,27178,130,47580,,41,46,109,196,,34.54,417.41,133.65,,59,5,90,154,,1416,19201,5311,25928,120,43920,,41,46,107,194,,,,,,,,,,,,,,,,,,,4000257,4211688,1111687,918850,415453,4000257,,37036,,,447443,110817,,9679,,-1108217,,25984,28496,1086076,320733,1075342,,503846,,22769,22769,-581602,191929,395049,20352,,,-1080,606250,,,,,,606250,-1187852,-1187852,-581602,9429844,10541531,,10541531,1404056,9137475,8211945,925530,162714,1088244,1088244,810235,,15674
1402582,345298,THE LAURELS OF PENDER,311 S CAMPBELL STREET,BURGAW,NC,28425,PENDER,48900,U,2022-10-01,2023-09-30,4,,4536,22060,5621,32217,98,35770,,99,33,165,297,,45.82,668.48,108.47,,110,4,146,260,,4536,22060,5621,32217,98,35770,,99,33,165,297,,,,,,,,,,,,,,,,,,,4791742,4879253,2199275,1014711,1050555,4791742,51237,-112821,,,1311046,333644,,53955,,876611,,,,250105,454291,,,232323,,101877,116038,1224972,564364,134821,,148723,,,-4861153,,,,,,-4861153,6086125,6086125,1224972,10297870,12819777,,12819777,2143650,10676127,9670995,1005132,671841,1676973,1676973,2571888,,167811
1402583,345303,THE LAURELS OF GREENTREE RIDGE,70 SWEETEN CREEK ROAD,ASHEVILLE,NC,28803,BUNCOMBE,11700,U,2022-10-01,2023-09-30,4,,3632,16418,9387,29437,100,36500,,85,46,223,354,,42.73,356.91,81.32,,94,15,231,340,,3632,16418,8657,28707,98,35770,,85,46,222,353,,,,,,,,,,,,,,,,,,,4928933,6700966,2861460,1407159,1136409,4928933,45733,15136,,,1725003,105861,,25658,-84599,1511797,,,,1433701,413176,,,776225,,2891,2891,2290913,594230,209218,12927,,,,-3743682,,,,676079,676079,-3067603,5358516,5358516,2290913,10568479,13429939,,13429939,2709619,10720320,11629899,-909579,731635,-177944,-177944,1970653,,161262
1402584,345421,THE LAURELS OF CHATHAM,72 CHATHAM BUSINESS PARK DRIVE,PITTSBORO,NC,27312,CHATHAM,20500,U,2022-10-01,2023-09-30,4,,3665,32077,10592,46334,140,51100,,90,118,139,347,,40.72,271.84,133.53,,98,16,148,262,,3665,32077,10592,46334,140,51100,,90,118,139,347,,,,,,,,,,,,,,,,,,,7388070,8405447,2366482,1287446,1679997,7388070,36000,97737,,,3694691,464262,,9134,-32759,3266168,,,,692339,443385,,,548281,,,,3814449,726388,154971,224330,,,,-5279903,,,,159801,159801,-5120102,8934551,8934551,3814449,15125475,17989241,,17989241,2176325,15812916,15793517,19399,769349,788748,788748,2171091,,80592
1402585,345428,THE LAURELS OF SALISBURY,215 LASH DRIVE,SALISBURY,NC,28147,ROWAN,16740,U,2022-10-01,2023-09-30,4,,3312,13267,9597,26176,80,29200,,88,49,215,352,,37.64,270.76,69.56,,88,1,171,260,,3312,13267,4079,20658,60,21900,,88,49,160,297,,,,,,,,,,,,,,,,,,,4113866,4691541,2214361,1133929,878987,4113866,47733,767801,,,1470567,102427,,2804,-58468,1966162,,,,194357,165114,,,143744,,,,2109906,287469,174032,25583,,,,-3931479,,,,46114,46114,-3885365,5995271,5995271,2109906,8706247,10945911,,10945911,2148532,8797379,8805407,-8028,564728,556700,556700,1930748,,120823
1402586,345438,THE LAURELS OF SUMMIT RIDGE,100 RICEVILLE ROAD,ASHEVILLE,NC,28805,BUNCOMBE,11700,U,2022-10-01,2023-09-30,4,,2179,11334,9522,23035,87,31755,,72,42,126,240,,30.26,269.86,74.39,,84,8,121,213,,2179,11334,2481,15994,60,21900,,72,42,101,215,,,,,,,,,,,,,,,,,,,4671482,4383866,1851577,1005648,1146872,4671482,23400,-223215,,,1749253,205394,,-913,-41613,1206657,,,,1261583,351072,,,940969,,889015,900217,3047843,365943,247202,-9511,,,,-1165443,,,,3749868,3749868,2584425,463418,463418,3047843,6910373,8858027,,8858027,1591441,7266586,9055348,-1788762,1841290,52528,52528,1194328,,31557
1402587,345538,PRUITTHEALTH - RALEIGH  LLC,2420 LAKE WHEELER ROAD,RALEIGH,NC,27603,WAKE,39580,U,2023-07-01,2024-06-30,6,,4295,30600,16977,51872,150,54900,,129,66,453,648,,33.29,463.64,80.05,,136,2,406,544,,4295,30600,16977,51872,150,54900,,129,66,453,648,,,,,,,,,,,,,,,,,,,8732911,9960110,4049521,2822724,966730,8732911,,56240,,,2512476,711497,,12348,,-9631547,,255908,,510164,508923,2018287,,1070262,,326169,326169,-8235116,437413,866507,47459,,,6305,1357684,,,,,,1357684,-9592800,-9592800,-8235116,17033801,21083322,,21083322,2084790,18998532,18693021,305511,196648,502159,502159,2573820,,151712
1402804,345026,LIBERTY COMMONS NURSING AND REHABILI,2049 MOORE ROAD,MATTHEWS,NC,28105,MECKLENBURG,16740,U,2022-10-01,2023-09-30,4,,3539,28033,15007,46579,159,58035,,112,97,281,490,,31.6,289,95.06,,145,55,308,508,,3539,28033,15007,46579,159,58035,,112,97,281,490,,,,,,,,,,,,,,,,,,,6646631,9453072,2477538,2227906,1119247,6646631,1219846,-3479596,,,2465414,108862,19684,113969,573,873531,,,,43918,457135,,,15170076,,,,16043607,120301,750793,27223,,,856450,4290239,,,,15020945,15020945,19311184,-3267577,-3267577,16043607,15960192,18437731,,18437731,2337225,16100506,16099703,803,672420,673223,673223,2120082,,110936
1402805,345039,LCNRC KERNERSVILLE,5755 SHATTALON DRIVE,WINSTON-SALEM,NC,27105-1332,FORSYTH,49180,U,2022-10-01,2023-09-30,4,,2516,17727,10691,30934,120,43800,,85,104,321,510,,29.6,170.45,60.65,,119,91,355,565,,2516,17727,10691,30934,120,43800,,85,104,321,510,,,,,,,,,,,,,,,,,,,4778634,8507242,2178065,1992935,723631,4778634,2460194,-6744161,,,1131841,51550,71871,94939,5328,-3596587,,7704,,54669,265157,,,10585547,,,,6988960,228560,387582,70314,,,601947,5541002,,,,10147366,10147366,15688368,-8699408,-8699408,6988960,11840607,14018672,,14018672,2073067,11945605,13285876,-1340271,746263,-594008,-594008,1481373,,51201
1402806,345152,TRINITY VILLAGE,1265 21ST STREEET,HICKORY,NC,25860,CATAWBA,25860,U,2022-10-01,2023-09-30,1,,4918,19039,36657,60614,194,70810,,139,65,161,365,,35.38,292.91,112.59,,179,24,111,314,,4918,19039,10832,34789,104,37960,,139,65,105,309,,,,,,,,,,,,,,,,,,,10025752,8144674,7717204,2352023,1635570,10025752,1163902,1097247,,,2066427,276799,62265,-176,830388,7865745,,,220816,,135093,2372827,,529840,2291846,,2291846,10687431,288512,428417,,,,37060,753989,,253626,,,253626,1007615,9679816,9679816,10687431,17159434,24982142,,24982142,8071671,16910471,18170426,-1259955,820221,-439734,-439734,2662449,,63523
1402807,345207,LIBERTY COMMONS N&R CTR COLUMBUS CO,1402 PINCKNEY STREET,WHITEVILLE,NC,28472,COLUMBUS,99934,R,2022-10-01,2023-09-30,4,,3862,20023,11284,35169,147,53655,,102,101,193,396,,37.86,198.25,82.01,,128,90,178,396,,3862,20023,7605,31490,107,39055,,102,101,181,384,,,,,,,,,,,,,,,,,,,4186065,7001748,1880983,1399216,756644,4186065,1309804,5993496,,,1561490,34564,35608,96010,133,9662871,,193258,,357803,495719,,,6833743,,,,16496614,95974,441295,49634,,,393197,2560697,,,,6306521,6306521,8867218,7629396,7629396,16496614,11470363,13351348,,13351348,1786291,11565057,11187813,377244,361466,738710,738710,2178614,,102346
1402808,345210,LCNRC BLADEN,208 MERCER ROAD,ELIZABETHTOWN,NC,28337,BLADEN,99934,R,2022-10-01,2023-09-30,4,,1594,16639,6553,24786,94,34310,,35,43,63,141,,45.54,386.95,175.79,,46,36,78,160,,1594,16639,6553,24786,94,34310,,35,43,63,141,,,,,,,,,,,,,,,,,,,3471941,3904324,865602,730774,699995,3471941,305352,3057650,,,866619,6706,13711,16547,,6020889,,,,82946,314517,,,313363,,,,6334252,25002,416055,40624,,,536953,2145300,,,,,,2145300,4188952,4188952,6334252,8137603,9003204,,9003204,855434,8147770,7376265,771505,235008,1006513,1006513,927781,,49782
1402809,345240,LCNRC WARREN HILLS,864 US HWY 158 BUSINESS WEST,WARRENTON,NC,27589,WARREN,99934,R,2022-10-01,2023-09-30,4,,1815,24337,8873,35025,160,58400,,42,126,131,299,,43.21,193.15,108.16,,72,101,133,306,,1815,24337,4134,30286,140,51100,,42,126,112,280,,,,,,,,,,,,,,,,,,,3972866,6053066,798190,857246,843192,3972866,1118503,9324457,,,1079635,73700,71637,88484,,13174052,,23011,,562666,599184,,,5134402,,,,18308454,16369,505436,16676,,,688529,3307381,,425600,,4432939,4858539,8165920,10142534,10142534,18308454,10364074,11162264,,11162264,808980,10353284,10025932,327352,360745,688097,688097,980528,,68643
1402810,345284,LIBERTY COMMONS N&R OF THE OAKS,901 BETHESDA ROAD,WINSTON-SALEM,NC,27103-5614,FORSYTH,49180,U,2022-10-01,2023-09-30,4,,1743,25578,8704,36025,131,47815,,68,82,305,455,,25.63,311.93,79.18,,85,67,328,480,,1743,25578,8704,36025,131,47815,,68,82,305,455,,,,,,,,,,,,,,,,,,,4587453,8366513,1777193,1722053,888265,4587453,1680544,2885811,,,641421,118466,29092,60559,2618,5338754,,,,378252,450531,,,5207065,,,,10545819,123403,557658,61665,,,1265204,3351122,,,,4353746,4353746,7704868,2840951,2840951,10545819,13067113,14844305,,14844305,1789516,13054789,12953966,100823,322453,423276,423276,1051645,,63063
1402811,345370,LCNRC OF MOORE COUNTY  LLC,300 BLAKE BOULEVARD,PINEHURST,NC,28374,MOORE,99934,R,2022-10-01,2023-09-30,4,,2371,22721,7311,32403,144,52560,,57,71,99,227,,41.6,320.01,142.74,,84,43,124,251,,2371,22721,7311,32403,144,52560,,57,71,99,227,,,,,,,,,,,,,,,,,,,3218637,6374935,910680,887199,561835,3218637,1688690,7071336,,,92267,32230,28037,26522,,7992397,,,,307780,251090,,,420454,,,,8412851,36607,343353,15469,,,475462,2232491,,,,,,2232491,6180360,6180360,8412851,10263119,11173799,,11173799,905300,10268499,9593572,674927,391789,1066716,1066716,1334875,,75346
1402812,345532,LIBERTY COMMONS N&R CTR OF LEE CO,310 COMMERCE DRIVE,SANFORD,NC,27332,LEE,99934,R,2022-10-01,2023-09-30,4,,947,12822,4351,18120,80,29200,,24,34,50,108,,39.46,377.12,167.78,,32,30,66,128,,947,12822,4351,18120,80,29200,,24,34,50,108,,,,,,,,,,,,,,,,,,,2063953,4492703,569226,641461,360922,2063953,1178243,2234362,,,887087,29095,940,46304,100,3743918,,,,112012,332667,,,902799,,51384,51384,4698101,65353,144664,6728,,,983330,2214714,,,,313964,313964,2528678,2169423,2169423,4698101,5896254,6465479,,6465479,544100,5921379,6556656,-635277,142971,-492306,-492306,513596,,39292
1402813,345543,LIBERTY COMMONS - DAVIE COUNTY,316 NC HWY 801 SOUTH,ADVANCE,NC,27006-7647,DAVIE,49180,U,2022-10-01,2023-09-30,4,,1762,21311,10849,33922,127,46355,,54,130,258,442,,32.63,163.93,76.75,,84,107,283,474,,1762,21311,10849,33922,117,42705,,54,130,258,442,,,,,,,,,,,,,,,,,,,5343085,6745841,1649685,1464823,898963,5343085,869937,-2690529,,,923396,68008,19497,78088,1068,-838498,,,,418503,473857,,,5036027,,,,4197529,99902,273851,59837,,,656156,2557498,,,,4619255,4619255,7176753,-2979224,-2979224,4197529,11660481,13310166,,13310166,1539532,11770634,12088926,-318292,225928,-92364,-92364,1048235,,51051
1402868,345202,CAPITAL NURSING AND REHAB CENTER,3000 HOLSTON LANE,RALEIGH,NC,27610,WAKE,39580,U,2022-10-01,2023-09-30,4,,2428,23026,9178,34632,125,45625,,79,46,210,335,,30.73,500.57,103.38,,91,30,230,351,,2428,23026,9178,34632,125,45625,,79,46,210,335,,,,,,,,,,,,,,,,,,,5368142,6451488,1608629,1446086,816180,5368142,1013061,3224178,,,1250441,104108,38009,178456,,5994092,,41644,,556991,418011,,,4716288,,,,10710380,81399,394897,69750,,,581128,2525535,,,,4279092,4279092,6804627,3905753,3905753,10710380,12008175,13616805,,13616805,1567326,12049479,11819630,229849,260227,490076,490076,1380550,,31505
1402869,345311,LCNRC OF PERSON COUNTY  LLC,901 RIDGE ROAD,ROXBORO,NC,27573,PERSON,20500,U,2022-10-01,2023-09-30,4,,2121,23347,8272,33740,145,52925,,35,96,127,258,,60.6,243.2,130.78,,63,86,145,294,,2121,23347,8272,33740,140,51100,,35,96,127,258,,,,,,,,,,,,,,,,,,,3480716,7861975,1824517,1385901,674475,3480716,2551670,3574543,,,832339,154195,40844,84518,,6305106,,,,100377,271574,,,464314,,,,6769420,39144,333651,23495,,,1121550,2403998,,,,,,2403998,4365422,4365422,6769420,10685581,12510098,,12510098,1543947,10966151,11342691,-376540,252033,-124507,-124507,1259868,,101649
1402871,345373,LCNRC OF SOUTHPORT  LLC,630 FODALE AVENUE,SOUTHPORT,NC,28461,BRUNSWICK,34820,U,2022-10-01,2023-09-30,4,,4440,18338,10199,32977,116,42340,,132,82,99,313,,33.64,223.63,104.13,,168,78,77,323,,4440,18338,8565,31343,99,36135,,132,82,87,301,,,,,,,,,,,,,,,,,,,4252491,5973030,1465471,1204029,730081,4252491,1269777,-760944,,,995813,55345,61024,51301,1329,1021147,,,,1286618,428818,,,1552458,,,,2573605,37531,308467,51767,,,874862,2329011,,,,52975,52975,2381986,191619,191619,2573605,10307674,11773145,,11773145,1365352,10407793,10225521,182272,434272,616544,616544,2401373,,52702
1402872,345397,SHORELAND HEALTHCARE AND RTMT CENTER,200 FLOWERS-PRIDGEN DR,WHITEVILLE,NC,28472,COLUMBUS,99934,R,2022-10-01,2023-09-30,4,,2641,14864,6731,24236,99,36135,,73,59,123,255,,36.18,251.93,95.04,,93,39,130,262,,2641,14864,6731,24236,89,32485,,73,59,123,255,,,,,,,,,,,,,,,,,,,3424749,4370155,1470048,1302773,673517,3424749,122114,3801604,,,853952,47090,21550,64183,2882,6460437,,568663,,502635,353496,,,3084149,,,,9544586,51809,383268,38651,,37992,784310,2374513,,,,1846331,1846331,4220844,5323742,5323742,9544586,8236022,9706068,,9706068,1440439,8265629,7794904,470725,236242,706967,706967,1488923,,88407
1402873,345472,SOUTHWOOD NURSING & RETIREMENT CTR,160 SOUTHWOOD DRIVE,CLINTON,NC,28329,SAMPSON,99934,R,2022-10-01,2023-09-30,4,,2390,20624,5061,28075,100,36500,,70,87,124,281,,34.14,237.06,99.91,,109,72,116,297,,2390,20624,5061,28075,100,36500,,70,87,124,281,,,,,,,,,,,,,,,,,,,2583185,6628676,1053099,1022971,453956,2583185,2104862,5314933,,,956196,141438,30817,77542,1382,7368371,,,,641322,364140,,,6025629,,,,13394000,49039,216629,26057,,,454879,2666761,,,,5429391,5429391,8096152,5297848,5297848,13394000,9482843,10535943,,10535943,1069295,9466648,9211861,254787,570459,825246,825246,1331917,,44687
1402874,345519,LIBERTY COMMONS N&R JOHNSTON CO,2315 HIGHWAY 242 NORTH,BENSON,NC,27504,JOHNSTON,39580,U,2022-10-01,2023-09-30,4,,4573,22959,10852,38384,160,58400,,147,72,284,503,,31.11,318.88,71.4,,183,52,250,485,,4573,22959,6595,34127,100,36500,,147,72,259,478,,,,,,,,,,,,,,,,,,,4357588,9258758,1965508,1675540,715320,4357588,3022227,253140,,,1453065,102780,43276,92642,,2394021,,15244,,401213,707025,,,3748495,,,,6142516,63074,244029,10381,,,1440903,3897047,,,,2714684,2714684,6611731,-469215,-469215,6142516,13419710,15385217,,15385217,1972091,13413126,13616346,-203220,625616,422396,422396,2842596,,123374
1402913,345095,CHATHAM NURSING & REHABILITATION,700 JOHNSTON RIDGE ROAD,ELKIN,NC,28621,SURRY,99934,R,2022-10-01,2023-09-30,4,,3437,22948,10988,37373,127,46355,,59,63,192,314,,58.25,364.25,115.35,,85,35,184,304,,3437,22948,6720,33105,99,36135,,59,63,165,287,,,,,,,,,,,,,,,,,,,4456776,8805711,2726044,2001728,898960,4456776,1674614,1491607,,,933613,,,143134,,2568354,,,15793,,,172436,,110966,,,,2679320,373532,351336,99207,,70304,519486,1413865,,,,,,1413865,1265455,1265455,2679320,12717123,15442905,,15442905,1958898,13484007,13262487,221520,469974,691494,691494,1911385,,115347
1402914,345119,NORTHCHASE NURSING & REHAB CTR,3015 ENTERPRISE DRIVE,WILMINGTON,NC,28405,NEW HANOVER,48900,U,2022-10-01,2023-09-30,4,,5029,33278,9375,47682,140,51100,,124,90,220,434,,40.56,369.76,109.87,,145,52,241,438,,5029,33278,9375,47682,140,51100,,124,90,220,434,,,,,,,,,,,,,,,,,,,6135469,11274336,3797819,2248794,1067051,6135469,3475536,2646,,,3123362,1382074,46880,,18853,-1396468,,,,,1306634,,,116919,,,,-1279549,-124240,513353,,,,7642,396755,,,,,,396755,-1676304,-1676304,-1279549,13695601,17493420,,17493420,680707,16812713,17409805,-597092,456701,-140391,-140391,2940937,,282200
1402915,345151,WHITE OAK MANOR - KINGS MT.,716 SIPES STREET,KINGS MOUNTAIN,NC,28086-0578,CLEVELAND,99934,R,2022-10-01,2023-09-30,4,,1595,35405,12326,49326,154,56210,,29,65,121,215,,55,544.69,229.42,,41,28,143,212,,1595,35405,12326,49326,154,56210,,29,65,121,215,,,,,,,,,,,,,,,,,,,7881310,5653056,1781040,1036564,1373304,7881310,,100682,,,1340623,352,24604,,-785,1567492,,,,,,1379932,,254412,,7294165,7294165,9116069,213302,327645,,,,125825,666772,,,,,,666772,8450001,8450001,9116773,14640681,16496505,2091,16498596,1221935,15276661,13534366,1742295,-4924,1737371,1737371,893298,,130677
1402916,345238,WHITE OAK MANOR - CHARLOTTE,4009 CRAIG AVENUE,CHARLOTTE,NC,28222-0130,MECKLENBURG,16740,U,2022-10-01,2023-09-30,4,,1587,27600,20647,49834,180,65700,,47,59,221,327,,33.77,467.8,152.4,,77,30,244,351,,1587,27600,20647,49834,180,65700,,47,59,221,327,,,,,,,,,,,,,,,,,,,8093321,5595325,1978293,1311401,1209880,8093321,,101497,,,1307792,35499,28542,47350,-30,1449612,,,,,,1677002,,309451,,,,1759063,331129,343948,,,16150,37836,729063,,,,,,729063,1030000,1030000,1759063,14764783,16758889,,16758889,2153333,14605556,13688646,916910,-851517,65393,65393,972724,,55588
1402917,345247,VALLEY NURSING CENTER,581 NC HWY 16 SOUTH,TAYLORSVILLE,NC,28681,ALEXANDER,25860,U,2022-10-01,2023-09-30,4,,3270,15362,7563,26195,183,66795,,63,61,103,227,,51.9,251.84,115.4,,68,7,81,156,,3270,15362,7563,26195,183,66795,,63,61,103,227,,,,,,,,,,,,,,,,,,,5276388,6375300,1785438,1296548,1085245,5276388,720112,305023,,,2132501,,52583,26614,,3135501,,,,526446,,809570,,538390,231000,,231000,3904891,120541,384952,,92411,,,597904,,-1848060,,,-1848060,-1250156,5155047,5155047,3904891,11503774,13335834,,13335834,2789516,10546318,11651688,-1105370,69333,-1036037,-1036037,2002575,,90778
1402918,345292,GRANTSBROOK NURSING & REHAB CTR,290 KEEL ROAD,GRANTSBORO,NC,28529,PAMLICO,35100,U,2022-10-01,2023-09-30,4,,2946,19136,3979,26061,104,37960,,65,49,64,178,,45.32,390.53,145.98,,84,16,65,165,,2946,19136,3026,25108,96,35040,,65,49,58,172,,,,,,,,,,,,,,,,,,,3776292,4660082,1335501,895170,663949,3776292,511198,45677,,,1274918,562438,22482,,9860,3136522,,,,,646832,,,73157,,,,3209679,25838,258039,,,,-1996,281881,,,,,,281881,2927798,2927798,3209679,6981077,8316578,,8316578,-485074,8801652,8436374,365278,277350,642628,642628,1473425,,150577
1402919,345293,RICHMOND PINES HEALTHCARE & REHAB,769 OLD CHERAW ROAD,HAMLET,NC,28345,RICHMOND,99934,R,2022-10-01,2023-09-30,4,,1474,13313,2290,17077,115,41975,,29,93,53,175,,50.83,143.15,97.58,,36,22,40,98,,1474,13313,2290,17077,105,38325,,29,93,53,175,,,,,,,,,,,,,,,,,,,2709317,4246494,862826,539450,497525,2709317,484231,4605,,,521165,406889,14752,1426,9708,1099821,,,,,888400,,,48392,,,,1148213,40933,24839,,,,1696,67468,,,,,,67468,1080745,1080745,1148213,4480202,5343028,,5343028,-681970,6024998,6955811,-930813,78832,-851981,-851981,762900,,239531
1402920,345348,WHISPERING PINES NURSING HOME,523 COUNTRY CLUB DRIVE,FAYETTEVILLE,NC,28301,CUMBERLAND,22180,U,2022-10-01,2023-09-30,4,,3443,16888,4279,24610,88,32120,,78,68,100,246,,44.14,248.35,97.55,,91,44,109,244,,3443,16888,3569,23900,86,31390,,78,68,99,245,,,,,,,,,,,,,,,,,,,3485223,6151700,2512611,1662019,625140,3485223,1191729,1772515,,,650413,,,66338,,2489266,,,,,,483056,,11569,,7300,7300,2508135,317557,274325,71710,,24259,-250000,437851,,,,,,437851,2070284,2070284,2508135,9194620,11614249,,11614249,1917469,9696780,9636923,59857,293623,353480,353480,1835077,,70064
1402921,345383,CENTURY CARE OF LAURINBURG,620 JOHNS ROAD,LAURINBURG,NC,28352,SCOTLAND,99934,R,2022-10-01,2023-09-30,4,,3069,28507,6229,37805,149,54385,,86,116,181,383,,35.69,245.75,98.71,,117,86,191,394,,3069,28507,6229,37805,149,54385,,86,116,181,383,,,,,,,,,,,,,,,,,,,5313754,8507273,2762444,1993995,1205700,5313754,1235049,535974,,,929676,,,4038,,1535100,,,49515,1488,,519612,,19491,,14800,14800,1569391,404024,319870,109759,,33405,521874,1388932,,,,,,1388932,180459,180459,1569391,13355787,16108808,,16108808,2142078,13966730,13821027,145703,666284,811987,811987,1746793,,123080
1402922,345391,HEARTLAND LIVING & REHABILITATION,1131 NORTH CHURCH STREET,GREENSBORO,NC,27401,GUILFORD,24660,U,2022-10-01,2023-09-30,4,,2012,22216,11123,35351,144,52560,,52,64,265,381,,38.69,347.13,102.21,,75,28,220,323,,2012,22216,8478,32706,107,39055,,52,64,204,320,,,,,,,,,,,,,,,,,,,3968151,8399387,2574146,1568389,783088,3968151,2326123,260848,,,958563,,,28663,,1248074,,,,269887,,690323,,330123,,20315,20315,1598512,457368,268494,98390,150000,14434,37148,1025834,,,,,,1025834,572678,572678,1598512,11469408,14093606,,14093606,2289088,11804518,12367538,-563020,258626,-304394,-304394,1134605,,66358
1402924,345465,BAYVIEW NURSING & REHABILITATION CTR,3003 KENSINGTON PARK DRIVE,NEW BERN,NC,28560,CRAVEN,35100,U,2022-10-01,2023-09-30,4,,4786,9542,9798,24126,72,26280,,144,37,115,296,,33.24,257.89,73.72,,181,27,73,281,,4786,9542,5945,20273,60,21900,,144,37,94,275,,,,,,,,,,,,,,,,,,,3093629,5340292,1975057,1339672,658893,3093629,968406,187326,,,767311,,,7333,,1184927,,,40000,163217,,385627,,73428,,7300,7300,1265655,422373,187726,63948,,13516,69788,757351,,,,,,757351,508304,508304,1265655,8315482,10274209,,10274209,1717769,8556440,8433921,122519,436616,559135,559135,2568920,,55395
1402925,345490,AYDEN COURT NURSING & REHAB CTR,128 SNOW HILL ROAD,AYDEN,NC,28513,PITT,24780,U,2022-10-01,2023-09-30,4,,4489,18086,5309,27884,82,29930,,129,64,165,358,,34.8,282.59,77.89,,135,35,173,343,,4489,18086,5309,27884,82,29930,,129,64,165,358,,,,,,,,,,,,,,,,,,,3451269,5524976,1896282,1398878,504694,3451269,715839,3740,,,1827694,634078,29765,625,,9687973,,,,,671557,,,35326,,,,9723299,27363,133422,,,,1973,162758,,,,,,162758,9560541,9560541,9723299,7217250,9113532,,9113532,-960360,10073892,8976245,1097647,483320,1580967,1580967,2441608,,190362
1402926,345491,CROATAN RIDGE NURSING & REHAB CTR,210 FOXHALL RD,NEWPORT,NC,28570,CARTERET,99934,R,2022-10-01,2023-09-30,4,,3143,12792,5270,21205,64,23360,,115,21,98,234,,27.33,609.14,90.62,,136,13,90,239,,3143,12792,5270,21205,64,23360,,115,21,98,234,,,,,,,,,,,,,,,,,,,2592561,4493691,903744,763137,425915,2592561,969328,10739,,,860108,167266,28467,,,-1558425,,,,,768006,,,111401,,,,-1447024,22289,129383,,,,1516,153188,,,,,,153188,-1600212,-1600212,-1447024,5429124,6332868,,6332868,-1093286,7426154,7086252,339902,168262,508164,508164,1817909,,64966
1403059,345216,LIBERTY COMMONS NURSING AND REHABILI,3100 TRAMWAY ROAD,SANFORD,NC,27332-7142,LEE,99934,R,2022-10-01,2023-09-30,4,,5355,13237,7761,26353,83,30295,,161,40,202,403,,33.26,330.93,65.39,,230,22,185,437,,5355,13237,7761,26353,83,30295,,161,40,202,403,,,,,,,,,,,,,,,,,,,3620238,6337318,1953658,2095378,628012,3620238,1552530,-297156,,,1081262,70775,15701,74758,961,1790014,,,,16081,182243,,,9646243,,,,11436257,32117,247911,49474,,,346756,2850982,,,,9538856,9538856,12389838,-953581,-953581,11436257,9785919,11739578,,11739578,1949665,9789913,9957556,-167643,384387,216744,216744,3026749,,102170
1403060,345241,EDEN REHABILITATION AND HEALTHCARE C,226 NORTH OAKLAND AVENUE,EDEN,NC,27288,ROCKINGHAM,24660,U,2022-10-01,2023-09-30,4,,2779,24736,8055,35570,112,40880,,52,67,50,169,,53.44,369.19,210.47,,276,35,18,329,,2779,24736,8055,35570,112,40880,,52,67,50,169,,,,,,,,,,,,,,,,,,,3501900,7328229,1203416,1375630,594847,3501900,1926381,775319,,,1394797,121828,,33409,923,2280953,,3675,,36788,,41133,,135761,,90955,90955,2507669,256226,147953,7125,,,234596,684720,,59109,,,59113,743833,1763836,1763836,2507669,12526243,13729659,,13729659,974465,12755194,10830129,1925065,358,1925423,1925423,1699050,,189848
1403061,345309,LIBERTY COMMONS NSG & RHB HALIFAX CO,101 CAROLINA AVENUE,WELDON,NC,27890,HALIFAX,99934,R,2022-10-01,2023-09-30,4,,3013,8381,2902,14296,75,27375,,95,32,85,212,,31.72,261.91,67.14,,126,23,76,225,,3013,8381,2705,14099,50,18250,,95,32,83,210,,,,,,,,,,,,,,,,,,,2238127,2898361,817887,787031,424600,2238127,301146,233409,,,497196,18341,33940,62058,528,1201846,,164958,,665085,272018,,,3392855,,,,4594701,18924,314791,8570,,,300677,1509816,,,,2906439,2906439,4416255,178446,178446,4594701,5064387,5882274,,5882274,885174,4997100,5136488,-139388,180721,41333,41333,1629838,,70347
1403062,345443,OAK FOREST HEALTH & REHAB,5680 WINDY HILL DRIVE,WINSTON SALEM,NC,27105,FORSYTH,49180,U,2022-10-01,2023-09-30,4,,1659,35123,11970,48752,170,62050,,41,166,376,583,,40.46,211.58,83.62,,60,142,407,609,,1659,35123,11970,48752,170,62050,,41,166,376,583,,,,,,,,,,,,,,,,,,,6349211,12932705,2696269,2945942,1100297,6349211,4665987,-4573188,,,2246292,316396,86978,20232,,1623995,,,,52737,272219,,,282039,,,,1906034,38212,396718,76721,,,1077524,2910180,,,,,,2910180,-1004146,-1004146,1906034,17413150,20109418,,20109418,2239531,17869887,19281916,-1412029,1060892,-351137,-351137,1115830,,138359
1403063,345503,LIBERTY COMMONS N&R ROWAN COUNTY,4412 SOUTH MAIN STREET,SALISBURY,NC,28147,ROWAN,16740,U,2022-10-01,2023-09-30,4,,3427,15236,10425,29088,90,32850,,102,42,227,371,,33.6,362.76,78.4,,133,21,235,389,,3427,15236,10425,29088,90,32850,,102,42,227,371,,,,,,,,,,,,,,,,,,,3869182,6200381,2060907,1681212,664347,3869182,1288034,6364966,,,1081538,292454,13767,37534,850,14939541,,17760,,494991,841112,,,5218786,,,,20158327,63299,298950,14209,,,806468,9257612,,,,4591242,4591242,13848854,6309473,6309473,20158327,10256113,12317020,,12317020,2017948,10299072,10069563,229509,255203,484712,484712,1941305,,78288
1403131,345389,THE LAURELS OF FOREST GLENN,1101 HARTWELL STREET,GARNER,NC,27529,WAKE,39580,U,2022-10-01,2023-09-30,4,,4644,26991,14028,45663,140,51100,,124,84,211,419,,37.45,321.32,96.58,,140,21,241,402,,4644,26991,7865,39500,120,43800,,124,84,201,409,,,,,,,,,,,,,,,,,,,7207357,7670473,3646394,1783370,1633739,7207357,49237,49434,,,2807402,679189,,15507,-67237,2030030,,,,571868,396263,,,427189,,,,2457219,438586,272999,18826,,,,-11664205,,,,27449,27449,-11636756,14093975,14093975,2457219,14768882,18729524,,18729524,3225941,15503583,14877830,625753,886750,1512503,1512503,2628525,,81532
1403132,345410,CENTRAL CONTINUING CARE OF MT. AIRY,1287 NEWSOME STREET,MOUNT AIRY,NC,27030,SURRY,99934,R,2022-10-01,2023-09-30,5,,1177,20244,7598,29019,120,43800,,24,42,84,150,,49.04,482,193.46,,42,24,86,152,,1177,20244,7598,29019,120,43800,,24,42,84,150,,,,,,,,,,,,,,,,,,,4183611,5427451,1747716,1177729,668695,4183611,1333458,4988505,,,1197605,,31864,10142,181031,6448378,,,,572417,684827,,,887310,,,,7335688,245235,267535,,,,58291,571061,,,,,,571061,6764627,6764627,7335688,5961125,7764539,,7764539,-2152655,9917194,9611062,306132,2386433,2692565,2692565,668901,,73845
1403134,345417,HILLSIDE NURSING CENTER OF WAKE FORE,968 WAIT AVENUE,WAKE FOREST,NC,27588,WAKE,39580,U,2022-10-01,2023-09-30,4,,6885,17757,15939,40581,150,54750,,176,37,88,301,,39.12,479.92,125.09,,220,12,68,300,,6885,17757,12009,36651,130,47450,,176,37,80,293,,,,,,,,,,,,,,,,,,,6974139,6094809,3488247,1627869,804109,6974139,,6118833,,,994489,,,30128,,7550670,,5856,,375819,,1199875,,572069,,129717,129717,8252456,378803,548503,2059,,,165509,1094874,,,,,117677,1212551,7039905,7039905,8252456,11742396,15476990,,15476990,1727070,13749920,13068948,680972,184308,865280,865280,4203222,,95284
1403135,345431,BRYAN HEALTH & REHAB,921 JR. HIGH SCHOOL ROAD,SCOTLAND NECK,NC,27874,HALIFAX,99934,R,2022-10-01,2023-09-30,2,,1267,12726,4905,18898,80,29200,,22,29,18,69,,57.59,438.83,263.26,,42,15,11,68,,1267,12726,3119,17112,60,21900,,22,29,14,65,,,,,,,,,,,,,,,,,,,2858046,2327522,739015,793434,995320,2858046,,2008065,,,3513318,1583063,108233,18202,38636,3168420,60016,345022,4308580,,,2373395,,1372440,,1239,1239,4542099,-284614,800561,938019,,,,1484814,,-308762,,,-308762,1176052,3366047,3366047,4542099,3921750,4659633,,4659633,-421883,5081516,5185568,-104052,156959,52907,52907,679166,,46170
1403136,345574,BELLAROSE NURSING AND REHAB CENTER,200 BELLAROSE LAKE WAY,GARNER,NC,27529,WAKE,39580,U,2022-10-01,2023-09-30,4,,7110,16700,9773,33583,100,36500,,209,46,154,409,,34.02,363.04,82.11,,247,14,152,413,,7110,16700,9773,33583,100,36500,,209,46,154,409,,,,,,,,,,,,,,,,,,,6960917,5267496,4415549,1902869,858347,6960917,,4412832,,,1300281,,,32090,,5745203,,,,20459,,128510,,153709,,112882,112882,6011794,297817,454913,70962,,,177283,1000975,,,,,800,1001775,5010019,5010019,6011794,11706728,16435989,,16435989,2996365,13439624,12228413,1211211,544872,1756083,1756083,4362840,,62937
1403229,345426,VALLEY VIEW CARE & REHAB CENTER,551 KENT STREET,ANDREWS,NC,28901,CHEROKEE,99934,R,2023-01-01,2023-12-31,6,,1318,16805,1647,19770,76,27740,,17,40,41,98,,77.53,420.13,201.73,,15,42,38,95,,1318,16805,1647,19770,76,27740,,17,40,41,98,,,,,,,,,,,,,,,,,,,2538339,3664714,1218754,426423,317854,2538339,,188254,,,576872,,,35918,,59559108,,,8611268,381228,,419873,,5925812,,,570,65485490,19929,186076,-1960,,,1078762,66495433,,,,4415285,4415285,70910718,-5425228,-5425228,65485490,5462700,6681454,,6681454,361501,6319953,6203053,116900,30890,147790,147790,742254,,64767
1403290,345088,TRINITY GLEN,849 WATERWORKS ROAD,WINSTON-SALEM,NC,27105,FORSYTH,49180,U,2022-10-01,2023-09-30,1,,1379,26299,7677,35355,117,42705,,34,51,173,258,,40.56,515.67,137.03,,49,34,185,268,,1379,26299,7677,35355,117,42705,,34,51,173,258,,,,,,,,,,,,,,,,,,,6321156,5648026,5522930,1499885,989390,6321156,656886,1252715,,,1717985,204714,46196,13337,,303810,,,46798,,307922,1865519,,270766,1707204,,1707204,2281780,213045,385143,,,,60151,658339,,1825,,,1825,660164,1621616,1621616,2281780,11675560,17254462,,17254462,5232886,12021576,11969182,52394,240465,292859,292859,783772,,35230
1403292,345190,MURPHY REHABILITATION & NURSING,230 NC HWY 141,MURPHY,NC,28906,CHEROKEE,99934,R,2022-10-01,2023-09-30,4,,5701,26461,9016,41178,134,48910,,90,50,102,242,,63.34,529.22,170.16,,135,22,98,255,,5701,26461,9016,41178,134,48910,,90,50,102,242,,,,,,,,,,,,,,,,,,,4116990,11007518,3028709,2155079,917144,4116990,3415048,2202173,,,997616,,,72989,,3375184,,,,,,91384,,104419,,42990,42990,3522593,630806,358525,91153,,12801,164720,1258005,,,,,,1258005,2264588,2264588,3522593,15128779,18109326,,18109326,2219100,15890226,15124508,765718,538250,1303968,1303968,3381946,,185289
1403293,345212,BETHESDA HEALTH CARE,3522 DUNN ROAD,FAYETTEVILLE,NC,28301,CUMBERLAND,22180,U,2022-10-01,2023-09-30,4,,1688,18337,4087,24112,85,31025,,28,10,12,50,,60.29,1833.7,482.24,,25,7,15,47,,1688,18337,4087,24112,85,31025,,28,10,12,50,,,,,,,,,,,,,,,,,,,3604159,3028664,644469,489214,583666,3604159,,3618893,,,1026619,,39373,32342,,4717227,122734,12306,2203889,,,929490,,817732,,135948,135948,5670907,274058,587342,-20861,,,,840539,890690,,,,-53035,787504,4883403,4883403,5670907,7456534,7712637,,7712637,,7712637,6632823,1079814,973813,2053627,2053627,930867,,64810
1403294,345313,NORTHAMPTON NURSING & REHAB CTR,200 HAMPTON WOODS COMPLEX,JACKSON,NC,27845,NORTHAMPTON,99934,R,2022-10-01,2023-09-30,4,,2000,20659,4789,27448,80,29200,,32,60,53,145,,62.5,344.32,189.3,,47,32,61,140,,2000,20659,4789,27448,80,29200,,32,60,53,145,,,,,,,,,,,,,,,,,,,2287771,5871730,1022273,787853,426237,2287771,1689677,390,,,1417507,517925,19081,,,724247,,,,,510403,,,6856,,,,731103,100038,183057,,,,5155,288250,,,,,,288250,442853,442853,731103,7584451,8606724,,8606724,-709765,9316489,8159501,1156988,151800,1308788,1308788,1064096,,179932
1403295,345333,ABBOTTS CREEK,877 HILL EVERHART ROAD,LEXINGTON,NC,27295,DAVIDSON,49180,U,2023-01-01,2023-12-31,4,,2109,12940,6423,21472,64,23360,,72,63,314,449,,29.29,205.4,47.82,,86,24,336,446,,2109,12940,6423,21472,64,23360,,72,63,314,449,,,,,,,,,,,,,,,,,,,2652977,4924336,2132572,1323841,356523,2652977,2150808,7000,,,1209533,144911,38129,,,1142908,,31971,1385035,40975,388138,392601,,1500454,,,5260098,7903460,499385,,,,,497888,997273,6132631,,,,6116470,7113743,789717,789717,7903460,8727316,10861556,,10861556,2527602,8333954,7577313,756641,33076,789717,789717,1286564,,80036
1403296,345366,GREENDALE FOREST NURSING & REHAB CTR,1304 S.E. 2ND STREET,SNOW HILL,NC,28580,GREENE,99934,R,2022-10-01,2023-09-30,4,,3039,28304,8963,40306,132,48180,,66,111,143,320,,46.05,254.99,129.28,,89,75,122,286,,3039,28304,6019,37362,115,41975,,66,111,112,289,,,,,,,,,,,,,,,,,,,3632467,8706532,2789518,1891225,696266,3632467,2395600,434,,,2039300,838403,20297,,10904,9005622,,,,,694024,,,23941,,,,9029563,-32769,339171,,,,9222,315624,,,,,,315624,8713939,8713939,9029563,10148334,12937852,,12937852,-827825,13765677,12338999,1426678,213847,1640525,1640525,1604655,,293308
1403297,345393,PISGAH VALLEY,104 HOLCOMBE COVE ROAD,CANDLER,NC,28715,BUNCOMBE,11700,U,2022-10-01,2023-09-30,4,,4465,17136,13573,35174,118,43070,,119,28,198,345,,37.52,612,101.95,,173,18,204,395,,4465,17136,13573,35174,118,43070,,119,28,198,345,,,,,,,,,,,,,,,,,,,5867626,8790112,2189210,1999207,1107416,5867626,238130,4339223,,,786898,19181,50125,235106,,11349127,,,,1481141,828699,,,15748290,,43265,43265,27140682,134063,602987,71007,,73385,457622,9470662,,,,14466252,14466252,23936914,3203768,3203768,27140682,12412768,17514291,,17514291,2126366,15387925,14657738,730187,311144,1041331,1041331,2567063,,95785
1403298,345414,HAYMOUNT REHAB & NURSING CENTER,2346 BARRINGTON CIRCLE,FAYETTEVILLE,NC,28303,CUMBERLAND,22180,U,2022-10-01,2023-09-30,4,,2680,26035,6983,35698,112,40880,,68,47,115,230,,39.41,553.94,142.32,,80,37,108,225,,2680,26035,3164,31879,98,35770,,68,47,109,224,,,,,,,,,,,,,,,,,,,4587555,7124506,2055067,1457366,836267,4587555,899873,2522733,,,677715,,,12995,,3588851,,,,263133,,318882,,20056,,7300,7300,3616207,307490,366001,90177,,16878,-122894,657652,,,,,,657652,2958555,2958555,3616207,12285748,14361061,,14361061,1676247,12684814,11712061,972753,459779,1432532,1432532,1532482,,87600
1403299,345494,PEAK RESOURCES - GASTONIA,2780 X-RAY DRIVE,GASTONIA,NC,28054,GASTON,16740,U,2022-10-01,2023-09-30,4,,2512,17604,13150,33266,104,37960,,74,89,277,440,,33.95,197.8,75.6,,116,49,237,402,,2512,17604,13150,33266,104,37960,,74,89,277,440,,,,,,,,,,,,,,,,,,,3400903,6811593,2038498,1269170,679824,3400903,,2031341,,,1056251,,,165392,,3252984,,326671,,591858,,214733,,421369,,10655785,10655785,14330138,251184,259379,12919,,,573758,1109864,,,,10232409,10232409,11342273,2987865,2987865,14330138,7613653,9651941,,9651941,-1767320,11419261,10212496,1206765,209467,1416232,1416232,1629203,,44789
1403300,345563,LCN & REHAB CTR OF BALLANTYNE  LLC,10011 PROVIDENCE ROAD WEST,CHARLOTTE,NC,28277,MECKLENBURG,16740,U,2022-10-01,2023-09-30,4,,5185,18444,9177,32806,108,39420,,184,55,305,544,,28.18,335.35,60.31,,231,27,320,578,,5185,18444,9177,32806,108,39420,,184,55,305,544,,,,,,,,,,,,,,,,,,,4936049,7079432,3096379,2464441,795505,4936049,934855,3743832,,,1412483,71407,19426,92833,410,5972155,,,,,305347,,,12816384,,,,18788539,66715,397014,16777,,,811024,3838693,,,,12669450,12669450,16508143,2280396,2280396,18788539,12784405,15880785,,15880785,2987656,12893129,12015481,877648,101009,978657,978657,3058004,,90572
1403301,345576,LEGION ROAD HEALTHCARE,1716 LEGION ROAD,CHAPEL HILL,NC,27517,ORANGE,20500,U,2022-10-01,2023-09-30,4,,3372,15927,15512,34811,115,41975,,115,35,245,395,,29.32,455.06,84.91,,147,35,316,498,,3372,15927,13476,32775,108,39420,,115,35,236,386,,,,,,,,,,,,,,,,,,,5584071,7462169,2228253,1968659,852864,5584071,1190849,-3498442,,,1978332,199433,76193,61503,,-841975,,5551,,5500,252863,,,2146823,,,,1304848,16479,328871,67203,,,657646,2487531,,,,2037707,2037707,4525238,-3220390,-3220390,1304848,12948074,15176327,,15176327,2191157,12985170,13046240,-61070,158043,96973,96973,2054404,,171811
1403395,345113,WILLOW CREEK NURSING & REHAB CTR,2401 WAYNE MEMORIAL DRIVE,GOLDSBORO,NC,27534,WAYNE,24140,U,2022-10-01,2023-09-30,4,,4889,37598,11013,53500,200,73000,,160,110,262,532,,30.56,341.8,100.56,,173,72,286,531,,4889,37598,11013,53500,200,73000,,160,110,262,532,,,,,,,,,,,,,,,,,,,6920618,11766490,3015796,2070683,1242970,6920618,2725629,1074,,,3030461,781353,45975,,15334,634430,,,,,1167965,,,104915,,,,739345,114083,551214,,,,3407,668704,,,,,,668704,70641,70641,739345,18161074,21176870,,21176870,3171187,18005683,18687108,-681425,363997,-317428,-317428,2893706,,133060
1403396,345335,FRANKLIN OAKS NURSING & REHAB CTR,1704 HWY 39 NORTH,LOUISBURG,NC,27549,FRANKLIN,39580,U,2022-10-01,2023-09-30,4,,4704,36689,6160,47553,176,64240,,87,96,127,310,,54.07,382.18,153.21,,107,41,137,285,,4704,36689,4876,46269,166,60590,,87,96,119,302,,,,,,,,,,,,,,,,,,,5480798,9086318,2313530,1568409,841371,5480798,2682805,1006,,,1535924,578544,58994,,5377,8081871,,,,,1020979,,,117993,,,,8199864,104421,442767,,,,354,547542,,,,,,547542,7652322,7652322,8199864,12256571,14570101,,14570101,-1988297,16558398,14567116,1991282,145780,2137062,2137062,2745334,,343597
1403397,345355,GRAHAM HEALTHCARE & REHAB CTR,811 SNOWBIRD ROAD,ROBBINSVILLE,NC,28771,GRAHAM,99934,R,2022-10-01,2023-09-30,4,,1420,14795,1974,18189,103,37595,,29,34,41,104,,48.97,435.15,178.5,,35,13,46,94,,1420,14795,1635,17850,80,29200,,29,34,37,100,,,,,,,,,,,,,,,,,,,2803396,4772936,1091784,780875,558666,2803396,1023893,900,,,655159,198054,19916,,,-629539,,,,,515972,,,113979,,,,-515560,-13566,149642,,,,6565,142641,,,,,,142641,-658201,-658201,-515560,4665038,5756822,,5756822,-446020,6202842,7576332,-1373490,160828,-1212662,-1212662,744394,,103308
1403398,345372,WILSON PINES NURSING & REHAB CTR,403 CRESTVIEW AVE,WILSON,NC,27893,WILSON,99934,R,2022-10-01,2023-09-30,4,,5742,20824,7552,34118,125,45625,,116,53,196,365,,49.5,392.91,104.77,,107,35,134,276,,5742,20824,5494,32060,110,40150,,116,53,137,306,,,,,,,,,,,,,,,,,,,4187668,7851773,2531164,1859903,839785,4187668,1736314,19364,,,2545894,1142763,32424,,,2482711,,,,,983846,,,37509,,,,2520220,56908,308648,,,,18030,383586,,,,,,383586,2136634,2136634,2520220,9904529,12435693,,12435693,-24280,12459973,12039441,420532,215556,636088,636088,3086149,,202508
1403399,345395,PEAK RESOURCES - CHERRYVILLE,7615 DALLAS CHERRYVILLE HWY,CHERRYVILLE,NC,28021,GASTON,16740,U,2022-10-01,2023-09-30,4,,4045,13124,25614,42783,127,46355,,120,32,173,325,,33.71,410.13,95.52,,144,19,77,240,,4045,13124,7093,24262,70,25550,,120,32,102,254,,,,,,,,,,,,,,,,,,,4417069,6256923,1794741,1219772,741030,4417069,,1542126,,,575349,,,112175,,2229650,,5444,,20248,,116315,,74878,,13954004,13954004,16258532,200688,342506,15112,,,718725,1295843,,,,13399583,13399583,14695426,1563106,1563106,16258532,9465623,11260365,,11260365,-71026,11331391,10673992,657399,350800,1008199,1008199,2408307,,35273
1403446,345164,CHOWAN RIVER NURSING & REHAB CTR,1341 PARADISE ROAD,EDENTON,NC,27932,CHOWAN,99934,R,2022-10-01,2023-09-30,4,,2366,19041,4863,26270,130,47450,,55,33,88,176,,43.02,577,149.26,,63,13,91,167,,2366,19041,4863,26270,130,47450,,55,33,88,176,,,,,,,,,,,,,,,,,,,2881345,5752286,1385003,1013288,559503,2881345,1029710,22836,,,2165627,1233237,23263,,,7419994,,,,,885208,,,65472,,,,7485466,50355,161823,,,,758,212936,,,,,,212936,7272530,7272530,7485466,7361740,8746743,,8746743,-637637,9384380,8633631,750749,135833,886582,886582,1260336,,100169
1403448,345194,GLENFLORA,5701 FAYETTEVILLE RD.,LUMBERTON,NC,28360,ROBESON,99934,R,2022-10-01,2023-09-30,2,,1410,12861,5965,20236,72,26280,,44,39,36,119,,32.05,329.77,140.51,,53,32,29,114,,1410,12861,1466,15737,52,18980,,44,39,29,112,,,,,,,,,,,,,,,,,,,3054677,3111525,3514428,560601,562280,3054677,327118,1149233,,,927253,117358,26685,16762,,1962184,553747,,5013749,,,1440104,,3142736,1510449,,1510449,6615369,22781,693638,,,,57579,773998,,,,,,773998,5841371,5841371,6615369,4655849,8178849,,8178849,1930172,6248677,6166202,82475,321355,403830,403830,768249,,34717
1403450,345219,MAGNOLIA LANE NURSING & REHAB CTR,107 MAGNOLIA DR,MORGANTON,NC,28655,BURKE,25860,U,2022-10-01,2023-09-30,4,,992,12922,2924,16838,121,44165,,7,29,62,98,,141.71,445.59,171.82,,24,12,63,99,,992,12922,2924,16838,121,44165,,7,29,62,98,,,,,,,,,,,,,,,,,,,2488468,3681036,1137898,748609,452943,2488468,419799,926,,,1068980,541973,30003,500,,-4677891,,,,,985900,,,238522,,,,-4439369,45690,186072,,,,12294,244056,,,,,,244056,-4683425,-4683425,-4439369,5119846,6257744,,6257744,423554,5834190,6169504,-335314,157629,-177685,-177685,572288,,106500
1403451,345263,MACON VALLEY NURSING & REHAB CTR,3195 OLD MURPHY RD,FRANKLIN,NC,28734,MACON,99934,R,2022-10-01,2023-09-30,4,,2067,14769,4128,20964,200,73000,,59,29,62,150,,35.03,509.28,139.76,,71,11,73,155,,2067,14769,4128,20964,200,73000,,59,29,62,150,,,,,,,,,,,,,,,,,,,2395859,7575103,1445930,962168,451314,2395859,3112804,1873,,,807280,209006,44207,,,-1838375,,,,,1095073,,,57018,,,,-1781357,49700,183174,,,,10181,243055,,,,,,243055,-2024412,-2024412,-1781357,5566350,7012280,,7012280,-437731,7450011,9970962,-2520951,95280,-2425671,-2425671,1101613,,66343
1403452,345321,KERR LAKE NURSING & REHAB CTR,1245 PARK AVE,HENDERSON,NC,27536,VANCE,99934,R,2022-10-01,2023-09-30,4,,5127,15478,4993,25598,115,41975,,91,45,130,266,,56.34,343.96,96.23,,91,12,145,248,,5127,15478,4993,25598,92,33580,,91,45,130,266,,,,,,,,,,,,,,,,,,,3870641,5637868,2330903,1657921,648658,3870641,817404,3020,,,1352696,438531,38021,,4448,2287507,,,,,609842,,,161158,,,,2448665,44885,189333,,,,17152,251370,,,,,,251370,2197295,2197295,2448665,7204607,9535510,,9535510,-950457,10485967,9508509,977458,103438,1080896,1080896,2846776,,280920
1403499,345265,YANCEYVILLE REHAB & HEALTHCARE CENTE,1086 MAIN ST  NORTH,YANCEYVILLE,NC,27379,CASWELL,99934,R,2022-10-01,2023-09-30,4,,2291,38165,5759,46215,157,57305,,40,177,58,275,,57.28,215.62,168.05,,208,151,41,400,,2291,38165,5759,46215,157,57305,,40,177,58,275,,,,,,,,,,,,,,,,,,,4848322,7670549,1070184,1102752,662883,4848322,1701484,834653,,,2776664,265554,,32132,21978,3238648,,,,67725,,82970,,139491,,130604,130604,3508743,158468,306594,20730,,,162416,693595,,,,,1,693596,2815147,2815147,3508743,14470822,15541006,,15541006,547699,14993307,12518871,2474436,148,2474584,2474584,1353744,,168451
1403556,345262,HERTFORD REHABILITATION AND HEALTHCA,1300 DON JUAN ROAD,HERTFORD,NC,27944,PERQUIMANS,99934,R,2022-10-01,2023-09-30,4,,1939,16886,5263,24088,78,28470,,38,87,44,169,,51.03,194.09,142.53,,114,50,40,204,,1939,16886,5263,24088,78,28470,,38,87,44,169,,,,,,,,,,,,,,,,,,,2273140,5103830,635125,787621,372751,2273140,936233,-148938,,,1814840,14369,,63389,700,1685172,,,,30326,,63880,,82953,,64657,64657,1832782,244433,88824,5380,,,260500,619925,,,,,2,619927,1212855,1212855,1832782,8273838,8908963,,8908963,466818,8442145,7376970,1065175,1073,1066248,1066248,1140555,,101637
1403700,345229,PEAK RESOURCES - SHELBY,1101 N MORGAN STREET,SHELBY,NC,28150,CLEVELAND,99934,R,2022-10-01,2023-09-30,4,,2997,18392,4499,25888,100,36500,,62,87,124,273,,48.34,211.4,94.83,,116,60,96,272,,2997,18392,4499,25888,100,36500,,62,87,124,273,,,,,,,,,,,,,,,,,,,3206299,6143766,1785691,1245303,593554,3206299,,1298563,,,1141446,,,62711,,2502720,,,,722345,,214593,,201791,,7611275,7611275,10315786,326748,246982,11961,,,401996,1003570,,,,7308864,7308864,8312434,2003352,2003352,10315786,5717596,7503287,,7503287,-1606731,9110018,9350065,-240047,212475,-27572,-27572,1886098,,95552
1403701,345237,BARBOUR COURT NURSING & REHAB CTR,515 BARBOUR RD,SMITHFIELD,NC,27577,JOHNSTON,39580,U,2022-10-01,2023-09-30,4,,2333,39240,6639,48212,165,60225,,57,107,212,376,,40.93,366.73,128.22,,76,57,239,372,,2333,39240,6639,48212,165,60225,,57,107,212,376,,,,,,,,,,,,,,,,,,,5477280,10617837,2152763,1397483,968556,5477280,3761944,4181,,,1968681,842886,49443,,13825,-2275946,,,,,1360024,,,65592,,,,-2210354,72367,239024,,,,14741,326132,,,,,,326132,-2536486,-2536486,-2210354,12950032,15102021,,15102021,135040,14966981,16095117,-1128136,433161,-694975,-694975,1384512,,127872
1403702,345353,HIGHLAND HOUSE OF FAYETTEVILLE,1700 PAMALEE DRIVE,FAYETTEVILLE,NC,28303,CUMBERLAND,22180,U,2022-10-01,2023-09-30,5,,2061,18808,17352,38221,159,58035,,63,104,119,286,,32.71,180.85,99.5,,96,82,73,251,,2061,18808,4105,24974,106,38690,,63,104,84,251,,,,,,,,,,,,,,,,,,,3692792,7237736,1151961,937516,462049,3692792,1395759,-393757,,,1217794,131060,5038,74464,,1055132,,,,281870,230885,,,10706496,,,,11761628,25921,200357,48059,,,1039681,2736070,,,,10079111,10079111,12815181,-1053553,-1053553,11761628,9746482,10898393,,10898393,1023066,9875327,10930528,-1055201,5480,-1049721,-1049721,1153449,,33330
1403703,345448,MAPLE GROVE HEALTH & REHAB CTR,308 WEST MEADOWVIEW RD,GREENSBORO,NC,27406,GUILFORD,24660,U,2022-10-01,2023-09-30,4,,333,28477,9120,37930,250,91250,,4,71,87,162,,83.25,401.08,231.08,,13,76,94,183,,333,28477,8394,37204,210,76650,,4,71,86,161,,,,,,,,,,,,,,,,,,,4220687,10085492,1403291,834521,730135,4220687,3280947,5235,,,2517313,1430332,34773,,,-11689106,,,,,2332014,,,138408,,,,-11550698,128848,429269,,,,82,558199,,,,,,558199,-12108897,-12108897,-11550698,10255294,11658585,,11658585,96249,11562336,14306179,-2743843,286404,-2457439,-2457439,181975,,31658
1403704,345502,LAKE PARK NURSING & REHAB CENTER,3315 FAITH CHURCH RD,INDIAN TRAIL,NC,28079,UNION,16740,U,2022-10-01,2023-09-30,4,,1896,23798,8736,34430,120,43800,,61,51,144,256,,31.08,466.63,134.49,,91,25,151,267,,1896,23798,8736,34430,120,43800,,61,51,144,256,,,,,,,,,,,,,,,,,,,3871008,8860917,1957426,1176332,612686,3871008,3659041,13702,,,1903612,1017397,26235,6298,,4952203,,,,,645379,,,59476,,,,5011679,123128,210644,,,,37,333809,,,,,,333809,4677870,4677870,5011679,10008359,11965785,,11965785,-735714,12701499,12731925,-30426,182539,152113,152113,1126375,,80921
1403754,345264,STANLEY TOTAL LIVING CENTER,514 OLD MT HOLLY ROAD,STANLEY,NC,28164,GASTON,16740,U,2022-10-01,2023-09-30,2,,4214,13000,25599,42813,174,63510,,96,6,96,198,,43.9,2166.67,153.28,,106,5,70,181,,4214,13000,9764,26978,106,38690,,96,6,74,176,,,,,,,,,,,,,,,,,,,8453155,5229603,1573618,1407330,1211026,8453155,,954209,,,884822,,90419,37156,,1966606,522861,,17708713,,,2903250,,12543119,10190822,,10190822,24700547,351641,358459,23227,,248750,,982077,,,,,,982077,23718470,23718470,24700547,11285004,11889979,,11889979,,11889979,13682758,-1792779,1446597,-346182,-368254,2603513,,35365
1403756,345342,BIG ELM RETIREMENT AND NURSING CENTE,1285 WEST A STREET,KANNAPOLIS,NC,28081,ROWAN,16740,U,2022-10-01,2023-09-30,4,,4706,9054,17864,31624,146,53290,,63,26,126,215,,74.7,348.23,115.47,,44,2,35,81,,4706,9054,1135,14895,50,18250,,63,26,40,129,,,,,,,,,,,,,,,,,,,4336098,3868697,1750999,760340,679286,4336098,,2031,,,1943561,,25738,204108,,2175438,,,378644,,,371703,,317283,,952202,952202,3444923,1173749,210912,3149,,,962275,2350085,,196012,,,196012,2546097,898826,898826,3444923,6630900,6849970,,6849970,,6849970,8204795,-1354825,1133838,-220987,-223992,2632155,,470158
1403758,345400,SKYLAND CARE CENTER,193 ASHEVILLE HWY,SYLVA,NC,28779,JACKSON,99934,R,2022-10-01,2023-09-30,4,,5309,20337,6093,31739,94,34310,,115,40,135,290,,46.17,508.43,109.44,,124,8,99,231,,5309,20337,6093,31739,94,34310,,115,40,135,290,,,,,,,,,,,,,,,,,,,4575336,7067220,6268435,2157013,851468,4575336,1024478,820228,,,3359893,,33424,85297,,4298842,,,996847,,,612648,,968869,,1809739,1809739,7077450,1164345,147292,2631,,,1804006,3118274,,50471,,,50471,3168745,3908705,3908705,7077450,11099402,11983443,,11983443,,11983443,11642556,340887,1297348,1638235,1638235,2946479,,126921
1403759,345429,PEAK RESOURCES - PINELAKE,801 PINEHURST AVE,CARTHAGE,NC,28327,MOORE,99934,R,2022-10-01,2023-09-30,4,,2996,22443,8350,33789,110,40150,,78,123,187,388,,38.41,182.46,82.49,,135,100,133,368,,2996,22443,5494,30933,90,32850,,78,123,174,375,,,,,,,,,,,,,,,,,,,3416644,6943474,1910591,1396567,602631,3416644,,3056924,,,609814,,,18164,,3684902,,53032,,1143234,,399609,,906393,,13749806,13749806,18341101,246644,297134,12147,,,634762,1194171,,,,13265443,13265443,14459614,3881487,3881487,18341101,7771565,9682157,,9682157,-1412310,11094467,10360118,734349,348230,1082579,1082579,1782972,,177241
1403760,345487,CHERRY POINT BAY NRSG & REHAB CTR,110 MCCOTTER BLVD,HAVELOCK,NC,28532,CRAVEN,35100,U,2022-10-01,2023-09-30,4,,3636,11632,4477,19745,70,25550,,114,36,72,222,,31.89,323.11,88.94,,128,19,70,217,,3636,11632,4477,19745,70,25550,,114,36,72,222,,,,,,,,,,,,,,,,,,,2434771,4953651,1115537,868986,381095,2434771,1156659,2416,,,1628405,764981,28307,,-1419,1032020,,,,,626159,,,55993,,,,1088013,58511,189619,,,,125,248255,,,,,,248255,839758,839758,1088013,5627087,6742624,,6742624,-311381,7054005,7388422,-334417,160135,-174282,-174282,1801531,,97355
1403802,345013,PEAK RESOURCES - CHARLOTTE,3223 CENTRAL AVE,CHARLOTTE,NC,28205,MECKLENBURG,16740,U,2022-10-01,2023-09-30,4,,1100,31151,7456,39707,142,51830,,22,183,196,401,,50,170.22,99.02,,43,168,142,353,,1100,31151,7456,39707,142,51830,,22,183,196,401,,,,,,,,,,,,,,,,,,,3988242,8636670,1903900,1334098,785959,3988242,,1934627,,,1173598,,,239044,,4110714,,17445,,152424,,95495,,133310,,19290016,19290016,23534040,231048,279928,12016,,,863147,1412957,,,,18571620,18571620,19984577,3549463,3549463,23534040,9980146,11884045,,11884045,-1189601,13073646,12624912,448734,306690,755424,755424,673227,,55940
1403805,345072,CAROLINA RIVERS NURSING & REHAB CTR,1839 ONSLOW DR,JACKSONVILLE,NC,28540,ONSLOW,27340,U,2022-10-01,2023-09-30,4,,4842,19292,8976,33110,120,43800,,127,72,165,364,,38.13,267.94,90.96,,151,45,173,369,,4842,19292,8976,33110,120,43800,,127,72,165,364,,,,,,,,,,,,,,,,,,,4622186,7678298,2204204,1623355,767014,4622186,1705075,5626,,,1869092,613900,30414,,,-1889879,,,,,817808,,,39039,,,,-1850840,38570,239740,,,,5187,283497,,,,,,283497,-2134337,-2134337,-1850840,9450798,11655002,,11655002,158455,11496547,12300484,-803937,528121,-275816,-275816,2457244,,89863
1403806,345132,GREENHAVEN HEALTH & REHAB CTR,801 GREENHAVEN DRIVE,GREENSBORO,NC,27406,GUILFORD,24660,U,2022-10-01,2023-09-30,4,,1003,22855,5441,29299,120,43800,,19,59,89,167,,52.79,387.37,175.44,,47,35,86,168,,1003,22855,5441,29299,120,43800,,19,59,89,167,,,,,,,,,,,,,,,,,,,3343252,7144200,1353486,917654,479873,3343252,3002514,33574,,,1675222,822892,16231,750,,-7190607,,,,,433145,,,40941,,,,-7149666,131551,143321,,,,1798,276670,,,,,,276670,-7426336,-7426336,-7149666,8073631,9427117,,9427117,-420261,9847378,10487452,-640074,164128,-475946,-475946,600893,,80256
1403807,345142,UNIVERSITY PLACE NURSING & REHAB CTR,9200 GLENWATER DRIVE,CHARLOTTE,NC,28262,MECKLENBURG,16740,U,2022-10-01,2023-09-30,4,,1707,43960,8285,53952,217,79205,,26,86,110,222,,65.65,511.16,243.03,,39,54,130,223,,1707,43960,8285,53952,207,75555,,26,86,110,222,,,,,,,,,,,,,,,,,,,6148442,9227217,2113464,1368694,981269,6148442,2143143,1188,,,2716851,1232582,39684,897,,2556486,,,,,1303906,,,486478,,,,3042964,107314,302821,,,,46341,456476,,,,,,456476,2586488,2586488,3042964,14993053,17106517,,17106517,-65509,17172026,15375659,1796367,328192,2124559,2124559,1008001,,151161
1403809,345205,WESTWOOD HILLS NURSING & REHAB CTR,1016 FLETCHER STREET,WILKESBORO,NC,28697,WILKES,99934,R,2022-10-01,2023-09-30,4,,3347,27445,6408,37200,186,67890,,68,71,99,238,,49.22,386.55,156.6,,68,36,116,220,,3347,27445,4442,35234,176,64240,,68,71,86,225,,,,,,,,,,,,,,,,,,,4655510,6116055,1895285,1301958,855400,4655510,678836,9973,,,962843,75212,33423,769,,18238261,,,,,1267909,,,88786,,,,18327047,122128,255175,,,,18930,396233,,,,,,396233,17930814,17930814,18327047,10759554,12654839,,12654839,-347133,13001972,10771565,2230407,200554,2430961,2430961,1764799,,204921
1403810,345211,RIVERPOINT CREST NURSING & REHAB CTR,2600 OLD CHERRY POINT RD,NEW BERN,NC,28564,CRAVEN,35100,U,2022-10-01,2023-09-30,4,,3533,24788,8472,36793,123,44895,,64,56,75,195,,55.2,442.64,188.45,,99,25,52,176,,3533,24788,5789,34110,114,41610,,64,56,61,181,,,,,,,,,,,,,,,,,,,4214404,5958218,1749090,1171395,799751,4214404,618613,6200,,,1196850,477567,32053,,988,6306589,,,,,879985,,,97928,,,,6404517,-302670,339006,,,,62,36398,,,,,,36398,6368119,6368119,6404517,10418263,12167353,,12167353,97734,12069619,10172622,1896997,448870,2345867,2345867,1768400,,176678
1403811,345215,RIVER TRACE NURSING & REHAB CTR,250 LOVERS LANE,WASHINGTON,NC,27889,BEAUFORT,99934,R,2022-10-01,2023-09-30,4,,3549,32267,8583,44399,150,54750,,92,74,105,271,,38.58,436.04,161.04,,157,42,84,283,,3549,32267,5409,41225,140,51100,,92,74,90,256,,,,,,,,,,,,,,,,,,,3283675,9175935,2236879,1498670,543470,3283675,3390541,47329,,,1117964,466732,44280,,3624,15274171,,,,,1022444,,,18882,,,,15293053,-174451,251177,,,,3364,80090,,,,,,80090,15212963,15212963,15293053,11759715,13996594,,13996594,-1090664,15087258,12459610,2627648,192940,2820588,2820588,1932506,,149221
1403813,345217,PREMIER NURSING & REHAB CTR,225 WHITE STREET,JACKSONVILLE,NC,28546,ONSLOW,27340,U,2022-10-01,2023-09-30,4,,7217,33766,9378,50361,246,89790,,171,104,149,424,,42.2,324.67,118.75,,198,40,166,404,,7217,33766,9367,50350,239,87235,,171,104,149,424,,,,,,,,,,,,,,,,,,,7465914,9210744,2676428,1873377,1203175,7465914,855026,11212,,,3083086,1139342,47500,,11604,9566854,,,,,1581677,,,154544,,,,9721398,85284,310012,,,,18529,413825,,,,,,413825,9307573,9307573,9721398,13917983,16594411,,16594411,532605,16061806,16676658,-614852,624488,9636,9636,3548124,,320019
1403815,345226,PEAK RESOURCES - OUTER BANKS,430 W HEALTH CENTER DR,NAGS HEAD,NC,27959,DARE,99934,R,2022-10-01,2023-09-30,4,,3907,14975,7547,26429,126,45990,,108,100,114,322,,36.18,149.75,82.08,,179,71,133,383,,3907,14975,7547,26429,126,45990,,108,100,114,322,,,,,,,,,,,,,,,,,,,2851342,6092163,1864206,1220710,630839,2851342,,2427203,,,526864,,,191018,,3145085,,,,147980,,168727,,201645,,11951790,11951790,15298520,256279,201878,10168,,,539930,1005874,,,,11540936,11540936,12546810,2751710,2751710,15298520,6703434,8585355,,8585355,-1001804,9587159,8943505,643654,257265,900919,900919,2350042,,45636
1403821,345478,HARNETT WOODS NURSING & REHAB CTR,604 LUCAS RD,DUNN,NC,28334,HARNETT,99934,R,2022-10-01,2023-09-30,4,,1287,25081,6122,32490,100,36500,,28,65,75,168,,45.96,385.86,193.39,,44,36,85,165,,1287,25081,6122,32490,100,36500,,28,65,75,168,,,,,,,,,,,,,,,,,,,3279409,6728038,1539193,863986,757460,3279409,1961263,3047,,,777309,179104,14507,,9934,12327665,,,,,809437,,,37162,,,,12364827,27595,173304,,,,168,201067,,,,,,201067,12163760,12163760,12364827,8750247,10289440,,10289440,-650539,10939979,10007447,932532,180012,1112544,1112544,664427,,33724
1403881,345408,SOUTHPOINT REHABILITATION & HEALTHCA,6000 FAYETTTEVILLE RD,DURHAM,NC,27713,DURHAM,20500,U,2023-01-01,2023-09-30,4,,7431,14335,13933,35699,140,38220,,223,49,225,497,,33.32,292.55,71.83,,661,23,249,933,,7431,14335,13933,35699,140,38220,,223,49,225,497,,,,,,,,,,,,,,,,,,,4527061,8164119,2934009,2370109,651805,4527061,2160039,2203121,,,3574406,265855,,46257,3760,5147542,,,,11966,,66046,,137702,,108471,108471,5393715,572430,189099,16801,,,1138165,1943252,,,,42524,42524,1985776,3407939,3407939,5393715,15407029,18341038,,18341038,2228812,16112226,12691180,3421046,1121,3422167,3422165,4583368,,252349
1404056,345203,LCC OF BANNER ELK,185 NORWOOD HOLLOW ROAD,BANNER ELK,NC,28604,AVERY,99934,R,2023-01-01,2023-12-31,6,,2444,14007,8514,24965,118,43070,,55,86,126,267,,44.44,162.87,93.5,,92,63,96,251,,2444,14007,8514,24965,118,43070,,55,86,126,267,,,,,,,,,,,,,,,,,,,3764655,3794227,2457031,904781,719647,3764655,223336,859978,,,1143005,273269,,4085,,1709364,,,25511,893897,573802,,,477607,,1340074,1340074,3527045,201017,207587,39883,71365,,1285,521137,,1162083,,195799,1205698,1726835,1800210,1800210,3527045,6321585,8773534,,8773534,774912,7998622,7558882,439740,17979,457719,457719,1390117,,57694
1404057,345409,PEMBROKE CENTER,310 WARDELL DRIVE,PEMBROKE,NC,28372,ROBESON,99934,R,2023-01-01,2023-12-31,4,,1758,23520,1963,27241,84,30660,,36,120,62,218,,48.83,196,124.96,,43,83,84,210,,1758,23520,1963,27241,84,30660,,36,120,62,218,,,,,,,,,,,,,,,,,,,3119988,5279079,1540888,1014259,415981,3119988,1522494,7908,,,1329943,305159,31200,,,1037900,,11599,2816610,659890,286546,278398,,1780953,,,2413328,5232181,510654,,,,,471956,982610,1890181,,,,3328444,4311054,921127,921127,5232181,6139332,7679898,,7679898,-1598886,9278784,8399067,879717,41410,921127,921127,975220,,161503
1404214,345317,CLAYTON REHABILITATION AND HEALTHCAR,204 DAIRY ROAD,CLAYTON,NC,27520,JOHNSTON,39580,U,2022-10-01,2023-09-30,4,,4597,17878,6192,28667,90,32850,,105,72,195,372,,43.78,248.31,77.06,,329,35,14,378,,4597,17878,6192,28667,90,32850,,105,72,195,372,,,,,,,,,,,,,,,,,,,3559809,5684565,1550287,1618911,555135,3559809,967436,1008055,,,1443622,,20622,30683,24445,2654646,,,,8247,,36109,,98903,,73909,73909,2827458,213252,211167,12501,,,237923,690125,,54101,,,54102,744227,2083231,2083231,2827458,10874216,12424503,,12424503,1138530,11285973,9244374,2041599,137,2041736,2041733,2913667,,200970
1404283,345050,JACOBS CREEK NURSING & REHAB CTR,1721 BALD HILL LOOP,MADISON,NC,27025,ROCKINGHAM,24660,U,2022-10-01,2023-09-30,4,,1366,38955,6841,47162,170,62050,,24,73,85,182,,56.92,533.63,259.13,,31,46,109,186,,1366,38955,6841,47162,170,62050,,24,73,85,182,,,,,,,,,,,,,,,,,,,4962511,10578077,1847732,1105590,958356,4962511,4492043,6053,,,1423324,340425,38813,,,4334678,,,,,1488579,,,116359,,,,4451037,94946,280762,,,,3471,379179,,,,,,379179,4071858,4071858,4451037,12506140,14353872,,14353872,-664729,15018601,15540588,-521987,422188,-99799,-99799,808876,,92755
1404287,345144,PINE RIDGE HEALTH & REHAB CTR,706 PINEY WOOD RD,THOMASVILLE,NC,27360,DAVIDSON,49180,U,2022-10-01,2023-09-30,4,,694,22607,4956,28257,154,56210,,7,58,57,122,,99.14,389.78,228.73,,18,56,73,147,,694,22607,4604,27905,140,51100,,7,58,57,122,,,,,,,,,,,,,,,,,,,3361973,7193668,1104954,706057,567635,3361973,2027673,900,,,2183696,973366,17776,1910,,-1115559,,,,,1057709,,,117376,,,,-998183,76905,243196,,,,950,321051,,,,,,321051,-1319234,-1319234,-998183,7842524,8947478,,8947478,-490423,9437901,10555641,-1117740,274281,-843459,-843459,413061,,38810
1404288,345146,BETHANY WOODS NURSING & REHAB CTR,33426 OLD SALISBURY ROAD,ALBEMARLE,NC,28001,STANLY,99934,R,2022-10-01,2023-09-30,4,,2422,28797,6291,37510,190,69350,,52,85,99,236,,46.58,338.79,157.52,,59,75,109,243,,2422,28797,5010,36229,180,65700,,52,85,93,230,,,,,,,,,,,,,,,,,,,4472586,8905921,1999253,1289687,816061,4472586,3834183,472,,,1222968,402314,27628,1199,,2727879,,,,,1185900,,,53040,,,,2780919,149759,367544,,,,1650,518953,,,,,,518953,2261966,2261966,2780919,9823497,11822750,,11822750,266930,11555820,13378507,-1822687,588788,-1233899,-1233899,1296699,,140759
1404290,345156,HARMONY HALL NURSING & REHAB CTR,312 WARREN AVE,KINSTON,NC,28502,LENOIR,99934,R,2022-10-01,2023-09-30,4,,2831,29529,6718,39078,175,63875,,72,115,125,312,,39.32,256.77,125.25,,94,68,141,303,,2831,29529,6718,39078,175,63875,,72,115,125,312,,,,,,,,,,,,,,,,,,,4655940,6925501,1725779,1222704,812213,4655940,574846,3197,,,2366724,1065460,29732,,,4619506,,,,,1294098,,,119425,,,,4738931,91736,248405,,,,3109,343250,,,,,,343250,4395681,4395681,4738931,10193415,11919194,,11919194,-531883,12451077,11581441,869636,355689,1225325,1225325,1495964,,142722
1404291,345296,THE MARGATE HEALTH & REHAB CENTER,540 WAUGH ST.,JEFFERSON,NC,28640,ASHE,99934,R,2022-10-01,2023-09-30,4,,5850,24754,11195,41799,210,76650,,141,9,49,199,,41.49,2750.44,210.05,,114,12,109,235,,5850,24754,11195,41799,210,76650,,141,9,49,199,,,,,,,,,,,,,,,,,,,4307028,11067060,2800844,1465066,1080226,4307028,3303587,813840,,,2642180,310778,,,,3145242,,53125,,,526229,,,48363,,,,3193605,1189002,490231,44051,,,,1723284,,622790,,,622790,2346074,847531,847531,3193605,10651934,13459013,,13459013,-1936780,15395793,15374088,21705,78185,99890,99890,3339450,,63090
1404292,345354,PINEY GROVE NURSING & REHAB CTR,728 PINEY GROVE RD,KERNERSVILLE,NC,27284,FORSYTH,49180,U,2022-10-01,2023-09-30,4,,1616,18858,8759,29233,92,33580,,56,31,200,287,,28.86,608.32,101.86,,70,22,189,281,,1616,18858,8759,29233,92,33580,,56,31,200,287,,,,,,,,,,,,,,,,,,,3198082,6821197,1548503,1015489,581503,3198082,2543454,17118,,,1175174,470644,12454,,,665889,,,,,865812,,,79512,,,,745401,75140,202741,,,,315,278196,,,,,,278196,467205,467205,745401,9063175,10611678,,10611678,345352,10266326,10019279,247047,189868,436915,436915,959135,,31317
1404293,345513,TOWER NURSING & REHABILITATION CTR,3609 BOND STREET,RALEIGH,NC,27604,WAKE,39580,U,2022-10-01,2023-09-30,4,,2309,18576,6990,27875,186,67890,,44,47,140,231,,52.48,395.23,120.67,,57,26,152,235,,2309,18576,6990,27875,180,65700,,44,47,140,231,,,,,,,,,,,,,,,,,,,3889025,6225561,1685271,1100203,598106,3889025,1249961,625,,,2071471,1230037,19383,-180,5056,-9677527,,,,,1397697,,,142525,,,,-9535002,61873,300398,,,,3,362274,,,,,,362274,-9897276,-9897276,-9535002,7803693,9488964,,9488964,-698569,10187533,10114586,72947,207387,280334,280334,1397947,,121435
1404294,345555,HILLCREST RALEIGH AT CRABTREE VALLEY,3830 BULE RIDGE ROAD,RALEIGH,NC,27612,WAKE,39580,U,2022-10-01,2023-09-30,5,,13209,9410,13421,36040,134,48910,,441,35,480,956,,29.95,268.86,37.7,,552,21,457,1030,,13209,9410,13421,36040,134,48910,,441,35,480,956,,,,,,,,,,,,,,,,,,,6489889,9337747,7193863,4671594,898084,6489889,1508393,731371,2318379,,2552754,434719,,,,5173245,5158829,,10646128,,778349,,,13881285,,351493,351493,19406023,6650423,262350,,4731,,9896,6927400,9417321,,,10205,9427524,16354924,3051099,3051099,19406023,14278464,21472327,,21472327,5482727,15989600,15827636,161964,90471,252435,252435,7200736,,33987
1404295,345562,CLEAR CREEK NURSING AND REHAB CENTER,10506 CLEAR CREEK COMMERCE DR,MINT HALL,NC,28227,MECKLENBURG,16740,U,2022-10-01,2023-09-30,4,,2325,17565,10594,30484,120,43800,,48,47,162,257,,48.44,373.72,118.61,,64,27,175,266,,2325,17565,10594,30484,120,43800,,48,47,162,257,,,,,,,,,,,,,,,,,,,2940473,8619842,2381844,1528598,480501,2940473,3700891,1791,,,2299752,1047723,32802,2906,655,1666424,,,,,1528608,,,154020,,,,1820444,38847,239981,,,,259,279087,,,,,,279087,1541357,1541357,1820444,8788663,11170507,,11170507,-267723,11438230,11560315,-122085,282208,160123,160123,1316438,,134205
1404297,345569,SPRINGBROOK NURSING & REHAB CENTER,195 SPRINGBROOK AVE,CLAYTON,NC,27520,JOHNSTON,39580,U,2022-10-01,2023-09-30,4,,6722,16773,10624,34119,100,36500,,201,45,291,537,,33.44,372.73,63.54,,189,17,296,502,,6722,16773,10624,34119,100,36500,,201,45,291,537,,,,,,,,,,,,,,,,,,,4112475,10068145,3225085,2444353,682029,4112475,3273954,3145,,,2956409,1370337,21789,,-3856,-2077039,,,,,1610386,,,354065,,,,-1722974,-7598,305236,,,,29622,327260,,,,,,327260,-2050234,-2050234,-1722974,10954497,14179582,,14179582,99976,14079606,14180620,-101014,367921,266907,266907,3764139,,47192
1404671,345090,WESTCHESTER MANOR AT PROVIDENCE PLAC,1701 WESTCHESTER DRIVE  SUITE 400,HIGH POINT,NC,27262,GUILFORD,24660,U,2022-10-01,2023-09-30,2,,2808,21696,17793,42297,129,47085,,75,70,154,299,,37.44,309.94,141.46,,95,48,155,298,,2808,21696,17793,42297,129,47085,,75,70,154,299,,,,,,,,,,,,,,,,,,,4402896,11018429,3285294,1376034,822302,4402896,,4362500,,,1537981,245000,42670,102443,-28773,5831196,,,,28200,,,,,,,,5831196,578535,271458,,,,562051,1412044,,,,,,1412044,4419152,4419152,5831196,11942811,15216806,,15216806,-384581,15601387,15421325,180062,445418,625480,625480,1766699,1571,54403
1404676,345185,PREMIER LIVING & REHAB CENTER,106 CAMERON STREET,LAKE WACCAMAW,NC,28450,COLUMBUS,99934,R,2022-10-01,2023-09-30,5,,1800,12229,6432,20461,142,51830,,26,17,38,81,,69.23,719.35,226.5,,39,6,32,77,,1800,12229,4091,18120,127,46355,,26,17,37,80,,,,,,,,,,,,,,,,,,,3062688,4044786,2269997,989367,250527,3062688,,574402,,,1384418,,,91706,,2050526,,,382440,,1053460,,,486611,,,,2537137,77224,207295,,,,-7844,276675,,,,,,276675,2260462,2260462,2537137,5257635,7527632,,7527632,1182248,6345384,7107474,-762090,78487,-683603,-683603,970205,,137669
1404678,345341,SILVER BLUFF  INC.,100 SILVER BLUFF DRIVE,CANTON,NC,28716,HAYWOOD,11700,U,2022-10-01,2023-09-30,4,,3142,24921,9479,37542,144,52560,,106,50,186,342,,29.64,498.42,109.77,,130,12,193,335,,3142,24921,9479,37542,144,52560,,106,50,186,342,,,,,,,,,,,,,,,,,,,5197626,9636461,2263352,1249611,753273,5197626,1783751,3471429,,,-755539,,20585,97999,,2764797,,27685,,248930,,2737021,,209810,,48002,841358,3815965,326161,382756,,,,148539,857456,,760952,,,760952,1618408,2197557,2197557,3815965,10974606,14166611,,14166611,794878,13371733,14834087,-1462354,492408,-969946,-969946,1837521,,32450
1404681,345526,CAROLINA REHAB CTR OF BURKE,3647 MILLER BRIDGE ROAD,CONNELLY SPRINGS,NC,28612,BURKE,25860,U,2023-01-01,2023-12-31,5,,8696,12171,10446,31313,90,32850,,212,62,53,327,,41.02,196.31,95.76,,16,115,99,230,,8696,12171,10446,31313,90,32850,,212,62,53,327,,,,,,,,,,,,,,,,,,,5360640,8919674,6815625,2826688,633317,5360640,,230459,,,2088675,,,1016466,,3571857,,,,89774,,147422,,19676443,,,,23248300,1140076,101673,1257,1452511,,22708450,24492537,,,,,,24492537,-1244237,-1244237,23248300,13299734,20118042,,20118042,6634308,13483734,14280314,-796580,44952,-751628,-751628,5104280,,318766
1404683,345570,HUNTERSVILLE HEALTH & REHAB CENTER,13835 BOREN STREET,HUNTERSVILLE,NC,28078,MECKLENBURG,16740,U,2023-01-01,2023-12-31,5,,16440,5165,10164,31769,90,32850,,480,25,49,554,,34.25,206.6,57.34,,6,79,156,241,,16440,5165,10164,31769,90,32850,,480,25,49,554,,,,,,,,,,,,,,,,,,,7250492,8322424,8458149,3290138,790727,7250492,198095,105607,,,2909484,,,108834,72124,3450684,,,,48270,,120979,,15776635,,,,19227319,983851,173018,1672,2025335,,17033928,20700731,,,,,,20700731,-1473412,-1473412,19227319,16903328,25361551,,25361551,8489679,16871872,15572916,1298956,,1298956,1298956,10675575,,229747
1404784,345319,ELDERBERRY HEALTH CARE,415 ELDERBERRY LANE,MARSHALL,NC,28753,MADISON,11700,U,2022-10-01,2023-09-30,4,,1807,20373,9090,31270,100,36500,,35,19,19,73,,51.63,1072.26,402.43,,42,6,12,60,,1807,20373,3978,26158,80,29200,,35,19,11,65,,,,,,,,,,,,,,,,,,,2970305,6303279,3267146,1015119,370052,2970305,,1131785,,,378665,153436,52499,101984,275071,1786568,,,10486,861187,464867,,,635074,,8108447,8108447,10530089,308578,418863,19120,,,943776,1690337,,1948922,,786895,2735817,4426154,6103935,6103935,10530089,9998482,11987230,1278398,13265628,2831377,10434251,9273584,1160667,45762,1206429,1206429,981451,,125429
1404785,345330,THE GRAYBRIER NURSING & RETIREMENT C,116 LANE DRIVE,TRINITY,NC,27370,RANDOLPH,24660,U,2022-10-01,2023-09-30,4,,1102,22058,7707,30867,128,46720,,17,43,114,174,,64.82,512.98,177.4,,36,21,128,185,,1102,22058,7707,30867,128,46720,,17,43,114,174,,,,,,,,,,,,,,,,,,,3825858,5937502,1238014,814709,390834,3825858,387091,2252762,,,785939,,,15718,,3054419,148459,198000,4636255,,,1094157,,2059675,,158043,158043,5272137,363828,169226,,,,38764,571818,,,,,,571818,4700319,4700319,5272137,8110729,9349793,,9349793,-1017586,10367379,9763360,604019,254511,858530,858530,585862,,28687
1404787,345510,TARBORO CARE  LLC,911 WESTERN BOULEVARD,TARBORO,NC,27886,EDGECOMBE,40580,U,2022-10-01,2023-09-30,4,,2871,27636,3119,33626,118,43070,,46,79,55,180,,62.41,349.82,186.81,,62,48,64,174,,2871,27636,3119,33626,118,43070,,46,79,55,180,,,,,,,,,,,,,,,,,,,3711447,8338330,2047810,1408480,786366,3711447,2554410,1216084,,,1167711,127689,,,,2256106,,,5760,41170,,339958,,6907,,,,2263013,858772,428346,580,,,2987,2130395,,,,,,2130395,132618,132618,2263013,7624396,9671546,,9671546,-2101579,11773125,12049777,-276652,91390,-185262,-185262,1581836,,160669
1404789,345552,SHANNON GRAY REHABILITATION & RECOVE,2005 SHANNON GRAY COURT,JAMESTOWN,NC,27282,GUILFORD,24660,U,2022-10-01,2023-09-30,4,,1824,24239,8154,34217,150,54750,,44,76,154,274,,41.45,318.93,124.88,,67,73,182,322,,1824,24239,8154,34217,150,54750,,44,76,154,274,,,,,,,,,,,,,,,,,,,4499655,6556173,1897524,1172247,635817,4499655,534697,914616,,,1083285,,,23058,,2024137,537818,96462,8299678,,2121829,,,5449760,,1984,1984,7475881,474020,231595,,,,24147,729762,,4800000,,,4800000,5529762,1946119,1946119,7475881,8906299,10802215,,10802215,-710240,11512455,11055828,456627,235275,691902,691902,1015003,,77266
1404860,345036,ELIZABETH CITY HEALTH & REHABILITATI,1075 U.S. HIGHWAY 17 SOUTH,ELIZABETH CITY,NC,27909-7628,PASQUOTANK,99934,R,2023-01-01,2023-12-31,4,,12712,30969,9992,53673,170,62050,,385,91,242,718,,33.02,340.32,74.75,,480,55,219,754,,12712,30969,9992,53673,170,62050,,385,91,242,718,,,,,,,,,,,,,,,,,,,8224615,12492679,7192244,3919219,1226774,8224615,1956674,1056421,,,2129513,183967,,21972,,3408994,,68768,32494432,2927138,,1629796,,34310254,,102706,102706,37821954,528587,377795,92262,,,32020006,33663526,,,,,,33663526,4158428,4158428,37821954,17592840,24824703,,24824703,2016019,22808684,20717294,2091390,225774,2317164,2317164,8408580,,285113
1404861,345051,ANSON HEALTH AND REHABILITATION LLC,405 S. GREENE STREET,WADESBORO,NC,28170-2745,ANSON,16740,U,2023-01-01,2023-12-31,4,,2884,17158,6313,26355,95,34675,,57,45,103,205,,50.6,381.29,128.56,,80,40,99,219,,2884,17158,6313,26355,95,34675,,57,45,103,205,,,,,,,,,,,,,,,,,,,4029590,5960625,2753082,1580826,685821,4029590,814010,870100,,,837142,100560,,4225,,1740749,,24100,13122319,487590,,767991,,13208003,,,,14948752,296364,193339,39514,,,12316322,12851250,,,,,,12851250,2097502,2097502,14948752,7532676,10314283,,10314283,-400867,10715150,9990215,724935,260015,984950,984950,2045794,,140605
1404862,345137,ROCKY MOUNT HEALTH & REHABILITATION,3322 VILLAGE ROAD,ROCKY MOUNT,NC,27804,NASH,40580,U,2023-01-01,2023-12-31,4,,9492,16687,7502,33681,115,41975,,244,87,165,496,,38.9,191.8,63.82,,327,60,168,555,,9492,16687,4518,30697,100,36500,,244,87,150,481,,,,,,,,,,,,,,,,,,,4980223,8736283,5685543,3157879,622798,4980223,1555903,1240676,,,1002571,57004,,16917,,2459583,,68329,12600622,199482,,273385,,12280196,,,,14739779,373362,188530,58527,,,12510642,13130935,,,,,,13130935,1608844,1608844,14739779,11083156,16832871,,16832871,983723,15849148,13716506,2132642,228721,2361363,2361363,6652465,,376346
1404865,345206,MADISON HEALTH & REHAB,345 MANOR RD,MARS HILL,NC,28754-9778,MADISON,11700,U,2023-01-01,2023-12-31,4,,2928,20410,8228,31566,100,36500,,50,57,106,213,,58.56,358.07,148.2,,80,28,120,228,,2928,20410,8228,31566,100,36500,,50,57,106,213,,,,,,,,,,,,,,,,,,,3949903,7360731,3786581,2280821,689428,3949903,1267340,776211,,,1009841,95292,,14697,,1846989,,236245,13381859,1054204,,822071,,14227473,,,,16074462,334957,245880,46038,,,12535654,15029134,,,,,,15029134,1045328,1045328,16074462,10045220,13853517,,13853517,929327,12924190,11310634,1613556,36034,1649590,1649590,1859928,,143188
1404866,345255,CAROLINA CARE HEALTH AND REHABILITAT,111 HARRILSON RD,CHERRYVILLE,NC,28021-9541,GASTON,16740,U,2023-01-01,2023-12-31,4,,3852,23031,7882,34765,119,43435,,120,60,231,411,,32.1,383.85,82,,151,48,230,429,,3852,23031,6493,33376,107,39055,,120,60,227,407,,,,,,,,,,,,,,,,,,,5106719,8026995,4309122,2155948,1002927,5106719,1047094,1370723,,,1162535,95517,,8540,,2553090,,25013,15913638,1087697,,1762234,,16968991,,,,19522081,340912,506182,59318,,,15865652,16782017,,,,,,16782017,2740064,2740064,19522081,10416066,14756685,,14756685,141177,14615508,13133714,1481794,289939,1771733,1771733,2801675,,85755
1404873,345401,WILKESBORO HEALTH & REHABILITATION,204 OLD BRICKYARD ROAD,NORTH WILKESBORO,NC,28659,WILKES,99934,R,2023-01-01,2023-12-31,4,,5893,22699,10555,39147,130,47450,,152,67,232,451,,38.77,338.79,80.82,,191,47,197,435,,5893,22699,5190,33782,111,40515,,152,67,199,418,,,,,,,,,,,,,,,,,,,5625770,10135176,5184773,3135714,969329,5625770,1733348,1027668,,,1341030,71801,,7528,,2408261,,8888,31277402,167023,,561122,,29800536,,16285,16285,32225082,383324,313790,59245,,,31040445,31813348,,,,,,31813348,411734,411734,32225082,11368685,16595850,,16595850,124419,16471431,15760946,710485,197385,907870,907870,3833074,,87359
1404874,345405,CHARLOTTE HEALTH CARE CENTER,1735 TODDVILLE ROAD,CHARLOTTE,NC,28214,MECKLENBURG,16740,U,2023-01-01,2023-12-31,5,,4517,17774,8922,31213,90,32850,,99,93,46,238,,45.63,191.12,131.15,,16,126,63,205,,4517,17774,8922,31213,90,32850,,99,93,46,238,,,,,,,,,,,,,,,,,,,5469276,8354415,4836424,2474410,651985,5469276,62244,562759,,,2276148,,,49433,28049,3349325,,,,143841,,193212,,15570619,,,,18919944,960312,105174,1345,802519,,18050893,19423816,,,,,,19423816,-503872,-503872,18919944,12463257,17301985,,17301985,4664256,12637729,13823691,-1185962,195846,-990116,-990116,2909154,,205433
1404876,345419,LEXINGTON HEALTH CARE CENTER,17 CORNELIA STREET,LEXINGTON,NC,27292,DAVIDSON,49180,U,2023-01-01,2023-12-31,5,,3885,18634,9873,32392,100,36500,,114,89,41,244,,34.08,209.37,126.76,,5,134,59,198,,3885,18634,8283,30802,90,32850,,114,89,40,243,,,,,,,,,,,,,,,,,,,4897136,7537370,4101415,1698178,495444,4897136,527709,480958,,,1249183,28705,,391535,24229,2388058,,,,94135,,118717,,12487031,,,,14875089,1133355,102120,1226,-88598,,14041055,13955476,,,,,,13955476,919613,919613,14875089,12227769,16334173,,16334173,3914781,12419392,12434506,-15114,183296,168182,168182,2537230,,178593
1404877,345493,HENDERSONVILLE HEALTH & REHAB,104 COLLEGE DRIVE,FLAT ROCK,NC,28731,HENDERSON,11700,U,2023-01-01,2023-12-31,4,,6556,23044,4150,33750,130,47450,,171,53,116,340,,38.34,434.79,99.26,,212,36,111,359,,6556,23044,4150,33750,130,47450,,171,53,116,340,,,,,,,,,,,,,,,,,,,5347115,7419475,3940614,2234148,840394,5347115,1205773,6438701,,,1028236,51680,,27486,,7480561,,56893,11243818,919655,,775737,,10712271,,,,18192832,405869,290395,54608,,,9883585,10661920,,,,,,10661920,7530912,7530912,18192832,11268526,15246528,,15246528,322870,14923658,12766590,2157068,66308,2223376,2223376,4412220,,32652
1404878,345534,SANFORD HEALTH AND REHABILITATION,2702 FARRELL ROAD,SANFORD,NC,27330,LEE,99934,R,2023-01-01,2023-12-31,4,,2271,22356,5170,29797,131,47815,,60,74,118,252,,37.85,302.11,118.24,,105,61,130,296,,2271,22356,5170,29797,131,47815,,60,74,118,252,,,,,,,,,,,,,,,,,,,5203264,7930964,2322447,1254796,850708,5203264,699363,301560,,,945478,80914,,3620,,1248826,,303590,7428755,467015,,616435,,7345371,,,,8594197,326495,166889,68763,,,6235796,9571876,,,,,,9571876,-977679,-977679,8594197,7854918,10206079,,10206079,-735397,10941476,13134228,-2192752,27904,-2164848,-2164848,1435434,,70476
1405196,345204,STONECREEK HEALTH & REHAB,455 VICTORIA RD,ASHEVILLE,NC,28801,BUNCOMBE,11700,U,2023-01-01,2023-12-31,4,,4368,22532,6685,33585,120,43800,,96,59,127,282,,45.5,381.9,119.1,,140,24,132,296,,4368,22532,6685,33585,120,43800,,96,59,127,282,,,,,,,,,,,,,,,,,,,4624488,7512373,3764283,2025370,748230,4624488,1103298,1061679,,,980313,70204,,27301,,2129735,,111804,23613691,193695,,862898,,21983940,,,,24113675,348617,268495,47831,,,21773262,22459174,,,,,,22459174,1654501,1654501,24113675,10436651,14247626,,14247626,697987,13549639,12136861,1412778,2757,1415535,1415535,2765228,,128575
1405292,345008,MYERS PARK NURSING (CITADEL MYERS PA,300 PROVIDENCE ROAD,CHARLOTTE,NC,28207-1420,MECKLENBURG,16740,U,2023-01-01,2023-12-31,4,,433,27108,4042,31583,133,48545,,9,114,42,165,,48.11,237.79,191.41,,12,90,42,144,,433,27108,4042,31583,133,48545,,9,114,42,165,,,,,,,,,,,,,,,,,,,2738258,7963031,603619,790114,349604,2738258,2055668,5562,,,1528222,,,622063,,579436,,,,3424213,210639,57348,,2936364,,273293,293552,3809352,975947,75300,1292,,,50409,1102948,,,,19306,19306,1122254,2687098,2687098,3809352,9765685,10502029,,10502029,151814,10350215,10701289,-351074,20272,-330802,-330802,233804,,109960
1405293,345110,AUTUMN CARE OF WAYNESVILLE,360 OLD BALSAM ROAD,WAYNESVILLE,NC,28786-8097,HAYWOOD,11700,U,2023-01-01,2023-12-31,4,,4150,18838,8518,31506,100,36500,,109,89,133,331,,38.07,211.66,87.84,,139,40,130,309,,4150,18838,5296,28284,90,32850,,109,89,124,322,,,,,,,,,,,,,,,,,,,4669289,5234644,3236126,1335672,589900,4669289,960489,16921,,,1088301,141456,,21638,,985404,,,,257426,,204414,,285637,,,1835734,3106775,361238,175196,31874,,,438,568746,,,,,,568746,2538029,2538029,3106775,7102001,10482945,,10482945,-634612,11117557,9903933,1213624,768,1214392,1214392,2341725,,101981
1405294,345269,AUTUMN CARE OF SALISBURY,1505 BRINGLE FERRY ROAD,SALISBURY,NC,28146-4776,ROWAN,16740,U,2023-01-01,2023-12-31,4,,2535,18748,13001,34284,100,36500,,74,49,179,302,,34.26,382.61,113.88,,100,19,173,292,,2535,18748,12313,33596,97,35405,,74,49,172,295,,,,,,,,,,,,,,,,,,,5176609,5618216,2977602,1273398,754593,5176609,745383,41174,,,1374301,262989,,23307,,1175793,,,,199995,,274630,,270125,,,2253628,3699546,342679,201735,29260,,,-9725,563949,,,,,,563949,3135597,3135597,3699546,9320766,12639817,,12639817,606599,12033218,10794825,1238393,5348,1243741,1243741,1580972,,36103
1405295,345294,AUTUMN CARE OF SHALLOTTE,237 MULBERRY STREET,SHALLOTTE,NC,28470-4471,BRUNSWICK,34820,U,2023-01-01,2023-12-31,4,,2529,22777,10589,35895,110,40150,,105,76,213,394,,24.09,299.7,93.02,,143,26,172,341,,2529,22777,8462,33768,100,36500,,105,76,182,363,,,,,,,,,,,,,,,,,,,5491553,5535526,3030282,1107274,779683,5491553,744023,28429,,,1234741,198350,,22688,,1087508,,,,236703,,281394,,306320,,,1493935,2887763,246659,211008,35607,,,1549,494823,,,,,,494823,2392940,2392940,2887763,8516327,11821684,,11821684,-130352,11952036,11027079,924957,3609,928566,928566,1505866,,47374
1405296,345531,NC STATE VETERANS NSG HM SALISBURY,1601 BRENNER AVENUE  BLDG 10,SALISBURY,NC,28145,ROWAN,16740,U,2023-07-01,2024-06-30,10,,1670,11544,16569,29783,99,36234,,14,11,64,89,,119.29,1049.45,334.64,,30,7,56,93,,1670,11544,16569,29783,99,36234,,14,11,64,89,,,,,,,,,,,,,,,,,,,6988765,17414596,1902672,1523842,880465,6988765,429366,160844,,,2922946,,,8836,9746,3102372,,,10463722,,,989309,568397,7282183,,,,10384555,700410,830294,,,,398071,1928775,,,,,,1928775,8455780,8455780,10384555,6890003,8792675,,8792675,-2483762,11276437,24403361,-13126924,2994,-13123930,-1091626,988457,,33147
1405564,345392,WADESBORO HEALTH & REHAB CENTER,2051 COUNTRY CLUB ROAD,WADESBORO,NC,28170-3203,ANSON,16740,U,2023-01-01,2023-12-31,4,,1390,15957,4361,21708,66,24090,,30,33,98,161,,46.33,483.55,134.83,,38,37,88,163,,1390,15957,4361,21708,66,24090,,30,33,98,161,,,,,,,,,,,,,,,,,,,3002332,3211509,1514914,642180,451877,3002332,393848,70368,,,745512,128067,,8280,,696093,,,,88552,,142091,,150409,,,6882205,7728707,322482,111637,18110,,,8341,460570,,,,,,460570,7268137,7268137,7728707,4914108,6531018,,6531018,-778901,7309919,6213841,1096078,5881,1101959,1101959,875062,,43229
1405653,345343,GOLDSBORO REHABILITATION AND HEALTHC,1700 WAYNE MEMORIAL,GOLDSBORO,NC,27530,WAYNE,24140,U,2022-10-01,2023-09-30,4,,7977,26070,7897,41944,120,43800,,225,92,66,383,,35.45,283.37,109.51,,540,45,31,616,,7977,26070,7897,41944,120,43800,,225,92,66,383,,,,,,,,,,,,,,,,,,,5172426,7377324,2115919,2063719,788421,5172426,517908,1635876,,,2769218,,320404,37885,11489,6392722,,,,106395,,65330,,164897,,104901,104901,6662520,1174032,188478,10630,,,202072,1613525,,-3065,,,-3063,1610462,5052058,5052058,6662520,16817449,18933368,,18933368,1612670,17320698,12549750,4770948,2091,4773039,4773039,5197359,,230379
1405912,345339,WINDSOR REHABILITATION & HEALTHCARE,1306 SOUTH KING STREET,WINDSOR,NC,27983,BERTIE,99934,R,2023-01-01,2023-09-30,4,,2047,11463,2095,15605,82,22386,,38,74,72,184,,53.87,154.91,84.81,,72,61,87,220,,2047,11463,2095,15605,82,22386,,38,74,72,184,,,,,,,,,,,,,,,,,,,1389768,3783630,602536,674221,241509,1389768,1040097,151022,,,1424613,105557,,39058,,895482,,,,,27320,38316,,63888,,63533,63533,1022903,185841,90782,4156,,,155112,463593,,,,,1,463594,559309,559309,1022903,5502300,6104836,,6104836,363105,5741731,5173398,568333,250,568583,568583,1184716,,119874
1405991,345201,EASTOVER NURSING (PH CHARLOTTE),2616 EAST 5TH STREET,CHARLOTTE,NC,28204-4343,MECKLENBURG,16740,U,2023-01-01,2023-12-31,4,,829,22996,2331,26156,120,43800,,19,104,41,164,,43.63,221.12,159.49,,35,79,45,159,,829,22996,2331,26156,120,43800,,19,104,41,164,,,,,,,,,,,,,,,,,,,2080345,8550267,750653,916947,329792,2080345,3624650,-42271,,,956032,,,609654,,1068383,,4754,,413784,326895,62887,,503569,,247011,269971,1841923,1738441,48028,2666,,,61650,1850785,,,,46479,46479,1897264,-55341,-55341,1841923,8306669,9176271,,9176271,129940,9046331,10630612,-1584281,-3635,-1587916,-1587916,502265,,76091
1405992,345225,6103 SIGNATURE HEALTHCARE OF CHAPEL,1602 E FRANKLIN STREET,CHAPEL HILL,NC,27514-2885,ORANGE,20500,U,2023-01-01,2023-12-31,5,,3377,21245,8010,32632,108,39420,,82,107,273,462,,41.18,198.55,70.63,,119,69,276,464,,3377,21245,8010,32632,108,39420,,82,107,273,462,,,,,,,,,,,,,,,,,,,3948918,7403612,3544381,1705289,459054,4620467,1277739,-109746,,,1748806,208047,9766,25671,65012,1498701,,26815,,1082713,,349996,,1432060,,20027,20027,2950788,703134,267978,,17960,32964,14711,917557,,,,360375,360375,1277932,1672856,1672856,2950788,9003028,12547409,,12547409,1278948,11268461,11352530,-84069,384350,300281,300281,2114387,,141049
1405993,345236,AUGUST HEALTHCARE AT WILMINGTON,820 WELLINGTON AVENUE,WILMINGTON,NC,28401,NEW HANOVER,48900,U,2023-01-01,2023-12-31,4,,2393,23759,6650,32802,120,43800,,47,90,110,247,,50.91,263.99,132.8,,70,90,101,261,,2393,23759,6650,32802,120,43800,,47,90,110,247,,,,,,,,,,,,,,,,,,,3694916,9046579,1102802,1094183,358141,3694916,,23233,,,2079960,113232,,20350,-320935,1689376,,,5523,,,94722,,87493,,35267,35267,1812136,740082,97932,,,,2098143,2936157,,-14973,,,-14973,2921184,-1109048,-1109048,1812136,11305112,12407914,,12407914,740213,11667701,12741495,-1073794,5810,-1067984,-1067986,1343197,,133732
1405994,345318,BRUNSWICK COVE LIVING CENTER  LLC,1478 RIVER ROAD,WINNABOW,NC,28479,BRUNSWICK,34820,U,2022-10-01,2023-09-30,6,,2373,30116,15120,47609,215,78475,,48,45,97,190,,49.44,669.24,209.58,,91,52,84,227,,2373,30116,4816,37305,175,63875,,48,45,85,178,,,,,,,,,,,,,,,,,,,5315064,7212633,1068218,1079838,971758,5315064,,-60161,,,951449,249000,,-19084,,758064,,,123319,,371509,,,100362,,,,858426,943605,244213,,,,-1275497,-87679,,,,,,-87679,946105,946105,858426,11794545,12855151,,12855151,762255,12092896,12527697,-434801,74027,-360774,-360774,1289550,,97674
1405995,345336,6106 SIGNATURE HEALTHCARE OF ROANOKE,305 E 14TH STREET,ROANOKE RAPIDS,NC,27870-4430,HALIFAX,99934,R,2023-01-01,2023-12-31,5,,2562,20452,3475,26489,108,39420,,75,55,145,275,,34.16,371.85,96.32,,92,23,158,273,,2562,20452,3475,26489,108,39420,,75,55,145,275,,,,,,,,,,,,,,,,,,,2706052,7792453,2461767,1396109,413867,3143641,1289132,-90787,,,1230020,203796,11741,32436,26090,1030761,,14127,,1096116,,344426,,217995,,1534456,1534456,2783212,593435,189215,,10216,,362174,7754008,,,,943618,943618,8697626,-5914414,-5914414,2783212,8044879,10504903,1743,10506646,1690848,8815798,10498505,-1682707,374302,-1308405,-1308405,1475942,,127697
1405996,345396,SMOKY MOUNTAIN HEALTH & REHAB CTR,1349 CRABTREE ROAD,WAYNESVILLE,NC,28785,HAYWOOD,11700,U,2022-10-01,2023-09-30,4,,2755,6681,4008,13444,50,18250,,57,14,39,110,,48.33,477.21,122.22,,60,3,46,109,,2755,6681,4008,13444,50,18250,,57,14,39,110,,,,,,,,,,,,,,,,,,,1795189,2902174,1051362,793536,303979,1795189,666032,2282,,,448629,61233,16617,,6412,1774758,,,,,308703,,,42102,,,,1816860,22386,123578,,,,324,146288,,,,,,146288,1670572,1670572,1816860,3952131,4996564,,4996564,-81365,5077929,4697363,380566,47101,427667,427667,1448974,,89109
1405998,345507,AUTUMN CARE OF MYRTLE GROVE,5725 CAROLINA BEACH ROAD,WILMINGTON,NC,28412-2611,NEW HANOVER,48900,U,2023-01-01,2023-12-31,4,,2761,14797,17238,34796,110,40150,,125,64,235,424,,22.09,231.2,72.8,,160,32,217,409,,2761,14797,10979,28537,90,32850,,125,64,203,392,,,,,,,,,,,,,,,,,,,4640474,6844221,2604763,1029111,576159,4640474,2179890,30705,,,1878531,260589,,23718,,1727276,,,,460706,,436813,,557788,,,963795,3248859,468524,169074,30651,,,1192,669441,,,,,,669441,2579418,2579418,3248859,8385413,11061150,,11061150,-1005745,12066895,11484695,582200,3351,585551,585551,1715185,,51582
1406000,345553,AUTUMN CARE OF FAYETTEVILLE LLC,1401 71ST SCHOOL ROAD,FAYETTEVILLE,NC,28314-2814,CUMBERLAND,22180,U,2023-01-01,2023-12-31,4,,1485,18902,9636,30023,90,32850,,62,73,198,333,,23.95,258.93,90.16,,84,44,202,330,,1485,18902,9636,30023,90,32850,,62,73,198,333,,,,,,,,,,,,,,,,,,,4578841,4934434,2150692,926012,617009,4578841,539250,9774,,,1297513,238103,,12418,,1124359,,,,223985,,272452,,279456,,18000,1369433,2773248,319041,154438,26052,,,553,500084,,,,,,500084,2273164,2273164,2773248,6803073,9190950,,9190950,-1476217,10667167,9513275,1153892,7525,1161417,1161417,834532,,39904
1406063,345045,THE FOLEY CENTER,621 CHESTNUT RIDGE PARKWAY,BLOWING ROCK,NC,28605,WATAUGA,99934,R,2022-10-01,2023-09-30,4,,3658,11593,14041,29292,112,40880,,113,19,165,297,,32.37,610.16,87.55,,104,10,166,280,,3658,11593,7863,23114,92,33580,,113,19,132,264,,,,,,,,,,,,,,,,,,,3980838,8517511,1426517,1439674,782028,3980838,2838450,152195,,,613627,75600,52831,106350,50,4051516,,,,,263276,,,9113230,,,,13164746,102473,370819,46115,,,512042,8337296,,,,9198362,9198362,17535658,-4370912,-4370912,13164746,10036420,11462937,,11462937,1326432,10136505,12498349,-2361844,697996,-1663848,-1663848,1996055,,52366
1406064,345048,REGENCY CARE OF BLACK MOUNTAIN LLC,611 OLD HWY 70E,BLACK MOUNTAIN,NC,28711,BUNCOMBE,11700,U,2022-10-01,2023-09-30,6,,3814,20103,8448,32365,100,36500,,70,52,149,271,,54.49,386.6,118.38,,105,28,135,268,,3814,20103,8046,31963,97,35405,,70,52,148,270,,,,,,,,,,,,,,,,,,,3965320,6835570,4217288,1438904,935333,3965320,1383833,265209,,,1605373,122279,14539,-82312,,1680530,,,,377619,208586,125373,,313713,,-9226,1819588,3813831,1071315,370280,,,,,1474559,,,,,,1474559,2339272,2339272,3813831,9627549,13885237,,13885237,3153859,10731378,10800890,-69512,2585013,2515501,2515501,1940493,,58017
1406065,345358,LCNRC OF FRANKLIN COUNTY  LLC,202 SMOKETREE WAY,LOUISBURG,NC,28337,FRANKLIN,39580,U,2022-10-01,2023-09-30,4,,1798,17300,22150,41248,152,55480,,45,85,213,343,,39.96,203.53,100.2,,60,69,156,285,,1798,17300,7055,26153,92,33580,,45,85,131,261,,,,,,,,,,,,,,,,,,,3990146,5114718,1053720,1076955,611476,3990146,331529,1783113,,,1374766,277563,16203,10597,,8195496,,6050,,257320,135456,,,336576,,,,8532072,-27193,370005,15578,,,1061957,5486720,,,,,,5486720,3045352,3045352,8532072,9238340,10885289,,10885289,1057955,9827334,9104864,722470,136748,859218,859218,1021684,,111824
1406066,345367,GOLDEN YEARS NURSING HOME,7348 NORTH WEST STREET,FALCON,NC,28342,CUMBERLAND,22180,U,2022-10-01,2023-09-30,4,,474,14140,1717,16331,58,21170,,15,57,43,115,,31.6,248.07,142.01,,20,44,53,117,,474,14140,1717,16331,58,21170,,15,57,43,115,,,,,,,,,,,,,,,,,,,2173794,2775799,378966,429899,352720,2173794,215824,4546147,,,524884,54297,38729,25525,550,5667683,,,,102650,239485,,,158916,,,,5826599,12413,325691,28311,,,457095,1934989,,,,,,1934989,3891610,3891610,5826599,5373653,5752620,,5752620,384336,5368284,4949593,418691,191993,610684,610684,274336,,34388
1406067,345425,FAIR HAVEN NURSING HOME,149 FAIRHAVEN DRIVE,BOSTIC,NC,28018,RUTHERFORD,99934,R,2022-10-01,2023-09-30,4,,2036,5246,13966,21248,67,24455,,67,10,75,152,,30.39,524.6,89.86,,68,8,41,117,,2036,5246,2693,9975,30,10950,,67,10,34,111,,,,,,,,,,,,,,,,,,,3050594,2045044,2664872,647062,484331,3050594,,718182,,,315262,,17066,,,1054260,5448,164600,1735766,,697646,,,639950,,3579,535564,2229774,90726,208295,30649,,,,329670,1087493,,,-1614,1085879,1415549,814225,814225,2229774,4274403,6939274,,6939274,1744343,5194931,5095638,99293,1146259,1245552,1245552,1148187,,29749
1406068,345468,LIBERTY COMMONS NURSING & REHAB CTR,121 RACINE DR,WILMINGTON,NC,28403,NEW HANOVER,48900,U,2022-10-01,2023-09-30,4,,4563,16614,13462,34639,122,44530,,113,58,158,329,,40.38,286.45,89.27,,159,44,129,332,,4563,16614,6229,27406,82,29930,,113,58,136,307,,,,,,,,,,,,,,,,,,,4389781,6334786,2002207,1563224,595791,4389781,1211295,-4173350,,,1096379,103899,44337,45004,1605,335240,203053,79872,,6368554,1287236,,,3499942,,43064,43064,3878246,21250,451196,18144,297105,9512,-5206634,-2823300,,6245549,,,6245549,3422249,455997,455997,3878246,11448589,13450796,,13450796,1841522,11609274,10724567,884707,127857,1012564,1012564,2651729,,156112
1406276,345359,AHOSKIE HEALTH AND REHABILITATION,604 STOKES STREET EAST,AHOSKIE,NC,27910-1006,HERTFORD,99934,R,2023-01-01,2023-12-31,4,,1552,34094,4932,40578,151,55115,,32,138,110,280,,48,247,145,,54,86,120,260,,1552,34094,4932,40578,151,55115,,32,138,110,280,,,,,,,,,,,,,,,,,,,3832463,9744855,1104742,1093093,378092,3832463,,176615,,,1939522,395130,,34972,-9488,1746491,,,25633,,,80244,,97079,,144206,144206,1987776,2513482,98722,,,,-662474,1949730,,-9415,,,-9410,1940320,47456,47456,1987776,12800098,13904840,,13904840,462317,13442523,13577318,-134795,910,-133885,-133885,858269,,355851
1406277,345365,6105 SIGNATURE HEALTHCARE OF KINSTON,907 CUNNINGHAM ROAD,KINSTON,NC,28501-1825,LENOIR,99934,R,2023-01-01,2023-12-31,5,,3557,21223,5084,29864,106,38690,,109,184,200,493,,33,115,61,,186,123,201,510,,3557,21223,5084,29864,106,38690,,109,184,200,493,,,,,,,,,,,,,,,,,,,3035928,8113061,2438622,1570287,423787,3496235,1872539,-74843,,,1491178,177714,3347,22601,39840,1334799,,57765,,643483,,393563,,268469,,20915,20915,1624183,752497,186618,,11183,281688,256363,2547179,,,,368983,368983,2916162,-1291979,-1291979,1624183,8879287,11317909,,11317909,1341550,9976359,11148989,-1172630,353151,-819479,-819479,2088648,,224926
1406975,345126,MOUNT OLIVE CENTER,228 SMITH CHAPEL ROAD,MOUNT OLIVE,NC,28365,WAYNE,24140,U,2023-01-01,2023-12-31,4,,2903,38214,2997,44114,150,54750,,54,193,115,362,,54,198,122,,87,129,163,379,,2903,38214,2997,44114,150,54750,,54,193,115,362,,,,,,,,,,,,,,,,,,,3848859,10420821,1304693,1188202,485221,3848859,3969829,6528,,,1687992,198716,48835,20395,14344,1515614,,16990,13464495,1086556,606486,531985,,12282723,,,-195830,13602507,913021,,,,,490374,1403395,14373353,,,,11873124,13276519,325988,325988,13602507,14374415,15685651,,15685651,1146307,14539344,14269680,269664,56324,325988,325988,1815162,,196622
1407062,345163,GLENBRIDGE HEALTH AND REHABILITATION,211 MILTON BROWN HEIRS ROAD,BOONE,NC,28607,WATAUGA,99934,R,2023-07-01,2024-06-30,4,,3700,15978,13719,33397,134,49044,,99,20,97,216,,37,799,155,,91,9,144,244,,3700,15978,13719,33397,134,49044,,99,20,97,216,,,,,,,,,,,,,,,,,,,4610254,7087690,1710761,1102064,538171,4610254,447328,749663,,,1569968,107794,,98130,,2235116,,,,100731,,14347386,,14484218,,231651,231651,16950985,544138,170348,3746,,,1678298,2137272,,14872720,,,14872720,17009992,-59007,-59007,16950985,10124206,11837397,,11837397,168588,11668809,11697944,-29135,2207,-26928,-26928,2142163,,62114
1407273,345002,CYPRESS POINTE REHABILITATION CENTER,2006 SOUTH 16TH STREET,WILMINGTON,NC,28401-6613,NEW HANOVER,48900,U,2023-01-01,2023-12-31,4,,5376,15737,8307,29420,90,32850,,150,40,220,410,,36,393,72,,185,19,223,427,,5376,15737,8307,29420,90,32850,,150,40,220,410,,,,,,,,,,,,,,,,,,,4581538,4384439,3924844,1680064,512458,4581538,,2442,,,1877095,294373,,148202,1863,1479424,,,,338716,372651,,,308571,,1938897,1938897,3726892,102992,312576,,755467,,12222,1208270,,1057433,,,1057433,2265703,1461189,1461189,3726892,9399709,13324401,,13324401,2130298,11194103,8965977,2228126,11695,2239821,2239821,3292455,,253222
1407381,345182,PRUITTHEALTH - CRYSTAL COAST  LLC,468 HIGHWAY 70,SEALEVEL,NC,28577,CARTERET,99934,R,2023-07-01,2024-06-30,6,,1905,18965,2451,23321,104,38064,,53,24,49,126,,36,790,185,,57,6,42,105,,1905,18965,2451,23321,104,38064,,53,24,49,126,,,,,,,,,,,,,,,,,,,3374264,5278220,919899,1156444,486512,3374264,,26182,,,560689,47479,,9571,,-7458784,,,,112035,187281,576766,,322075,,2110998,2110998,-5025711,194173,425469,19144,,,-18501,620285,,,,,,620285,-5645996,-5645996,-5025711,7064990,7984889,,7984889,230781,7754108,8652484,-898376,-3064,-901440,-901440,1060765,,60917
1407382,345233,DEER PARK HEALTH AND REHABILITATION,306 DEER PARK ROAD,NEBO,NC,28761,MC DOWELL,99934,R,2023-07-01,2024-06-30,4,,3919,28487,5207,37613,128,46848,,51,86,67,204,,77,331,184,,34,24,112,170,,3919,28487,5207,37613,128,46848,,51,86,67,204,,,,,,,,,,,,,,,,,,,4580542,9885001,3065364,1555980,637282,4580542,1679574,563667,,,2398314,274273,,140640,,2795819,,,,99371,,191765,,333960,,16542934,16542934,19672713,2213513,199813,8606,,,1367235,4377646,,16855673,,,16855673,21233319,-1560606,-1560606,19672713,12076357,15141721,,15141721,1338425,13803296,14465543,-662247,2935,-659312,-659312,2315822,,603445
1407383,345432,ASHEVILLE HEALTH AND REHABILITATION,213 RICHMOND HILL DRIVE,ASHEVILLE,NC,29906,BUNCOMBE,11700,U,2023-09-08,2024-06-30,1,,2417,8793,19310,30520,150,44550,,39,28,67,134,,62,314,197,,49,9,47,105,,2417,8793,9256,20466,100,29700,,39,28,37,104,,,,,,,,,,,,,,,,,,,3895084,5312580,1792154,875397,398000,3895084,653602,112685,,,1400102,57834,,41171,,1454984,,,,70491,,138256,,190216,,363351,363351,2008551,759149,153584,6512,,,948855,1909390,,-2149,,,-2149,1907241,101310,101310,2008551,8929007,10720856,,10720856,1511405,9209451,9207664,1787,23703,25490,25490,1428033,,51616
1407547,345049,RALEIGH REHABILITATION CENTER,616 WADE AVENUE,RALEIGH,NC,27605-1237,WAKE,39580,U,2023-01-01,2023-12-31,4,,4689,30130,11497,46316,157,57305,,98,98,221,417,,48,307,111,,142,53,234,429,,4689,30130,11497,46316,157,57305,,98,98,221,417,,,,,,,,,,,,,,,,,,,6197617,9811838,4034061,1743454,700403,6197617,1935362,2069,,,2816896,752208,,245406,1012,1809934,,,,670005,686758,,,689318,,4713194,4713194,7212446,566015,327159,,1807412,,47895,2963022,,2529848,,,2529848,5492870,1719576,1719576,7212446,14842534,18914580,,18914580,3139033,15775547,16009455,-233908,7385,-226523,-226523,2884797,,353306
1407548,345053,PETTIGREW REHABILITATION CENTER,1515 WEST PETTIGREW STREET,DURHAM,NC,27705-4899,DURHAM,20500,U,2023-01-01,2023-12-31,4,,2607,19027,7178,28812,96,35040,,57,91,128,276,,46,209,104,,84,55,145,284,,2607,19027,7178,28812,96,35040,,57,91,128,276,,,,,,,,,,,,,,,,,,,4178550,5067925,2647787,1407514,464904,4178550,757722,2479,,,1712967,467925,,40016,232,1480535,,,,535717,296132,,,497803,,1425801,1425801,3404139,379187,178089,,575783,,12478,1205891,,805928,,,805928,2011819,1392320,1392320,3404139,9193533,11841320,,11841320,1949139,9892181,9246475,645706,2919,648625,648625,1636498,,209271
1407549,345077,SUNNYBROOK REHABILITATION CENTER,25 SUNNYBROOK ROAD,RALEIGH,NC,27610-1894,WAKE,39580,U,2023-01-01,2023-12-31,4,,5575,16944,8500,31019,95,34675,,199,65,263,527,,28,261,59,,226,38,281,545,,5575,16944,8500,31019,95,34675,,199,65,263,527,,,,,,,,,,,,,,,,,,,5128289,5860879,4138314,1786295,590983,5128289,532310,1521,,,1869294,428044,,243271,1076,1496419,,,,438046,387744,,,382411,,3191477,3191477,5070307,260812,270048,,1258252,,12439,1819507,,1761185,,,1761185,3580692,1489615,1489615,5070307,10394821,14573376,,14573376,2719637,11853739,10989168,864571,13677,878248,878248,3298235,,165260
1407550,345104,ZEBULON REHABILITATION CENTER,509 WEST GANNON AVENUE,ZEBULON,NC,27597-2509,WAKE,39580,U,2023-01-01,2023-12-31,4,,4389,10592,5226,20207,60,21900,,119,44,133,296,,37,241,68,,136,17,152,305,,4389,10592,5226,20207,60,21900,,119,44,133,296,,,,,,,,,,,,,,,,,,,3340109,3723114,2802326,1094264,422291,3340109,177976,2114,,,1157449,111430,,130149,517,1092311,,,,308045,283743,,,320967,,2114784,2114784,3528062,101573,207382,,814344,,3921,1154351,,1139842,,,1139842,2294193,1233869,1233869,3528062,6995431,9797758,,9797758,1696219,8101539,7063223,1038316,11265,1049581,1049581,2800919,,214694
1407551,345254,MONROE REHABILITATION CENTER,1212 SUNSET DRIVE,MONROE,NC,28112,UNION,16740,U,2023-01-01,2023-12-31,4,,2068,32595,6133,40796,147,53655,,48,70,66,184,,43,466,222,,81,39,89,209,,2068,32595,6133,40796,147,53655,,48,70,66,184,,,,,,,,,,,,,,,,,,,5150764,7050609,2733960,1405018,611979,5150764,1590638,6397,,,2566659,556203,,135844,866,1923805,,,,662957,522616,,,622766,,1554475,1554475,4101046,363258,288356,,585563,,12885,1325724,,819616,,,819616,2145340,1955706,1955706,4101046,12480951,15286298,,15286298,1671644,13614654,12201373,1413281,8364,1421645,1421645,1227977,,86051
1407552,345260,ROCKY MOUNT REHABILITATION CENTER,160 WINSTEAD AVENUE,ROCKY MOUNT,NC,27804-3452,NASH,40580,U,2023-01-01,2023-12-31,4,,3989,28315,7153,39457,117,42705,,104,73,155,332,,38,388,119,,127,54,180,361,,3989,28315,7153,39457,117,42705,,104,73,155,332,,,,,,,,,,,,,,,,,,,5121084,7269644,2814896,1371001,593435,5121084,1118852,3098,,,2825753,730405,,239335,1887,1752167,,,,663526,480918,,,552228,,4152147,4152147,6456542,241562,321710,,1620535,,20628,2270651,,2268275,,,2268275,4538926,1917616,1917616,6456542,12886845,15808707,,15808707,2320389,13488318,12390728,1097590,7838,1105428,1105428,2251084,,333212
1408383,345159,LINCOLNTON REHABILITATION CENTER,1410 EAST GASTON STREET,LINCOLNTON,NC,28092,LINCOLN,16740,U,2023-01-01,2023-12-31,4,,4002,27355,6664,38021,120,43800,,80,72,177,329,,50,380,116,,119,47,205,371,,4002,27355,6664,38021,120,43800,,80,72,177,329,,,,,,,,,,,,,,,,,,,5610709,5819924,4068529,1592459,689326,5610709,729603,3892,,,2089674,158396,,104839,310,2174955,,,,316168,305642,,,254644,,2021119,2021119,4450718,233308,322926,,693130,,11745,1281441,,970179,,,970179,2251620,2199098,2199098,4450718,12724586,16793400,,16793400,2222146,14571254,11430633,3140621,5262,3145883,3145883,2726531,,211573
1408715,345014,LINDEN PLACE NURSING AND REHAB,1201 CAROLINA STREET,GREENSBORO,NC,27401,GUILFORD,24660,U,2023-01-01,2023-12-31,4,,1020,23630,7152,31802,105,38325,,24,109,137,270,,42,217,118,,32,94,151,277,,1020,23630,7152,31802,105,38325,,24,109,137,270,,,,,,,,,,,,,,,,,,,2552814,8171007,604575,702697,308288,2552814,,-45743,,,3013681,,,-378710,,3628941,,,,304720,407779,91438,,450696,,360052,382182,4461819,1607325,87796,4496,,,44807,1783630,,,,51721,51721,1835351,2626468,2626468,4461819,9758968,10515209,,10515209,310991,10204218,10723821,-519603,32238,-487365,-487365,608681,,51208
1409687,345332,WILSON HEALTHCARE & REHAB CENTER,2501 DOWNING ST,WILSON,NC,27895,WILSON,99934,R,2022-10-01,2023-09-30,4,,3505,19139,8115,30759,99,36135,,71,64,52,187,,49,299,164,,227,41,29,297,,3505,19139,8115,30759,99,36135,,71,64,52,187,,,,,,,,,,,,,,,,,,,3397357,6267799,1142255,1147072,526310,3397357,1304318,126892,,,2699653,208403,,29133,,2607393,,,,16017,,50394,,107623,,108416,108416,2823432,243576,264165,17339,,,326535,871526,,,,30231,30231,901757,1921675,1921675,2823432,10929065,12071320,,12071320,731671,11339649,9665156,1674493,3406,1677899,1677898,2055286,,174943
1410426,345134,RANDOLPH GARDENS (PH RANDOLPH),4801 RANDOLPH ROAD,CHARLOTTE,NC,28211-2921,MECKLENBURG,16740,U,2023-01-01,2023-12-31,5,,714,21783,5540,28037,100,36500,,18,100,102,220,,40,218,127,,25,76,117,218,,714,21783,5540,28037,100,36500,,18,100,102,220,,,,,,,,,,,,,,,,,,,2386435,6849919,753725,833093,281033,2386435,2201644,52258,,,2070598,,,228041,,3371718,,,,111462,200211,68947,,225127,,341299,353428,3950273,1539040,52136,3680,,,35113,1624332,,,,76998,76998,1701330,2248943,2248943,3950273,8473600,9368993,,9368993,296749,9072244,9236354,-164110,-1255,-165365,-165365,411703,,141301
1410427,345227,CYRESS VALLEY CENTER FOR NURSING AND,543 MAPLE AVENUE,REIDSVILLE,NC,27320-4627,ROCKINGHAM,24660,U,2023-01-01,2023-12-31,5,,1477,27719,5943,35139,110,40150,,34,148,152,334,,43,187,105,,40,118,172,330,,1477,27719,5943,35139,110,40150,,34,148,152,334,,,,,,,,,,,,,,,,,,,2784136,8915842,907140,1114249,400731,2784136,3111160,-6574,,,2218980,,,932130,,3024688,,,,702207,348336,71566,,849230,,468986,481772,4355690,-262769,89828,6474,,,117245,-49222,,,,78848,78848,29626,4326064,4326064,4355690,11188732,12262256,,12262256,349269,11912987,11699978,213009,40520,253529,253529,900062,,123333
1411547,345172,MERIDIAN CENTER,707 N ELM STREET,HIGH POINT,NC,27262,GUILFORD,24660,U,2023-01-01,2023-12-31,4,,1506,52240,6591,60337,199,72635,,39,220,219,478,,39,237,126,,60,125,299,484,,1506,52240,6591,60337,199,72635,,39,220,219,478,,,,,,,,,,,,,,,,,,,4925654,14419625,2658646,1835311,644905,4925654,6570350,19523,,,2919744,571236,114284,,,2461252,,252310,22130466,2716436,803829,1166104,,19386620,,,250890,22098762,1568707,,,,,677045,2245752,19068649,,,,19787245,22032997,65765,65765,22098762,22250540,24909817,,24909817,5549051,19360766,19345279,15487,50278,65765,65765,889207,,70498
1412736,345070,DURHAM OPERATIONS LLC,411 S LASALLE ST,DURHAM,NC,27705,DURHAM,20500,U,2023-01-01,2023-12-31,5,,2969,25704,3934,32607,126,45990,,38,112,61,211,,78,230,155,,68,62,72,202,,2969,25704,3934,32607,126,45990,,38,112,61,211,,,,,,,,,,,,,,,,,,,3583045,6122422,2599351,1100866,437267,3583045,,375058,,,1475524,108258,,44762,269465,6156798,,,,215111,,412519,,258825,,,,6415623,587122,218622,,,,97280,903024,,,,,,903024,5729115,5729115,6632139,10941560,13689314,,13689314,2305909,11383405,9705467,1677938,3451,1681389,1681389,1795755,,359490
1413541,345143,SILER CITY CENTER,900 W DOLPHIN STREET,SILER CITY,NC,27344,CHATHAM,20500,U,2023-01-01,2023-12-31,4,,1119,42263,7559,50941,150,54750,,37,125,101,263,,30,338,194,,47,70,139,256,,1119,42263,7559,50941,150,54750,,37,125,101,263,,,,,,,,,,,,,,,,,,,4794541,9104436,1792272,1120223,603235,4794541,4029513,5350,,,1658331,126803,63422,10685,13334,1629752,,26162,10985608,484325,707159,590035,,10008496,,,7100888,18739136,773056,,,,,270735,1043791,14393936,,,,16782766,17826557,912579,912579,18739136,18627526,20420582,,20420582,5686403,14734179,13898977,835202,77377,912579,912579,648201,,68900
1413882,345130,CONCORD REHABILITATION AND NURSING C,515 LAKE CONCORD ROAD NE,CONCORD,NC,28025-2925,CABARRUS,16740,U,2023-01-01,2023-12-31,5,,1507,27562,7224,36293,120,43800,,41,127,124,292,,37,217,124,,51,99,134,284,,1507,27562,7224,36293,120,43800,,41,127,124,292,,,,,,,,,,,,,,,,,,,5122108,7514587,822403,988358,525416,5122108,1518926,-53005,,,2045557,,,1053842,,-1666677,,167534,,1999884,325135,75668,,2184869,,363289,375418,893610,-718165,127208,8790,,,14064,-568103,,,,47562,47562,-520541,1414151,1414151,893610,11221581,12246161,,12246161,351283,11894878,12636695,-741817,835,-740982,-740982,898422,,139228
1413883,345133,RIDGE VALLEY CENTER FOR NURSING AND,1000 COLLEGE STREET,WILKESBORO,NC,28697-2732,WILKES,99934,R,2023-01-01,2023-12-31,5,,1489,21462,8237,31188,120,43800,,30,160,193,383,,50,134,81,,54,123,198,375,,1489,21462,8237,31188,120,43800,,30,160,193,383,,,,,,,,,,,,,,,,,,,3265242,9148485,864889,1061175,388669,3265242,2890701,3976,,,2289046,,,614142,,2907076,,,,1249998,273653,69855,,1252796,,439540,451669,4611541,3138255,93294,7992,,,66349,3305890,,,,24541,24541,3330431,1281110,1281110,4611541,9867879,10732768,,10732768,295287,10437481,12413727,-1976246,1410,-1974836,-1974836,854839,,108952
1414250,345187,GRACE HEIGHTS HEALTH & REHABILITATIO,109 FOOTHILLS DRIVE,MORGANTON,NC,28655,BURKE,25860,U,2023-01-01,2023-12-31,4,,4948,21776,8600,35324,120,43800,,145,55,230,430,,34,396,82,,173,88,230,491,,4948,21776,8600,35324,120,43800,,145,55,230,430,,,,,,,,,,,,,,,,,,,5355140,7295006,4577747,2118557,895667,5355140,1119593,1518895,,,1121033,38547,,3605,,2602625,,,6701718,539407,,435984,,6677179,,,,9279804,356198,269889,59136,,,5990575,6675482,,,,,,6675482,2604322,2604322,9279804,10639880,15227203,,15227203,848746,14378457,12650146,1728311,30235,1758546,1758546,3320973,,104408
1414253,345377,EAST CAROLINA REHAB & WELLNESS,2575 WEST 5TH STREET,GREENVILLE,NC,24780,PITT,24780,U,2022-10-01,2023-09-30,6,,1927,17471,10166,29564,150,54750,,45,79,89,213,,43,221,114,,74,84,80,238,,1927,17471,4038,23436,130,47450,,45,79,81,205,,,,,,,,,,,,,,,,,,,4409580,3853628,895018,938690,581266,4409580,,-7978,,,718101,115000,,-9764,,599676,,,19590,,167783,,,57599,,,,657275,726998,202680,,,,-809289,120389,,,,,,120389,536886,536886,657275,7823697,8718715,,8718715,755125,7963590,8263208,-299618,19728,-279890,-279890,1083755,,151829
1414254,345420,ALAMANCE HEALTH CARE CENTER,1987 HILTON ROAD,BURLINGTON,NC,27217,ALAMANCE,15500,U,2023-01-01,2023-12-31,4,,1830,40277,7131,49238,180,65700,,27,78,14,119,,68,516,414,,1,101,17,119,,1830,40277,7131,49238,180,65700,,27,78,14,119,,,,,,,,,,,,,,,,,,,8014482,10114647,3280070,1518210,791171,8014482,402986,118457,,,2488472,53344,,373738,52662,3303679,,,,66505,,158757,,16821285,,,,20124964,3667209,202862,1859,-858476,,17884782,22810658,,,,,,22810658,-2685694,-2685694,20124964,15211946,18517084,,18517084,3007833,15509251,18129129,-2619878,622084,-1997794,-1997794,1110549,,127975
1414255,345446,COLLEGE PINES HEALTH & REHABILITATIO,95 LOCUST ST,CONNELLY SPRINGS,NC,28612,BURKE,25860,U,2023-01-01,2023-12-31,4,,6929,17932,8763,33624,104,37960,,152,48,141,341,,46,374,98,,183,29,142,354,,6929,17932,8427,33288,100,36500,,152,48,140,340,,,,,,,,,,,,,,,,,,,5175432,7576320,4772259,2325790,1230488,5175432,1292841,1503266,,,999801,68463,,7170,,2435958,,28719,4107891,675372,,857901,,4542334,,,,6978292,439600,323720,55133,,,3236237,4065477,,,,,,4065477,2912815,2912815,6978292,10378515,15156900,,15156900,980428,14176472,12751752,1424720,5732,1430452,1430452,4628376,,150530
1414256,345457,BELAIRE HEALTH CARE CENTER,2065 LYON STREET,GASTONIA,NC,28052,GASTON,16740,U,2023-01-01,2023-12-31,5,,7607,10373,9491,27471,80,29200,,223,126,115,464,,34,82,59,,1,241,220,462,,7607,10373,9491,27471,80,29200,,223,126,115,464,,,,,,,,,,,,,,,,,,,4836255,8728264,5432361,2373524,579303,4836255,146135,440375,,,1909001,,,854233,-12390,3479049,,,,99852,,162792,,17476875,,,,20955924,950596,139432,1293,1514361,,20504659,20552637,,,,,,20552637,403287,403287,20955924,12483040,17915601,,17915601,5274145,12641456,13564519,-923063,,-923063,-923063,5083651,,333734
1414258,345460,GUILFORD HEALTH CARE CENTER,2041 WILLOW ROAD,GREENSBORO,NC,27406,GUILFORD,24660,U,2023-01-01,2023-12-31,5,,4142,22740,10312,37194,110,40150,,90,108,49,247,,46,211,151,,6,150,68,224,,4142,22740,10312,37194,110,40150,,90,108,49,247,,,,,,,,,,,,,,,,,,,5572574,9601070,4666255,1763505,593664,5572574,856095,322280,,,2174675,,,57928,-7128,2996263,,,,62443,,104167,,17107627,,,,20103890,1538049,131714,1331,1162976,,19313453,19576143,,,,,,19576143,527747,527747,20103890,13979858,18647149,,18647149,4464688,14182461,15173644,-991183,316814,-674369,-674369,2615525,,234660
1414259,345505,CAROLINA REHAB CTR OF CUMBERLAND,4600 CUMBERLAND ROAD,FAYETTEVILLE,NC,28306,CUMBERLAND,22180,U,2023-01-01,2023-12-31,5,,9648,27412,10422,47482,136,49640,,267,193,72,532,,36,142,89,,5,354,133,492,,9648,27412,10422,47482,136,49640,,267,193,72,532,,,,,,,,,,,,,,,,,,,6920565,11586695,6687229,2854864,729039,6920565,33468,586907,,,2557608,19405,,54607,64669,3774820,,,,413187,,190707,,28613392,,,,32388212,800670,133691,1571,2078482,,32470205,33875192,,,,,,33875192,-1486980,-1486980,32388212,18874497,25575033,,25575033,6521127,19053906,18507260,546646,458372,1005018,1005018,5663217,,387909
1414260,345548,ASHTON HEALTH AND REHAB,5533 BURLINGTON ROAD,MCLEANSVILLE,NC,27301,GUILFORD,24660,U,2023-01-01,2023-12-31,4,,3041,21508,8984,33533,134,48910,,67,42,195,304,,45,512,110,,101,119,210,430,,3041,21508,8984,33533,134,48910,,67,42,195,304,,,,,,,,,,,,,,,,,,,5008677,7318768,3929182,1761001,806708,5008677,852808,712966,,,1122952,155484,,5233,,1746945,,,18351526,70645,,1622650,,18471965,,,,20218910,338707,162699,65159,,,18333578,19103522,,,,,,19103522,1115388,1115388,20218910,10605032,14626590,,14626590,2164760,12461830,12327445,134385,314726,449111,449111,1923381,,57066
1415921,345197,WILLOW RIDGE HEALTHCARE,237 TRYON ROAD,RUTHERFORD,NC,28139,RUTHERFORD,99934,R,2023-01-01,2023-12-31,5,,3544,33567,4145,41256,136,49640,,56,103,120,279,,63,326,148,,109,121,124,354,,3544,33567,4145,41256,136,49640,,56,103,120,279,,,,,,,,,,,,,,,,,,,3289472,10199273,1362906,1397891,448525,3289472,3509234,458753,,,3183740,16000,,110922,,3717769,,144850,,518565,400368,,,760204,,7712291,16480858,20958831,571840,130770,,308360,,66566,1077536,,7603527,,,7603527,8681063,12277768,12277768,20958831,13936362,15299268,,15299268,687726,14611542,13488745,1122797,6098,1128895,1128895,2110162,,389216
1415922,345415,PINEVILLE HEALTHCARE,1010 LAKEVIEW DRIVE,PINEVILLE,NC,28134,MECKLENBURG,16740,U,2023-01-01,2023-12-31,5,,3098,13556,9779,26433,106,38690,,104,72,339,515,,30,188,51,,146,70,344,560,,3098,13556,9779,26433,106,38690,,104,72,339,515,,,,,,,,,,,,,,,,,,,3195164,7695962,1735204,1743932,480984,3195164,2029971,507925,,,1955300,12000,,28844,,2473709,,2330,,2252921,256862,,,1460919,,,3777314,7711942,1137770,177172,,8075,,117511,1440528,,2260,,,2260,1442788,6269154,6269154,7711942,10199615,11934819,,11934819,1272567,10662252,10891126,-228874,193523,-35351,-35351,1969025,,184604
1415923,345434,CARVER HEALTHCARE,321 E. CARVER STREET,DURHAM,NC,27704,DURHAM,20500,U,2023-01-01,2023-12-31,5,,3772,52617,10405,66794,232,84680,,57,208,248,513,,66,253,130,,119,199,261,579,,3772,52617,10405,66794,232,84680,,57,208,248,513,,,,,,,,,,,,,,,,,,,7886959,12805418,2282799,2162580,1057439,7886959,3422869,1182204,,,4389694,15000,,85063,,5510500,,274784,,2689198,554726,,,2952535,,13075369,21913811,30376846,1370512,407978,,492393,,143733,2414616,,12163394,,,12163394,14578010,15798836,15798836,30376846,21510341,23793140,,23793140,1133218,22659922,20692377,1967545,34675,2002220,2002220,2461611,,515463
1415924,345458,TREYBURN REHABILITATION CENTER,2059 TORREDGE ROAD,DURHAM,NC,27712,DURHAM,20500,U,2023-01-01,2023-12-31,4,,3564,28943,8483,40990,132,48180,,102,69,224,395,,35,419,104,,118,34,259,411,,3564,28943,8483,40990,132,48180,,102,69,224,395,,,,,,,,,,,,,,,,,,,5215933,7476925,3826690,1471509,640686,5215933,1422065,3972,,,2312666,720838,,98596,378,2103177,,,,587721,494446,,,486409,,3317505,3317505,5907091,518756,242561,,1021393,,20365,1923711,,2241850,,,2241850,4165561,1741530,1741530,5907091,12676099,16565603,,16565603,2445062,14120541,12692858,1427683,22126,1449809,1449809,2150816,,179365
1416760,345228,RIDGEWOOD HEALTHCARE,1624 HIGHLAND DRIVE,WASHINGTON,NC,27889,BEAUFORT,99934,R,2023-01-01,2023-12-31,5,,6853,26488,7611,40952,128,46720,,182,124,176,482,,38,214,85,,245,137,172,554,,6853,26488,7611,40952,128,46720,,182,124,176,482,,,,,,,,,,,,,,,,,,,4647517,7527218,1650353,1694236,739526,4647517,953779,1234606,,,2230228,17000,,70513,,3546558,,9050,,1727983,209486,,,1102225,,5930100,16718980,21367763,461217,239823,,381784,,97287,1180111,,5548316,,,5548316,6728427,14639336,14639336,21367763,14348853,15999206,,15999206,968154,15031052,12174735,2856317,3838,2860155,2860155,3874293,,211994
1416762,345312,GREENS AT HENDERSONVILLE,1870 PISGAH DRIVE,HENDERSONVILLE,NC,28791,HENDERSON,11700,U,2023-01-01,2023-12-31,4,,3732,19678,5611,29021,120,43800,,61,70,226,357,,61,281,81,,99,72,230,401,,3732,19678,5611,29021,120,43800,,61,70,226,357,,,,,,,,,,,,,,,,,,,1860871,10083947,1636670,1610632,350353,1860871,4624500,119351,,,1828409,,,40987,,1988747,,4100,,224140,175363,,,364975,,,84701,2438423,757211,154246,,,,80692,992149,,9754,,,2365155,3357304,-918881,-918881,2438423,10403483,12040153,,12040153,973909,11066244,11944818,-878574,8426,-870148,-870148,2150518,,377308
1418083,345102,MAGGIE VALLEY OPERATIONS LLC,75 FISHER LOOP,MAGGIE VALLEY,NC,27705,HAYWOOD,11700,U,2023-01-01,2023-12-31,5,,5807,21400,6148,33355,114,41610,,122,98,173,393,,48,218,85,,141,62,193,396,,5807,21400,6148,33355,114,41610,,122,98,173,393,,,,,,,,,,,,,,,,,,,3635349,7923064,3247874,1353762,564445,3635349,,1643503,,,1815544,233605,,812741,33544,5271460,,,,12398,,363431,,150675,,,,5422135,925251,276835,,,,440138,1642224,,,,,,1642224,3779911,3779911,5422135,10745199,14021387,,14021387,1442476,12578911,11558413,1020498,5537,1026035,1026035,3203316,,307918
1418084,345129,DAVIE NURSING & REHABILITATION CENTE,498 MADISON ROAD,MOCKSVILLE,NC,27028,DAVIE,49180,U,2023-01-01,2023-12-31,4,,2722,20713,12190,35625,108,39420,,89,109,248,446,,31,190,74,,111,38,271,420,,2722,20713,8152,31587,96,35040,,89,109,226,424,,,,,,,,,,,,,,,,,,,5287807,5822430,3922179,1566242,638888,5287807,869653,13067,,,1628804,289525,,22120,,1374466,,,,46961,,165616,,96701,,561,1655405,3126572,371738,250177,37615,,,1084,660614,,,,,,660614,2465958,2465958,3126572,9032990,13139030,,13139030,630408,12508622,11110237,1398385,3553,1401938,1401938,1726184,,25855
1419080,345044,ST JOSEPH OF THE PINES,100 GOSSMAN DRIVE,SOUTHERN PINES,NC,28374,MOORE,99934,R,2023-07-01,2024-06-30,1,,6753,5623,13544,25920,176,64416,,228,3,270,501,,30,1874,52,,238,,246,484,,6753,5623,13544,25920,176,64416,,228,3,270,501,,,,,,,,,,,,,,,,,,,12548977,22871632,2311883,1658682,1597160,12548977,1125198,69659,7636755,,6964846,713653,157745,83068,,19155327,695347,6344334,119435120,85592,13058694,1075778,,48818433,,2812363,2812363,70786123,,1452153,772995,,,5152570,7449781,41833409,,,20065432,61898841,69348622,1437501,1437501,70786123,12600272,14912155,,14912155,4467912,10444243,35420609,-24976366,26274369,1298003,1298003,3816301,,48518
1419081,345080,GREENS AT VIEWMONT,220 13TH AVE PL NW,HICKORY,NC,28601,CATAWBA,25860,U,2023-01-01,2023-12-31,4,,2050,22082,6181,30313,104,37960,,44,92,211,347,,47,240,87,,80,101,204,385,,2050,22082,6181,30313,104,37960,,44,92,211,347,,,,,,,,,,,,,,,,,,,3777363,6926377,1094920,1187324,547251,3777363,1059767,128972,,,1939174,,,49131,,2128849,,,,2553168,244242,,,2783093,,,69345,4981287,138383,238331,,,,172302,549016,,61764,,,3457035,4006051,975236,975236,4981287,10563711,11658631,,11658631,544569,11114062,10703740,410322,8548,418870,418870,1234314,,182373
1419082,345331,AHSNF - SARDIS OAKS,5151 SARDIS ROAD,CHARLOTTE,NC,27270,MECKLENBURG,16740,U,2023-01-01,2023-12-31,2,,1065,22791,8330,32186,124,45260,,21,70,82,173,,51,326,186,,96,48,31,175,,1065,22791,8330,32186,124,45260,,21,70,82,173,,,,,,,,,,,,,,,,,,,6437626,8605904,2478787,1730014,1206558,6437626,689090,450,,,725808,417702,,,,-2690394,782523,1295496,8857532,,957726,,,3870425,,,,1180031,-294798,,,,,-32822,-327620,,,,,,-327620,1507651,1507651,1180031,8595148,11073935,,11073935,2440866,8633069,15043530,-6410461,85050,-6325411,-6325411,661664,,37373
1419083,345378,PRUITTHEALTH - ROCKINGHAM  LLC,804 LONG DRIVE,ROCKINGHAM,NC,28379,RICHMOND,99934,R,2023-07-01,2024-06-30,6,,1386,20644,5875,27905,120,43920,,30,117,114,261,,46,176,107,,46,21,104,171,,1386,20644,5875,27905,120,43920,,30,117,114,261,,,,,,,,,,,,,,,,,,,3860373,5087706,1247350,1154161,453180,3860373,,58663,,,1597992,667442,,7170,,83854,,,,49502,537361,957489,,1087620,,20167,20167,1191641,225232,360011,24434,,,5899,615576,,,,,,615576,576065,576065,1191641,8459583,9706933,,9706933,268534,9438399,8948079,490320,4132,494452,494452,779289,,47426
1419084,345418,SWANNANOA VALLEY HEALTH AND REHABILI,1984 US-70 HWY,SWANNANOA,NC,28778-8212,BUNCOMBE,11700,U,2023-01-01,2023-12-31,4,,1286,28805,5227,35318,106,38690,,25,121,74,220,,51,238,161,,44,92,93,229,,1286,28805,5227,35318,106,38690,,25,121,74,220,,,,,,,,,,,,,,,,,,,1536969,10778608,629684,864144,217502,1536969,4781134,,,,900018,,,15811,,1009210,,,,33510,181084,10999,,205626,,52056,52056,1266892,1932621,46549,2307,,,-1464,2005039,,,,,,2005039,-738147,-738147,1266892,11051924,11899592,,11899592,239587,11660005,12315577,-655572,-1990,-657562,-657562,690309,,55316
1419087,345566,PRUITTHEALTH - UNION POINTE  LLC,3510 WEST HIGHWAY 74,MONROE,NC,28110,UNION,16740,U,2023-07-01,2024-06-30,6,,4391,12566,11276,28233,90,32940,,154,25,350,529,,29,503,53,,167,3,279,449,,4391,12566,11276,28233,90,32940,,154,25,350,529,,,,,,,,,,,,,,,,,,,4810539,7728689,2582014,2210917,540817,4810539,,58737,,,1649556,605466,,7227,,-9768302,,124929,,,189328,765856,,521520,,19126,19126,-9227656,86468,376386,33225,,,4763,500842,,,,,,500842,-9728498,-9728498,-9227656,9553357,12135371,,12135371,589268,11546103,12539228,-993125,85638,-907487,-907487,2670928,,54584
